<?xml version='1.0' encoding='UTF-8' standalone='yes' ?>
<gpx version="1.1" creator="OsmAnd 5.2.13" xmlns="http://www.topografix.com/GPX/1/1" xmlns:osmand="https://osmand.net/docs/technical/osmand-file-formats/osmand-gpx" xmlns:gpxtpx="https://www8.garmin.com/xmlschemas/TrackPointExtensionv1.xsd" xmlns:xsi="http://www.w3.org/2001/XMLSchema-instance" xsi:schemaLocation="http://www.topografix.com/GPX/1/1 https://www.topografix.com/GPX/1/1/gpx.xsd">
  <metadata>
    <name>2026-02-05_21-18_Thu</name>
    <time>2026-02-05T20:53:51Z</time>
  </metadata>
  <trk>
    <trkseg>
      <trkpt lat="48.8234413" lon="2.2886046">
        <ele>89</ele>
        <time>2026-02-05T20:18:14Z</time>
        <hdop>32</hdop>
        <extensions>
          <osmand:provider>gps</osmand:provider>
          <osmand:heading>76.0</osmand:heading>
          <osmand:speed>0.6</osmand:speed>
        </extensions>
      </trkpt>
      <trkpt lat="48.8236293" lon="2.2884048">
        <ele>110.7</ele>
        <time>2026-02-05T20:18:14Z</time>
        <hdop>23.3</hdop>
        <extensions>
          <osmand:provider>fused</osmand:provider>
          <osmand:heading>58.0</osmand:heading>
          <osmand:speed>1.4</osmand:speed>
        </extensions>
      </trkpt>
      <trkpt lat="48.8236647" lon="2.2883863">
        <ele>110.7</ele>
        <time>2026-02-05T20:18:15Z</time>
        <hdop>20.2</hdop>
        <extensions>
          <osmand:provider>fused</osmand:provider>
          <osmand:heading>56.0</osmand:heading>
          <osmand:speed>2.3</osmand:speed>
        </extensions>
      </trkpt>
      <trkpt lat="48.8236765" lon="2.2883494">
        <ele>110.7</ele>
        <time>2026-02-05T20:18:16Z</time>
        <hdop>17.8</hdop>
        <extensions>
          <osmand:provider>fused</osmand:provider>
          <osmand:heading>56.0</osmand:heading>
          <osmand:speed>3.1</osmand:speed>
        </extensions>
      </trkpt>
      <trkpt lat="48.8236989" lon="2.2883439">
        <ele>110.7</ele>
        <time>2026-02-05T20:18:17Z</time>
        <hdop>15.9</hdop>
        <extensions>
          <osmand:provider>fused</osmand:provider>
          <osmand:heading>55.0</osmand:heading>
          <osmand:speed>2.6</osmand:speed>
        </extensions>
      </trkpt>
      <trkpt lat="48.8237302" lon="2.2883166">
        <ele>110.7</ele>
        <time>2026-02-05T20:18:18Z</time>
        <hdop>14.7</hdop>
        <extensions>
          <osmand:provider>fused</osmand:provider>
          <osmand:heading>54.0</osmand:heading>
          <osmand:speed>2.4</osmand:speed>
        </extensions>
      </trkpt>
      <trkpt lat="48.823758" lon="2.2883041">
        <ele>110.7</ele>
        <time>2026-02-05T20:18:19Z</time>
        <hdop>14.2</hdop>
        <extensions>
          <osmand:provider>fused</osmand:provider>
          <osmand:heading>52.0</osmand:heading>
          <osmand:speed>2.7</osmand:speed>
        </extensions>
      </trkpt>
      <trkpt lat="48.8237809" lon="2.2882791">
        <ele>110.7</ele>
        <time>2026-02-05T20:18:20Z</time>
        <hdop>13.6</hdop>
        <extensions>
          <osmand:provider>fused</osmand:provider>
          <osmand:heading>50.0</osmand:heading>
          <osmand:speed>3</osmand:speed>
        </extensions>
      </trkpt>
      <trkpt lat="48.8237986" lon="2.2882752">
        <ele>110.7</ele>
        <time>2026-02-05T20:18:21Z</time>
        <hdop>12.8</hdop>
        <extensions>
          <osmand:provider>fused</osmand:provider>
          <osmand:heading>50.0</osmand:heading>
          <osmand:speed>3</osmand:speed>
        </extensions>
      </trkpt>
      <trkpt lat="48.8238003" lon="2.2882648">
        <ele>110.7</ele>
        <time>2026-02-05T20:18:22Z</time>
        <hdop>12.3</hdop>
        <extensions>
          <osmand:provider>fused</osmand:provider>
          <osmand:heading>48.0</osmand:heading>
          <osmand:speed>2.4</osmand:speed>
        </extensions>
      </trkpt>
      <trkpt lat="48.8238032" lon="2.288263">
        <ele>110.8</ele>
        <time>2026-02-05T20:18:23Z</time>
        <hdop>12</hdop>
        <extensions>
          <osmand:provider>fused</osmand:provider>
          <osmand:heading>47.0</osmand:heading>
          <osmand:speed>1.8</osmand:speed>
        </extensions>
      </trkpt>
      <trkpt lat="48.8238077" lon="2.2882509">
        <ele>110.8</ele>
        <time>2026-02-05T20:18:24Z</time>
        <hdop>11.7</hdop>
        <extensions>
          <osmand:provider>fused</osmand:provider>
          <osmand:heading>50.0</osmand:heading>
          <osmand:speed>1.8</osmand:speed>
        </extensions>
      </trkpt>
      <trkpt lat="48.8238086" lon="2.2882344">
        <ele>110.8</ele>
        <time>2026-02-05T20:18:25Z</time>
        <hdop>11.2</hdop>
        <extensions>
          <osmand:provider>fused</osmand:provider>
          <osmand:heading>92.0</osmand:heading>
          <osmand:speed>1.8</osmand:speed>
        </extensions>
      </trkpt>
      <trkpt lat="48.8237932" lon="2.288227">
        <ele>110.8</ele>
        <time>2026-02-05T20:18:26Z</time>
        <hdop>11</hdop>
        <extensions>
          <osmand:provider>fused</osmand:provider>
          <osmand:heading>195.0</osmand:heading>
          <osmand:speed>1.7</osmand:speed>
        </extensions>
      </trkpt>
      <trkpt lat="48.82377" lon="2.2882337">
        <ele>110.8</ele>
        <time>2026-02-05T20:18:27Z</time>
        <hdop>10.8</hdop>
        <extensions>
          <osmand:provider>fused</osmand:provider>
          <osmand:heading>290.0</osmand:heading>
          <osmand:speed>1.7</osmand:speed>
        </extensions>
      </trkpt>
      <trkpt lat="48.8237533" lon="2.2882357">
        <ele>110.8</ele>
        <time>2026-02-05T20:18:28Z</time>
        <hdop>10.5</hdop>
        <extensions>
          <osmand:provider>fused</osmand:provider>
          <osmand:heading>294.0</osmand:heading>
          <osmand:speed>1</osmand:speed>
        </extensions>
      </trkpt>
      <trkpt lat="48.8237407" lon="2.2882312">
        <ele>110.8</ele>
        <time>2026-02-05T20:18:29Z</time>
        <hdop>10.3</hdop>
        <extensions>
          <osmand:provider>fused</osmand:provider>
          <osmand:heading>264.0</osmand:heading>
          <osmand:speed>0.9</osmand:speed>
        </extensions>
      </trkpt>
      <trkpt lat="48.8237319" lon="2.2882247">
        <ele>110.8</ele>
        <time>2026-02-05T20:18:30Z</time>
        <hdop>10.2</hdop>
        <extensions>
          <osmand:provider>fused</osmand:provider>
          <osmand:heading>192.0</osmand:heading>
          <osmand:speed>0.4</osmand:speed>
        </extensions>
      </trkpt>
      <trkpt lat="48.8237174" lon="2.2882293">
        <ele>110.8</ele>
        <time>2026-02-05T20:18:31Z</time>
        <hdop>9.9</hdop>
        <extensions>
          <osmand:provider>fused</osmand:provider>
          <osmand:heading>152.0</osmand:heading>
          <osmand:speed>0.6</osmand:speed>
        </extensions>
      </trkpt>
      <trkpt lat="48.8237161" lon="2.2882337">
        <ele>110.8</ele>
        <time>2026-02-05T20:18:32Z</time>
        <hdop>9.8</hdop>
        <extensions>
          <osmand:provider>fused</osmand:provider>
          <osmand:heading>140.0</osmand:heading>
          <osmand:speed>0.2</osmand:speed>
        </extensions>
      </trkpt>
      <trkpt lat="48.8237082" lon="2.2882331">
        <ele>110.8</ele>
        <time>2026-02-05T20:18:33Z</time>
        <hdop>9.6</hdop>
        <extensions>
          <osmand:provider>fused</osmand:provider>
          <osmand:heading>136.0</osmand:heading>
          <osmand:speed>1</osmand:speed>
        </extensions>
      </trkpt>
      <trkpt lat="48.82371" lon="2.2882177">
        <ele>110.8</ele>
        <time>2026-02-05T20:18:34Z</time>
        <hdop>9.3</hdop>
        <extensions>
          <osmand:provider>fused</osmand:provider>
          <osmand:heading>134.0</osmand:heading>
          <osmand:speed>1.7</osmand:speed>
        </extensions>
      </trkpt>
      <trkpt lat="48.8237122" lon="2.2882042">
        <ele>110.8</ele>
        <time>2026-02-05T20:18:35Z</time>
        <hdop>9.1</hdop>
        <extensions>
          <osmand:provider>fused</osmand:provider>
          <osmand:heading>133.0</osmand:heading>
          <osmand:speed>1.5</osmand:speed>
        </extensions>
      </trkpt>
      <trkpt lat="48.8237156" lon="2.2881853">
        <ele>110.8</ele>
        <time>2026-02-05T20:18:36Z</time>
        <hdop>9</hdop>
        <extensions>
          <osmand:provider>fused</osmand:provider>
          <osmand:heading>133.0</osmand:heading>
          <osmand:speed>1.1</osmand:speed>
        </extensions>
      </trkpt>
      <trkpt lat="48.8237202" lon="2.2881739">
        <ele>110.8</ele>
        <time>2026-02-05T20:18:37Z</time>
        <hdop>8.8</hdop>
        <extensions>
          <osmand:provider>fused</osmand:provider>
          <osmand:heading>133.0</osmand:heading>
          <osmand:speed>0.9</osmand:speed>
        </extensions>
      </trkpt>
      <trkpt lat="48.8237143" lon="2.2881823">
        <ele>110.8</ele>
        <time>2026-02-05T20:18:38Z</time>
        <hdop>8.7</hdop>
        <extensions>
          <osmand:provider>fused</osmand:provider>
          <osmand:heading>132.0</osmand:heading>
          <osmand:speed>0</osmand:speed>
        </extensions>
      </trkpt>
      <trkpt lat="48.823711" lon="2.2881786">
        <ele>110.8</ele>
        <time>2026-02-05T20:18:39Z</time>
        <hdop>8.8</hdop>
        <extensions>
          <osmand:provider>fused</osmand:provider>
          <osmand:heading>132.0</osmand:heading>
        </extensions>
      </trkpt>
      <trkpt lat="48.8237071" lon="2.2881769">
        <ele>110.8</ele>
        <time>2026-02-05T20:18:40Z</time>
        <hdop>8.5</hdop>
        <extensions>
          <osmand:provider>fused</osmand:provider>
          <osmand:heading>132.0</osmand:heading>
        </extensions>
      </trkpt>
      <trkpt lat="48.8237037" lon="2.2881739">
        <ele>110.8</ele>
        <time>2026-02-05T20:18:41Z</time>
        <hdop>8.6</hdop>
        <extensions>
          <osmand:provider>fused</osmand:provider>
          <osmand:heading>132.0</osmand:heading>
        </extensions>
      </trkpt>
      <trkpt lat="48.8237014" lon="2.2881698">
        <ele>110.8</ele>
        <time>2026-02-05T20:18:42Z</time>
        <hdop>8.6</hdop>
        <extensions>
          <osmand:provider>fused</osmand:provider>
          <osmand:heading>132.0</osmand:heading>
        </extensions>
      </trkpt>
      <trkpt lat="48.8237003" lon="2.2881716">
        <ele>110.7</ele>
        <time>2026-02-05T20:18:43Z</time>
        <hdop>8.4</hdop>
        <extensions>
          <osmand:provider>fused</osmand:provider>
          <osmand:heading>132.0</osmand:heading>
        </extensions>
      </trkpt>
      <trkpt lat="48.8237035" lon="2.2881649">
        <ele>110.7</ele>
        <time>2026-02-05T20:18:44Z</time>
        <hdop>8</hdop>
        <extensions>
          <osmand:provider>fused</osmand:provider>
          <osmand:heading>132.0</osmand:heading>
          <osmand:speed>0</osmand:speed>
        </extensions>
      </trkpt>
      <trkpt lat="48.8236985" lon="2.2881721">
        <ele>110.7</ele>
        <time>2026-02-05T20:18:45Z</time>
        <hdop>7.8</hdop>
        <extensions>
          <osmand:provider>fused</osmand:provider>
          <osmand:heading>132.0</osmand:heading>
        </extensions>
      </trkpt>
      <trkpt lat="48.8236935" lon="2.2881648">
        <ele>110.7</ele>
        <time>2026-02-05T20:18:46Z</time>
        <hdop>7.7</hdop>
        <extensions>
          <osmand:provider>fused</osmand:provider>
          <osmand:heading>132.0</osmand:heading>
        </extensions>
      </trkpt>
      <trkpt lat="48.8236918" lon="2.2881623">
        <ele>110.7</ele>
        <time>2026-02-05T20:18:47Z</time>
        <hdop>7.6</hdop>
        <extensions>
          <osmand:provider>fused</osmand:provider>
          <osmand:heading>132.0</osmand:heading>
          <osmand:speed>0.1</osmand:speed>
        </extensions>
      </trkpt>
      <trkpt lat="48.8236964" lon="2.288151">
        <ele>110.7</ele>
        <time>2026-02-05T20:18:48Z</time>
        <hdop>7.5</hdop>
        <extensions>
          <osmand:provider>fused</osmand:provider>
          <osmand:heading>132.0</osmand:heading>
          <osmand:speed>0.4</osmand:speed>
        </extensions>
      </trkpt>
      <trkpt lat="48.8237005" lon="2.2881402">
        <ele>110.7</ele>
        <time>2026-02-05T20:18:49Z</time>
        <hdop>7.4</hdop>
        <extensions>
          <osmand:provider>fused</osmand:provider>
          <osmand:heading>97.0</osmand:heading>
          <osmand:speed>1.2</osmand:speed>
        </extensions>
      </trkpt>
      <trkpt lat="48.8237089" lon="2.2881135">
        <ele>110.7</ele>
        <time>2026-02-05T20:18:50Z</time>
        <hdop>7.5</hdop>
        <extensions>
          <osmand:provider>fused</osmand:provider>
          <osmand:heading>74.0</osmand:heading>
          <osmand:speed>1.2</osmand:speed>
        </extensions>
      </trkpt>
      <trkpt lat="48.8237136" lon="2.2880996">
        <ele>110.7</ele>
        <time>2026-02-05T20:18:51Z</time>
        <hdop>7.4</hdop>
        <extensions>
          <osmand:provider>fused</osmand:provider>
          <osmand:heading>75.0</osmand:heading>
          <osmand:speed>1.1</osmand:speed>
        </extensions>
      </trkpt>
      <trkpt lat="48.8237163" lon="2.2880975">
        <ele>110.7</ele>
        <time>2026-02-05T20:18:52Z</time>
        <hdop>7.3</hdop>
        <extensions>
          <osmand:provider>fused</osmand:provider>
          <osmand:heading>106.0</osmand:heading>
          <osmand:speed>0.3</osmand:speed>
        </extensions>
      </trkpt>
      <trkpt lat="48.8237074" lon="2.2880982">
        <ele>110.7</ele>
        <time>2026-02-05T20:18:53Z</time>
        <hdop>7.2</hdop>
        <extensions>
          <osmand:provider>fused</osmand:provider>
          <osmand:heading>326.0</osmand:heading>
          <osmand:speed>0.5</osmand:speed>
        </extensions>
      </trkpt>
      <trkpt lat="48.8237099" lon="2.2880877">
        <ele>110.7</ele>
        <time>2026-02-05T20:18:54Z</time>
        <hdop>7.4</hdop>
        <extensions>
          <osmand:provider>fused</osmand:provider>
          <osmand:heading>320.0</osmand:heading>
          <osmand:speed>0.8</osmand:speed>
        </extensions>
      </trkpt>
      <trkpt lat="48.8237117" lon="2.2880975">
        <ele>110.7</ele>
        <time>2026-02-05T20:18:55Z</time>
        <hdop>7.5</hdop>
        <extensions>
          <osmand:provider>fused</osmand:provider>
          <osmand:heading>319.0</osmand:heading>
          <osmand:speed>0.3</osmand:speed>
        </extensions>
      </trkpt>
      <trkpt lat="48.8237112" lon="2.288098">
        <ele>110.7</ele>
        <time>2026-02-05T20:18:56Z</time>
        <hdop>7.8</hdop>
        <extensions>
          <osmand:provider>fused</osmand:provider>
          <osmand:heading>319.0</osmand:heading>
          <osmand:speed>0.1</osmand:speed>
        </extensions>
      </trkpt>
      <trkpt lat="48.8237107" lon="2.2881011">
        <ele>110.7</ele>
        <time>2026-02-05T20:18:57Z</time>
        <hdop>7.9</hdop>
        <extensions>
          <osmand:provider>fused</osmand:provider>
          <osmand:heading>318.0</osmand:heading>
          <osmand:speed>0.4</osmand:speed>
        </extensions>
      </trkpt>
      <trkpt lat="48.823702" lon="2.2881204">
        <ele>110.7</ele>
        <time>2026-02-05T20:18:58Z</time>
        <hdop>8</hdop>
        <extensions>
          <osmand:provider>fused</osmand:provider>
          <osmand:heading>318.0</osmand:heading>
          <osmand:speed>0.2</osmand:speed>
        </extensions>
      </trkpt>
      <trkpt lat="48.8237006" lon="2.2881395">
        <ele>110.8</ele>
        <time>2026-02-05T20:18:59Z</time>
        <hdop>7.9</hdop>
        <extensions>
          <osmand:provider>fused</osmand:provider>
          <osmand:heading>318.0</osmand:heading>
          <osmand:speed>0.6</osmand:speed>
        </extensions>
      </trkpt>
      <trkpt lat="48.8236959" lon="2.2881656">
        <ele>110.8</ele>
        <time>2026-02-05T20:19:00Z</time>
        <hdop>7.8</hdop>
        <extensions>
          <osmand:provider>fused</osmand:provider>
          <osmand:heading>318.0</osmand:heading>
          <osmand:speed>0.9</osmand:speed>
        </extensions>
      </trkpt>
      <trkpt lat="48.8236905" lon="2.2881716">
        <ele>110.8</ele>
        <time>2026-02-05T20:19:01Z</time>
        <hdop>7.7</hdop>
        <extensions>
          <osmand:provider>fused</osmand:provider>
          <osmand:heading>318.0</osmand:heading>
          <osmand:speed>0</osmand:speed>
        </extensions>
      </trkpt>
      <trkpt lat="48.8236872" lon="2.2881699">
        <ele>110.8</ele>
        <time>2026-02-05T20:19:02Z</time>
        <hdop>7.3</hdop>
        <extensions>
          <osmand:provider>fused</osmand:provider>
          <osmand:heading>318.0</osmand:heading>
          <osmand:speed>0</osmand:speed>
        </extensions>
      </trkpt>
      <trkpt lat="48.8236854" lon="2.2881711">
        <ele>110.8</ele>
        <time>2026-02-05T20:19:03Z</time>
        <hdop>7.1</hdop>
        <extensions>
          <osmand:provider>fused</osmand:provider>
          <osmand:heading>318.0</osmand:heading>
        </extensions>
      </trkpt>
      <trkpt lat="48.8236811" lon="2.2881783">
        <ele>110.8</ele>
        <time>2026-02-05T20:19:04Z</time>
        <hdop>6.7</hdop>
        <extensions>
          <osmand:provider>fused</osmand:provider>
          <osmand:heading>317.0</osmand:heading>
          <osmand:speed>0</osmand:speed>
        </extensions>
      </trkpt>
      <trkpt lat="48.823678" lon="2.2881783">
        <ele>110.7</ele>
        <time>2026-02-05T20:19:05Z</time>
        <hdop>6.6</hdop>
        <extensions>
          <osmand:provider>fused</osmand:provider>
          <osmand:heading>317.0</osmand:heading>
        </extensions>
      </trkpt>
      <trkpt lat="48.8236711" lon="2.2881862">
        <ele>110.7</ele>
        <time>2026-02-05T20:19:06Z</time>
        <hdop>6.2</hdop>
        <extensions>
          <osmand:provider>fused</osmand:provider>
          <osmand:heading>317.0</osmand:heading>
          <osmand:speed>0</osmand:speed>
        </extensions>
      </trkpt>
      <trkpt lat="48.8236683" lon="2.2881891">
        <ele>110.7</ele>
        <time>2026-02-05T20:19:07Z</time>
        <hdop>6.1</hdop>
        <extensions>
          <osmand:provider>fused</osmand:provider>
          <osmand:heading>317.0</osmand:heading>
          <osmand:speed>0</osmand:speed>
        </extensions>
      </trkpt>
      <trkpt lat="48.8236657" lon="2.2881899">
        <ele>110.7</ele>
        <time>2026-02-05T20:19:08Z</time>
        <hdop>5.9</hdop>
        <extensions>
          <osmand:provider>fused</osmand:provider>
          <osmand:heading>317.0</osmand:heading>
        </extensions>
      </trkpt>
      <trkpt lat="48.8236604" lon="2.2882017">
        <ele>110.7</ele>
        <time>2026-02-05T20:19:09Z</time>
        <hdop>5.7</hdop>
        <extensions>
          <osmand:provider>fused</osmand:provider>
          <osmand:heading>317.0</osmand:heading>
          <osmand:speed>0</osmand:speed>
        </extensions>
      </trkpt>
      <trkpt lat="48.8236603" lon="2.2882017">
        <ele>110.7</ele>
        <time>2026-02-05T20:19:10Z</time>
        <hdop>5.6</hdop>
        <extensions>
          <osmand:provider>fused</osmand:provider>
          <osmand:heading>317.0</osmand:heading>
        </extensions>
      </trkpt>
      <trkpt lat="48.8236602" lon="2.2882016">
        <ele>110.7</ele>
        <time>2026-02-05T20:19:11Z</time>
        <hdop>5.6</hdop>
        <extensions>
          <osmand:provider>fused</osmand:provider>
          <osmand:heading>317.0</osmand:heading>
        </extensions>
      </trkpt>
      <trkpt lat="48.823655" lon="2.2882027">
        <ele>110.7</ele>
        <time>2026-02-05T20:19:12Z</time>
        <hdop>5.5</hdop>
        <extensions>
          <osmand:provider>fused</osmand:provider>
          <osmand:heading>317.0</osmand:heading>
          <osmand:speed>0</osmand:speed>
        </extensions>
      </trkpt>
      <trkpt lat="48.823655" lon="2.2882006">
        <ele>110.7</ele>
        <time>2026-02-05T20:19:13Z</time>
        <hdop>5.4</hdop>
        <extensions>
          <osmand:provider>fused</osmand:provider>
          <osmand:heading>317.0</osmand:heading>
          <osmand:speed>0</osmand:speed>
        </extensions>
      </trkpt>
      <trkpt lat="48.8236547" lon="2.2882008">
        <ele>110.7</ele>
        <time>2026-02-05T20:19:14Z</time>
        <hdop>5.4</hdop>
        <extensions>
          <osmand:provider>fused</osmand:provider>
          <osmand:heading>317.0</osmand:heading>
        </extensions>
      </trkpt>
      <trkpt lat="48.8236579" lon="2.2881979">
        <ele>110.7</ele>
        <time>2026-02-05T20:19:15Z</time>
        <hdop>5.3</hdop>
        <extensions>
          <osmand:provider>fused</osmand:provider>
          <osmand:heading>317.0</osmand:heading>
          <osmand:speed>0</osmand:speed>
        </extensions>
      </trkpt>
      <trkpt lat="48.8236534" lon="2.2882053">
        <ele>110.7</ele>
        <time>2026-02-05T20:19:16Z</time>
        <hdop>5.2</hdop>
        <extensions>
          <osmand:provider>fused</osmand:provider>
          <osmand:heading>317.0</osmand:heading>
          <osmand:speed>0</osmand:speed>
        </extensions>
      </trkpt>
      <trkpt lat="48.8236462" lon="2.2882109">
        <ele>110.7</ele>
        <time>2026-02-05T20:19:17Z</time>
        <hdop>5.2</hdop>
        <extensions>
          <osmand:provider>fused</osmand:provider>
          <osmand:heading>318.0</osmand:heading>
          <osmand:speed>0.2</osmand:speed>
        </extensions>
      </trkpt>
      <trkpt lat="48.8236398" lon="2.288226">
        <ele>110.7</ele>
        <time>2026-02-05T20:19:18Z</time>
        <hdop>5</hdop>
        <extensions>
          <osmand:provider>fused</osmand:provider>
          <osmand:heading>319.0</osmand:heading>
          <osmand:speed>0.1</osmand:speed>
        </extensions>
      </trkpt>
      <trkpt lat="48.823635" lon="2.2882258">
        <ele>110.7</ele>
        <time>2026-02-05T20:19:19Z</time>
        <hdop>4.9</hdop>
        <extensions>
          <osmand:provider>fused</osmand:provider>
          <osmand:heading>314.0</osmand:heading>
          <osmand:speed>0.2</osmand:speed>
        </extensions>
      </trkpt>
      <trkpt lat="48.8236283" lon="2.2882218">
        <ele>110.7</ele>
        <time>2026-02-05T20:19:20Z</time>
        <hdop>4.8</hdop>
        <extensions>
          <osmand:provider>fused</osmand:provider>
          <osmand:heading>311.0</osmand:heading>
          <osmand:speed>0.1</osmand:speed>
        </extensions>
      </trkpt>
      <trkpt lat="48.8236236" lon="2.2882204">
        <ele>110.7</ele>
        <time>2026-02-05T20:19:21Z</time>
        <hdop>4.7</hdop>
        <extensions>
          <osmand:provider>fused</osmand:provider>
          <osmand:heading>308.0</osmand:heading>
          <osmand:speed>0.1</osmand:speed>
        </extensions>
      </trkpt>
      <trkpt lat="48.8236219" lon="2.2882198">
        <ele>110.7</ele>
        <time>2026-02-05T20:19:22Z</time>
        <hdop>4.7</hdop>
        <extensions>
          <osmand:provider>fused</osmand:provider>
          <osmand:heading>307.0</osmand:heading>
          <osmand:speed>0.1</osmand:speed>
        </extensions>
      </trkpt>
      <trkpt lat="48.8236205" lon="2.2882183">
        <ele>110.7</ele>
        <time>2026-02-05T20:19:23Z</time>
        <hdop>4.6</hdop>
        <extensions>
          <osmand:provider>fused</osmand:provider>
          <osmand:heading>306.0</osmand:heading>
          <osmand:speed>0</osmand:speed>
        </extensions>
      </trkpt>
      <trkpt lat="48.8236212" lon="2.2882178">
        <ele>110.7</ele>
        <time>2026-02-05T20:19:24Z</time>
        <hdop>4.5</hdop>
        <extensions>
          <osmand:provider>fused</osmand:provider>
          <osmand:heading>306.0</osmand:heading>
          <osmand:speed>0.1</osmand:speed>
        </extensions>
      </trkpt>
      <trkpt lat="48.8236185" lon="2.2882187">
        <ele>110.7</ele>
        <time>2026-02-05T20:19:25Z</time>
        <hdop>4.6</hdop>
        <extensions>
          <osmand:provider>fused</osmand:provider>
          <osmand:heading>306.0</osmand:heading>
          <osmand:speed>0.1</osmand:speed>
        </extensions>
      </trkpt>
      <trkpt lat="48.8236209" lon="2.2882214">
        <ele>110.7</ele>
        <time>2026-02-05T20:19:26Z</time>
        <hdop>4.6</hdop>
        <extensions>
          <osmand:provider>fused</osmand:provider>
          <osmand:heading>306.0</osmand:heading>
          <osmand:speed>0.2</osmand:speed>
        </extensions>
      </trkpt>
      <trkpt lat="48.8236219" lon="2.2882267">
        <ele>110.8</ele>
        <time>2026-02-05T20:19:27Z</time>
        <hdop>4.6</hdop>
        <extensions>
          <osmand:provider>fused</osmand:provider>
          <osmand:heading>306.0</osmand:heading>
          <osmand:speed>0.7</osmand:speed>
        </extensions>
      </trkpt>
      <trkpt lat="48.8236178" lon="2.2882351">
        <ele>110.8</ele>
        <time>2026-02-05T20:19:28Z</time>
        <hdop>4.6</hdop>
        <extensions>
          <osmand:provider>fused</osmand:provider>
          <osmand:heading>310.0</osmand:heading>
          <osmand:speed>0.5</osmand:speed>
        </extensions>
      </trkpt>
      <trkpt lat="48.8236131" lon="2.2882372">
        <ele>110.8</ele>
        <time>2026-02-05T20:19:29Z</time>
        <hdop>4.6</hdop>
        <extensions>
          <osmand:provider>fused</osmand:provider>
          <osmand:heading>333.0</osmand:heading>
          <osmand:speed>0.4</osmand:speed>
        </extensions>
      </trkpt>
      <trkpt lat="48.8236024" lon="2.2882529">
        <ele>110.8</ele>
        <time>2026-02-05T20:19:30Z</time>
        <hdop>4.5</hdop>
        <extensions>
          <osmand:provider>fused</osmand:provider>
          <osmand:heading>320.0</osmand:heading>
          <osmand:speed>0.4</osmand:speed>
        </extensions>
      </trkpt>
      <trkpt lat="48.8235978" lon="2.288261">
        <ele>110.8</ele>
        <time>2026-02-05T20:19:31Z</time>
        <hdop>4.4</hdop>
        <extensions>
          <osmand:provider>fused</osmand:provider>
          <osmand:heading>318.0</osmand:heading>
          <osmand:speed>0.3</osmand:speed>
        </extensions>
      </trkpt>
      <trkpt lat="48.8235927" lon="2.2882795">
        <ele>110.8</ele>
        <time>2026-02-05T20:19:32Z</time>
        <hdop>4.2</hdop>
        <extensions>
          <osmand:provider>fused</osmand:provider>
          <osmand:heading>345.0</osmand:heading>
          <osmand:speed>0.3</osmand:speed>
        </extensions>
      </trkpt>
      <trkpt lat="48.8235808" lon="2.2882998">
        <ele>110.8</ele>
        <time>2026-02-05T20:19:33Z</time>
        <hdop>4.1</hdop>
        <extensions>
          <osmand:provider>fused</osmand:provider>
          <osmand:heading>356.0</osmand:heading>
          <osmand:speed>0.7</osmand:speed>
        </extensions>
      </trkpt>
      <trkpt lat="48.8235757" lon="2.2883047">
        <ele>110.8</ele>
        <time>2026-02-05T20:19:34Z</time>
        <hdop>3.8</hdop>
        <extensions>
          <osmand:provider>fused</osmand:provider>
          <osmand:heading>27.0</osmand:heading>
          <osmand:speed>0.5</osmand:speed>
        </extensions>
      </trkpt>
      <trkpt lat="48.8235722" lon="2.2883006">
        <ele>110.8</ele>
        <time>2026-02-05T20:19:35Z</time>
        <hdop>3.6</hdop>
        <extensions>
          <osmand:provider>fused</osmand:provider>
          <osmand:heading>43.0</osmand:heading>
          <osmand:speed>0.5</osmand:speed>
        </extensions>
      </trkpt>
      <trkpt lat="48.8235671" lon="2.2882985">
        <ele>110.8</ele>
        <time>2026-02-05T20:19:36Z</time>
        <hdop>3.5</hdop>
        <extensions>
          <osmand:provider>fused</osmand:provider>
          <osmand:heading>55.0</osmand:heading>
          <osmand:speed>0.5</osmand:speed>
        </extensions>
      </trkpt>
      <trkpt lat="48.8235688" lon="2.2883073">
        <ele>110.8</ele>
        <time>2026-02-05T20:19:37Z</time>
        <hdop>3.2</hdop>
        <extensions>
          <osmand:provider>fused</osmand:provider>
          <osmand:heading>95.0</osmand:heading>
          <osmand:speed>0.2</osmand:speed>
        </extensions>
      </trkpt>
      <trkpt lat="48.8235639" lon="2.288298">
        <ele>110.8</ele>
        <time>2026-02-05T20:19:38Z</time>
        <hdop>3.1</hdop>
        <extensions>
          <osmand:provider>fused</osmand:provider>
          <osmand:heading>302.0</osmand:heading>
          <osmand:speed>0.3</osmand:speed>
        </extensions>
      </trkpt>
      <trkpt lat="48.8235575" lon="2.288293">
        <ele>110.8</ele>
        <time>2026-02-05T20:19:39Z</time>
        <hdop>2.9</hdop>
        <extensions>
          <osmand:provider>fused</osmand:provider>
          <osmand:heading>303.0</osmand:heading>
          <osmand:speed>0.1</osmand:speed>
        </extensions>
      </trkpt>
      <trkpt lat="48.8235537" lon="2.288293">
        <ele>110.7</ele>
        <time>2026-02-05T20:19:40Z</time>
        <hdop>2.7</hdop>
        <extensions>
          <osmand:provider>fused</osmand:provider>
          <osmand:heading>319.0</osmand:heading>
          <osmand:speed>0.2</osmand:speed>
        </extensions>
      </trkpt>
      <trkpt lat="48.8235497" lon="2.2883007">
        <ele>110.7</ele>
        <time>2026-02-05T20:19:41Z</time>
        <hdop>2.4</hdop>
        <extensions>
          <osmand:provider>fused</osmand:provider>
          <osmand:heading>348.0</osmand:heading>
          <osmand:speed>0.3</osmand:speed>
        </extensions>
      </trkpt>
      <trkpt lat="48.8235487" lon="2.2882865">
        <ele>110.7</ele>
        <time>2026-02-05T20:19:42Z</time>
        <hdop>2.2</hdop>
        <extensions>
          <osmand:provider>fused</osmand:provider>
          <osmand:heading>21.0</osmand:heading>
          <osmand:speed>0.3</osmand:speed>
        </extensions>
      </trkpt>
      <trkpt lat="48.8235446" lon="2.2882789">
        <ele>110.7</ele>
        <time>2026-02-05T20:19:43Z</time>
        <hdop>2.2</hdop>
        <extensions>
          <osmand:provider>fused</osmand:provider>
          <osmand:heading>41.0</osmand:heading>
          <osmand:speed>0.5</osmand:speed>
        </extensions>
      </trkpt>
      <trkpt lat="48.8235395" lon="2.2882678">
        <ele>110.7</ele>
        <time>2026-02-05T20:19:44Z</time>
        <hdop>2.1</hdop>
        <extensions>
          <osmand:provider>fused</osmand:provider>
          <osmand:heading>63.0</osmand:heading>
          <osmand:speed>0.7</osmand:speed>
        </extensions>
      </trkpt>
      <trkpt lat="48.8235366" lon="2.2882555">
        <ele>110.7</ele>
        <time>2026-02-05T20:19:45Z</time>
        <hdop>2.1</hdop>
        <extensions>
          <osmand:provider>fused</osmand:provider>
          <osmand:heading>59.0</osmand:heading>
          <osmand:speed>0.9</osmand:speed>
        </extensions>
      </trkpt>
      <trkpt lat="48.8235309" lon="2.2882381">
        <ele>110.7</ele>
        <time>2026-02-05T20:19:46Z</time>
        <hdop>2.1</hdop>
        <extensions>
          <osmand:provider>fused</osmand:provider>
          <osmand:heading>49.0</osmand:heading>
          <osmand:speed>0.6</osmand:speed>
        </extensions>
      </trkpt>
      <trkpt lat="48.8235254" lon="2.2882229">
        <ele>110.7</ele>
        <time>2026-02-05T20:19:47Z</time>
        <hdop>2.2</hdop>
        <extensions>
          <osmand:provider>fused</osmand:provider>
          <osmand:heading>50.0</osmand:heading>
          <osmand:speed>1.2</osmand:speed>
        </extensions>
      </trkpt>
      <trkpt lat="48.8235213" lon="2.2882086">
        <ele>110.7</ele>
        <time>2026-02-05T20:19:48Z</time>
        <hdop>2.2</hdop>
        <extensions>
          <osmand:provider>fused</osmand:provider>
          <osmand:heading>45.0</osmand:heading>
          <osmand:speed>1.2</osmand:speed>
        </extensions>
      </trkpt>
      <trkpt lat="48.8235152" lon="2.2881953">
        <ele>110.7</ele>
        <time>2026-02-05T20:19:49Z</time>
        <hdop>2.2</hdop>
        <extensions>
          <osmand:provider>fused</osmand:provider>
          <osmand:heading>39.0</osmand:heading>
          <osmand:speed>0.8</osmand:speed>
        </extensions>
      </trkpt>
      <trkpt lat="48.8235105" lon="2.2881834">
        <ele>110.7</ele>
        <time>2026-02-05T20:19:50Z</time>
        <hdop>2.3</hdop>
        <extensions>
          <osmand:provider>fused</osmand:provider>
          <osmand:heading>32.0</osmand:heading>
          <osmand:speed>0.8</osmand:speed>
        </extensions>
      </trkpt>
      <trkpt lat="48.8235082" lon="2.288171">
        <ele>110.7</ele>
        <time>2026-02-05T20:19:51Z</time>
        <hdop>2.4</hdop>
        <extensions>
          <osmand:provider>fused</osmand:provider>
          <osmand:heading>34.0</osmand:heading>
          <osmand:speed>0.5</osmand:speed>
        </extensions>
      </trkpt>
      <trkpt lat="48.8235076" lon="2.2881722">
        <ele>110.7</ele>
        <time>2026-02-05T20:19:52Z</time>
        <hdop>2.4</hdop>
        <extensions>
          <osmand:provider>fused</osmand:provider>
          <osmand:heading>27.0</osmand:heading>
          <osmand:speed>0.5</osmand:speed>
        </extensions>
      </trkpt>
      <trkpt lat="48.8235022" lon="2.2881713">
        <ele>110.8</ele>
        <time>2026-02-05T20:19:53Z</time>
        <hdop>2.5</hdop>
        <extensions>
          <osmand:provider>fused</osmand:provider>
          <osmand:heading>26.0</osmand:heading>
          <osmand:speed>0.5</osmand:speed>
        </extensions>
      </trkpt>
      <trkpt lat="48.8234932" lon="2.288169">
        <ele>110.8</ele>
        <time>2026-02-05T20:19:54Z</time>
        <hdop>2.7</hdop>
        <extensions>
          <osmand:provider>fused</osmand:provider>
          <osmand:heading>23.0</osmand:heading>
          <osmand:speed>0.6</osmand:speed>
        </extensions>
      </trkpt>
      <trkpt lat="48.823492" lon="2.288163">
        <ele>110.8</ele>
        <time>2026-02-05T20:19:55Z</time>
        <hdop>2.8</hdop>
        <extensions>
          <osmand:provider>fused</osmand:provider>
          <osmand:heading>39.0</osmand:heading>
          <osmand:speed>0.3</osmand:speed>
        </extensions>
      </trkpt>
      <trkpt lat="48.823486" lon="2.2881691">
        <ele>110.8</ele>
        <time>2026-02-05T20:19:56Z</time>
        <hdop>2.9</hdop>
        <extensions>
          <osmand:provider>fused</osmand:provider>
          <osmand:heading>51.0</osmand:heading>
          <osmand:speed>0.1</osmand:speed>
        </extensions>
      </trkpt>
      <trkpt lat="48.8234863" lon="2.2881673">
        <ele>110.8</ele>
        <time>2026-02-05T20:19:57Z</time>
        <hdop>3.1</hdop>
        <extensions>
          <osmand:provider>fused</osmand:provider>
          <osmand:heading>75.0</osmand:heading>
          <osmand:speed>0.1</osmand:speed>
        </extensions>
      </trkpt>
      <trkpt lat="48.8234868" lon="2.2881698">
        <ele>110.8</ele>
        <time>2026-02-05T20:19:58Z</time>
        <hdop>3.1</hdop>
        <extensions>
          <osmand:provider>fused</osmand:provider>
          <osmand:heading>85.0</osmand:heading>
          <osmand:speed>0</osmand:speed>
        </extensions>
      </trkpt>
      <trkpt lat="48.8234884" lon="2.2881708">
        <ele>110.7</ele>
        <time>2026-02-05T20:19:59Z</time>
        <hdop>3.1</hdop>
        <extensions>
          <osmand:provider>fused</osmand:provider>
          <osmand:heading>91.0</osmand:heading>
          <osmand:speed>0.1</osmand:speed>
        </extensions>
      </trkpt>
      <trkpt lat="48.8234924" lon="2.2881576">
        <ele>110.7</ele>
        <time>2026-02-05T20:20:00Z</time>
        <hdop>3.2</hdop>
        <extensions>
          <osmand:provider>fused</osmand:provider>
          <osmand:heading>93.0</osmand:heading>
          <osmand:speed>0.1</osmand:speed>
        </extensions>
      </trkpt>
      <trkpt lat="48.8234927" lon="2.2881573">
        <ele>110.7</ele>
        <time>2026-02-05T20:20:01Z</time>
        <hdop>3.3</hdop>
        <extensions>
          <osmand:provider>fused</osmand:provider>
          <osmand:heading>95.0</osmand:heading>
          <osmand:speed>0.1</osmand:speed>
        </extensions>
      </trkpt>
      <trkpt lat="48.8234926" lon="2.2881573">
        <ele>110.7</ele>
        <time>2026-02-05T20:20:02Z</time>
        <hdop>3.3</hdop>
        <extensions>
          <osmand:provider>fused</osmand:provider>
          <osmand:heading>96.0</osmand:heading>
          <osmand:speed>0.1</osmand:speed>
        </extensions>
      </trkpt>
      <trkpt lat="48.8234929" lon="2.2881588">
        <ele>110.7</ele>
        <time>2026-02-05T20:20:03Z</time>
        <hdop>3.4</hdop>
        <extensions>
          <osmand:provider>fused</osmand:provider>
          <osmand:heading>96.0</osmand:heading>
          <osmand:speed>0.1</osmand:speed>
        </extensions>
      </trkpt>
      <trkpt lat="48.8234935" lon="2.2881605">
        <ele>110.7</ele>
        <time>2026-02-05T20:20:04Z</time>
        <hdop>3.5</hdop>
        <extensions>
          <osmand:provider>fused</osmand:provider>
          <osmand:heading>96.0</osmand:heading>
          <osmand:speed>0.1</osmand:speed>
        </extensions>
      </trkpt>
      <trkpt lat="48.8234941" lon="2.2881617">
        <ele>110.8</ele>
        <time>2026-02-05T20:20:04Z</time>
        <hdop>3.5</hdop>
        <extensions>
          <osmand:provider>fused</osmand:provider>
          <osmand:heading>99.0</osmand:heading>
          <osmand:speed>0</osmand:speed>
        </extensions>
      </trkpt>
      <trkpt lat="48.8234946" lon="2.2881641">
        <ele>110.8</ele>
        <time>2026-02-05T20:20:04Z</time>
        <hdop>3.6</hdop>
        <extensions>
          <osmand:provider>fused</osmand:provider>
          <osmand:heading>110.0</osmand:heading>
          <osmand:speed>0.1</osmand:speed>
        </extensions>
      </trkpt>
      <trkpt lat="48.8234943" lon="2.2881648">
        <ele>110.8</ele>
        <time>2026-02-05T20:20:05Z</time>
        <hdop>3.6</hdop>
        <extensions>
          <osmand:provider>fused</osmand:provider>
          <osmand:heading>128.0</osmand:heading>
          <osmand:speed>0.1</osmand:speed>
        </extensions>
      </trkpt>
      <trkpt lat="48.8234954" lon="2.2881638">
        <ele>110.8</ele>
        <time>2026-02-05T20:20:05Z</time>
        <hdop>3.6</hdop>
        <extensions>
          <osmand:provider>fused</osmand:provider>
          <osmand:heading>147.0</osmand:heading>
          <osmand:speed>0.1</osmand:speed>
        </extensions>
      </trkpt>
      <trkpt lat="48.8234959" lon="2.2881639">
        <ele>110.8</ele>
        <time>2026-02-05T20:20:06Z</time>
        <hdop>3.6</hdop>
        <extensions>
          <osmand:provider>fused</osmand:provider>
          <osmand:heading>171.0</osmand:heading>
          <osmand:speed>0.1</osmand:speed>
        </extensions>
      </trkpt>
      <trkpt lat="48.8234969" lon="2.2881641">
        <ele>110.8</ele>
        <time>2026-02-05T20:20:07Z</time>
        <hdop>3.6</hdop>
        <extensions>
          <osmand:provider>fused</osmand:provider>
          <osmand:heading>198.0</osmand:heading>
          <osmand:speed>0.1</osmand:speed>
        </extensions>
      </trkpt>
      <trkpt lat="48.823497" lon="2.2881631">
        <ele>110.8</ele>
        <time>2026-02-05T20:20:07Z</time>
        <hdop>3.6</hdop>
        <extensions>
          <osmand:provider>fused</osmand:provider>
          <osmand:heading>216.0</osmand:heading>
          <osmand:speed>0.1</osmand:speed>
        </extensions>
      </trkpt>
      <trkpt lat="48.8234968" lon="2.2881638">
        <ele>110.8</ele>
        <time>2026-02-05T20:20:08Z</time>
        <hdop>3.6</hdop>
        <extensions>
          <osmand:provider>fused</osmand:provider>
          <osmand:heading>221.0</osmand:heading>
          <osmand:speed>0.1</osmand:speed>
        </extensions>
      </trkpt>
      <trkpt lat="48.8234968" lon="2.2881663">
        <ele>110.8</ele>
        <time>2026-02-05T20:20:09Z</time>
        <hdop>3.5</hdop>
        <extensions>
          <osmand:provider>fused</osmand:provider>
          <osmand:heading>230.0</osmand:heading>
          <osmand:speed>0.1</osmand:speed>
        </extensions>
      </trkpt>
      <trkpt lat="48.8234973" lon="2.2881698">
        <ele>110.8</ele>
        <time>2026-02-05T20:20:10Z</time>
        <hdop>3.4</hdop>
        <extensions>
          <osmand:provider>fused</osmand:provider>
          <osmand:heading>234.0</osmand:heading>
          <osmand:speed>0.1</osmand:speed>
        </extensions>
      </trkpt>
      <trkpt lat="48.8234971" lon="2.2881705">
        <ele>110.8</ele>
        <time>2026-02-05T20:20:10Z</time>
        <hdop>3.4</hdop>
        <extensions>
          <osmand:provider>fused</osmand:provider>
          <osmand:heading>235.0</osmand:heading>
          <osmand:speed>0.1</osmand:speed>
        </extensions>
      </trkpt>
      <trkpt lat="48.8234966" lon="2.2881733">
        <ele>110.8</ele>
        <time>2026-02-05T20:20:11Z</time>
        <hdop>3.2</hdop>
        <extensions>
          <osmand:provider>fused</osmand:provider>
          <osmand:heading>236.0</osmand:heading>
          <osmand:speed>0.1</osmand:speed>
        </extensions>
      </trkpt>
      <trkpt lat="48.8234961" lon="2.2881755">
        <ele>110.8</ele>
        <time>2026-02-05T20:20:12Z</time>
        <hdop>3.2</hdop>
        <extensions>
          <osmand:provider>fused</osmand:provider>
          <osmand:heading>237.0</osmand:heading>
          <osmand:speed>0.1</osmand:speed>
        </extensions>
      </trkpt>
      <trkpt lat="48.8234959" lon="2.2881782">
        <ele>110.8</ele>
        <time>2026-02-05T20:20:13Z</time>
        <hdop>3.1</hdop>
        <extensions>
          <osmand:provider>fused</osmand:provider>
          <osmand:heading>237.0</osmand:heading>
          <osmand:speed>0.1</osmand:speed>
        </extensions>
      </trkpt>
      <trkpt lat="48.8234954" lon="2.2881802">
        <ele>110.8</ele>
        <time>2026-02-05T20:20:14Z</time>
        <hdop>3</hdop>
        <extensions>
          <osmand:provider>fused</osmand:provider>
          <osmand:heading>238.0</osmand:heading>
          <osmand:speed>0.1</osmand:speed>
        </extensions>
      </trkpt>
      <trkpt lat="48.8234955" lon="2.2881819">
        <ele>110.8</ele>
        <time>2026-02-05T20:20:15Z</time>
        <hdop>3</hdop>
        <extensions>
          <osmand:provider>fused</osmand:provider>
          <osmand:heading>238.0</osmand:heading>
          <osmand:speed>0.1</osmand:speed>
        </extensions>
      </trkpt>
      <trkpt lat="48.8234953" lon="2.2881832">
        <ele>110.8</ele>
        <time>2026-02-05T20:20:16Z</time>
        <hdop>3</hdop>
        <extensions>
          <osmand:provider>fused</osmand:provider>
          <osmand:heading>238.0</osmand:heading>
          <osmand:speed>0</osmand:speed>
        </extensions>
      </trkpt>
      <trkpt lat="48.8234954" lon="2.2881833">
        <ele>110.8</ele>
        <time>2026-02-05T20:20:17Z</time>
        <hdop>3</hdop>
        <extensions>
          <osmand:provider>fused</osmand:provider>
          <osmand:heading>238.0</osmand:heading>
          <osmand:speed>0</osmand:speed>
        </extensions>
      </trkpt>
      <trkpt lat="48.8234913" lon="2.2881843">
        <ele>110.8</ele>
        <time>2026-02-05T20:20:18Z</time>
        <hdop>2.7</hdop>
        <extensions>
          <osmand:provider>fused</osmand:provider>
          <osmand:heading>238.0</osmand:heading>
          <osmand:speed>0</osmand:speed>
        </extensions>
      </trkpt>
      <trkpt lat="48.8234893" lon="2.2881845">
        <ele>110.8</ele>
        <time>2026-02-05T20:20:19Z</time>
        <hdop>2.5</hdop>
        <extensions>
          <osmand:provider>fused</osmand:provider>
          <osmand:heading>238.0</osmand:heading>
        </extensions>
      </trkpt>
      <trkpt lat="48.8234893" lon="2.2881845">
        <ele>110.8</ele>
        <time>2026-02-05T20:20:20Z</time>
        <hdop>2.1</hdop>
        <extensions>
          <osmand:provider>fused</osmand:provider>
          <osmand:heading>238.0</osmand:heading>
        </extensions>
      </trkpt>
      <trkpt lat="48.8234892" lon="2.2881845">
        <ele>110.8</ele>
        <time>2026-02-05T20:20:21Z</time>
        <hdop>1.8</hdop>
        <extensions>
          <osmand:provider>fused</osmand:provider>
          <osmand:heading>238.0</osmand:heading>
        </extensions>
      </trkpt>
      <trkpt lat="48.8234892" lon="2.2881845">
        <ele>110.8</ele>
        <time>2026-02-05T20:20:22Z</time>
        <hdop>1.5</hdop>
        <extensions>
          <osmand:provider>fused</osmand:provider>
          <osmand:heading>238.0</osmand:heading>
        </extensions>
      </trkpt>
      <trkpt lat="48.8234892" lon="2.2881845">
        <ele>110.8</ele>
        <time>2026-02-05T20:20:23Z</time>
        <hdop>1.5</hdop>
        <extensions>
          <osmand:provider>fused</osmand:provider>
          <osmand:heading>238.0</osmand:heading>
        </extensions>
      </trkpt>
      <trkpt lat="48.8234892" lon="2.2881845">
        <ele>110.8</ele>
        <time>2026-02-05T20:20:24Z</time>
        <hdop>1.5</hdop>
        <extensions>
          <osmand:provider>fused</osmand:provider>
          <osmand:heading>238.0</osmand:heading>
        </extensions>
      </trkpt>
      <trkpt lat="48.8234891" lon="2.2881845">
        <ele>110.8</ele>
        <time>2026-02-05T20:20:25Z</time>
        <hdop>1.5</hdop>
        <extensions>
          <osmand:provider>fused</osmand:provider>
          <osmand:heading>238.0</osmand:heading>
        </extensions>
      </trkpt>
      <trkpt lat="48.8234891" lon="2.2881845">
        <ele>110.8</ele>
        <time>2026-02-05T20:20:26Z</time>
        <hdop>1.5</hdop>
        <extensions>
          <osmand:provider>fused</osmand:provider>
          <osmand:heading>238.0</osmand:heading>
        </extensions>
      </trkpt>
      <trkpt lat="48.823489" lon="2.2881845">
        <ele>110.8</ele>
        <time>2026-02-05T20:20:27Z</time>
        <hdop>1.5</hdop>
        <extensions>
          <osmand:provider>fused</osmand:provider>
          <osmand:heading>238.0</osmand:heading>
        </extensions>
      </trkpt>
      <trkpt lat="48.823489" lon="2.2881845">
        <ele>110.8</ele>
        <time>2026-02-05T20:20:28Z</time>
        <hdop>1.5</hdop>
        <extensions>
          <osmand:provider>fused</osmand:provider>
          <osmand:heading>238.0</osmand:heading>
        </extensions>
      </trkpt>
      <trkpt lat="48.8234889" lon="2.2881845">
        <ele>110.8</ele>
        <time>2026-02-05T20:20:29Z</time>
        <hdop>1.5</hdop>
        <extensions>
          <osmand:provider>fused</osmand:provider>
          <osmand:heading>238.0</osmand:heading>
        </extensions>
      </trkpt>
      <trkpt lat="48.8234887" lon="2.2881845">
        <ele>110.8</ele>
        <time>2026-02-05T20:20:30Z</time>
        <hdop>1.5</hdop>
        <extensions>
          <osmand:provider>fused</osmand:provider>
          <osmand:heading>238.0</osmand:heading>
        </extensions>
      </trkpt>
      <trkpt lat="48.8234887" lon="2.2881845">
        <ele>110.7</ele>
        <time>2026-02-05T20:20:31Z</time>
        <hdop>1.5</hdop>
        <extensions>
          <osmand:provider>fused</osmand:provider>
          <osmand:heading>238.0</osmand:heading>
        </extensions>
      </trkpt>
      <trkpt lat="48.8234886" lon="2.2881844">
        <ele>110.7</ele>
        <time>2026-02-05T20:20:32Z</time>
        <hdop>1.5</hdop>
        <extensions>
          <osmand:provider>fused</osmand:provider>
          <osmand:heading>238.0</osmand:heading>
        </extensions>
      </trkpt>
      <trkpt lat="48.8234885" lon="2.2881844">
        <ele>110.7</ele>
        <time>2026-02-05T20:20:33Z</time>
        <hdop>1.5</hdop>
        <extensions>
          <osmand:provider>fused</osmand:provider>
          <osmand:heading>238.0</osmand:heading>
        </extensions>
      </trkpt>
      <trkpt lat="48.8234884" lon="2.2881844">
        <ele>110.7</ele>
        <time>2026-02-05T20:20:34Z</time>
        <hdop>1.5</hdop>
        <extensions>
          <osmand:provider>fused</osmand:provider>
          <osmand:heading>238.0</osmand:heading>
        </extensions>
      </trkpt>
      <trkpt lat="48.8234884" lon="2.2881844">
        <ele>110.7</ele>
        <time>2026-02-05T20:20:35Z</time>
        <hdop>1.5</hdop>
        <extensions>
          <osmand:provider>fused</osmand:provider>
          <osmand:heading>238.0</osmand:heading>
        </extensions>
      </trkpt>
      <trkpt lat="48.8234884" lon="2.2881844">
        <ele>110.7</ele>
        <time>2026-02-05T20:20:36Z</time>
        <hdop>1.5</hdop>
        <extensions>
          <osmand:provider>fused</osmand:provider>
          <osmand:heading>238.0</osmand:heading>
        </extensions>
      </trkpt>
      <trkpt lat="48.8234883" lon="2.2881843">
        <ele>110.7</ele>
        <time>2026-02-05T20:20:37Z</time>
        <hdop>1.5</hdop>
        <extensions>
          <osmand:provider>fused</osmand:provider>
          <osmand:heading>238.0</osmand:heading>
        </extensions>
      </trkpt>
      <trkpt lat="48.8234882" lon="2.2881843">
        <ele>110.7</ele>
        <time>2026-02-05T20:20:38Z</time>
        <hdop>1.5</hdop>
        <extensions>
          <osmand:provider>fused</osmand:provider>
          <osmand:heading>238.0</osmand:heading>
        </extensions>
      </trkpt>
      <trkpt lat="48.8234882" lon="2.2881843">
        <ele>110.7</ele>
        <time>2026-02-05T20:20:39Z</time>
        <hdop>1.5</hdop>
        <extensions>
          <osmand:provider>fused</osmand:provider>
          <osmand:heading>238.0</osmand:heading>
        </extensions>
      </trkpt>
      <trkpt lat="48.8234882" lon="2.2881843">
        <ele>110.7</ele>
        <time>2026-02-05T20:20:40Z</time>
        <hdop>1.5</hdop>
        <extensions>
          <osmand:provider>fused</osmand:provider>
          <osmand:heading>238.0</osmand:heading>
        </extensions>
      </trkpt>
      <trkpt lat="48.8234881" lon="2.2881842">
        <ele>110.7</ele>
        <time>2026-02-05T20:20:41Z</time>
        <hdop>1.5</hdop>
        <extensions>
          <osmand:provider>fused</osmand:provider>
          <osmand:heading>238.0</osmand:heading>
        </extensions>
      </trkpt>
      <trkpt lat="48.823488" lon="2.2881842">
        <ele>110.7</ele>
        <time>2026-02-05T20:20:42Z</time>
        <hdop>1.5</hdop>
        <extensions>
          <osmand:provider>fused</osmand:provider>
          <osmand:heading>238.0</osmand:heading>
        </extensions>
      </trkpt>
      <trkpt lat="48.823488" lon="2.2881842">
        <ele>110.8</ele>
        <time>2026-02-05T20:20:43Z</time>
        <hdop>1.5</hdop>
        <extensions>
          <osmand:provider>fused</osmand:provider>
          <osmand:heading>238.0</osmand:heading>
        </extensions>
      </trkpt>
      <trkpt lat="48.8234879" lon="2.2881841">
        <ele>110.8</ele>
        <time>2026-02-05T20:20:44Z</time>
        <hdop>1.5</hdop>
        <extensions>
          <osmand:provider>fused</osmand:provider>
          <osmand:heading>238.0</osmand:heading>
        </extensions>
      </trkpt>
      <trkpt lat="48.8234879" lon="2.288184">
        <ele>110.8</ele>
        <time>2026-02-05T20:20:45Z</time>
        <hdop>1.5</hdop>
        <extensions>
          <osmand:provider>fused</osmand:provider>
          <osmand:heading>238.0</osmand:heading>
        </extensions>
      </trkpt>
      <trkpt lat="48.8234878" lon="2.288184">
        <ele>110.8</ele>
        <time>2026-02-05T20:20:46Z</time>
        <hdop>1.5</hdop>
        <extensions>
          <osmand:provider>fused</osmand:provider>
          <osmand:heading>238.0</osmand:heading>
        </extensions>
      </trkpt>
      <trkpt lat="48.8234877" lon="2.288184">
        <ele>110.8</ele>
        <time>2026-02-05T20:20:47Z</time>
        <hdop>1.5</hdop>
        <extensions>
          <osmand:provider>fused</osmand:provider>
          <osmand:heading>238.0</osmand:heading>
        </extensions>
      </trkpt>
      <trkpt lat="48.8234877" lon="2.2881839">
        <ele>110.8</ele>
        <time>2026-02-05T20:20:48Z</time>
        <hdop>1.5</hdop>
        <extensions>
          <osmand:provider>fused</osmand:provider>
          <osmand:heading>238.0</osmand:heading>
        </extensions>
      </trkpt>
      <trkpt lat="48.8234877" lon="2.2881837">
        <ele>110.7</ele>
        <time>2026-02-05T20:20:49Z</time>
        <hdop>1.5</hdop>
        <extensions>
          <osmand:provider>fused</osmand:provider>
          <osmand:heading>238.0</osmand:heading>
        </extensions>
      </trkpt>
      <trkpt lat="48.8234876" lon="2.2881838">
        <ele>110.7</ele>
        <time>2026-02-05T20:20:50Z</time>
        <hdop>1.5</hdop>
        <extensions>
          <osmand:provider>fused</osmand:provider>
          <osmand:heading>238.0</osmand:heading>
        </extensions>
      </trkpt>
      <trkpt lat="48.8234876" lon="2.2881837">
        <ele>110.7</ele>
        <time>2026-02-05T20:20:51Z</time>
        <hdop>1.5</hdop>
        <extensions>
          <osmand:provider>fused</osmand:provider>
          <osmand:heading>238.0</osmand:heading>
        </extensions>
      </trkpt>
      <trkpt lat="48.8234875" lon="2.2881836">
        <ele>110.7</ele>
        <time>2026-02-05T20:20:52Z</time>
        <hdop>1.5</hdop>
        <extensions>
          <osmand:provider>fused</osmand:provider>
          <osmand:heading>238.0</osmand:heading>
        </extensions>
      </trkpt>
      <trkpt lat="48.8234874" lon="2.2881836">
        <ele>110.7</ele>
        <time>2026-02-05T20:20:53Z</time>
        <hdop>1.5</hdop>
        <extensions>
          <osmand:provider>fused</osmand:provider>
          <osmand:heading>238.0</osmand:heading>
        </extensions>
      </trkpt>
      <trkpt lat="48.8234873" lon="2.2881835">
        <ele>110.7</ele>
        <time>2026-02-05T20:20:54Z</time>
        <hdop>1.5</hdop>
        <extensions>
          <osmand:provider>fused</osmand:provider>
          <osmand:heading>238.0</osmand:heading>
        </extensions>
      </trkpt>
      <trkpt lat="48.8234873" lon="2.2881835">
        <ele>110.8</ele>
        <time>2026-02-05T20:20:55Z</time>
        <hdop>1.5</hdop>
        <extensions>
          <osmand:provider>fused</osmand:provider>
          <osmand:heading>238.0</osmand:heading>
        </extensions>
      </trkpt>
      <trkpt lat="48.8234873" lon="2.2881836">
        <ele>110.8</ele>
        <time>2026-02-05T20:20:56Z</time>
        <hdop>1.5</hdop>
        <extensions>
          <osmand:provider>fused</osmand:provider>
          <osmand:heading>238.0</osmand:heading>
        </extensions>
      </trkpt>
      <trkpt lat="48.8234872" lon="2.2881836">
        <ele>110.8</ele>
        <time>2026-02-05T20:20:57Z</time>
        <hdop>1.5</hdop>
        <extensions>
          <osmand:provider>fused</osmand:provider>
          <osmand:heading>238.0</osmand:heading>
        </extensions>
      </trkpt>
      <trkpt lat="48.8234872" lon="2.2881836">
        <ele>110.8</ele>
        <time>2026-02-05T20:20:58Z</time>
        <hdop>1.5</hdop>
        <extensions>
          <osmand:provider>fused</osmand:provider>
          <osmand:heading>238.0</osmand:heading>
        </extensions>
      </trkpt>
      <trkpt lat="48.8234871" lon="2.2881837">
        <ele>110.8</ele>
        <time>2026-02-05T20:20:59Z</time>
        <hdop>1.5</hdop>
        <extensions>
          <osmand:provider>fused</osmand:provider>
          <osmand:heading>238.0</osmand:heading>
        </extensions>
      </trkpt>
      <trkpt lat="48.8234871" lon="2.2881837">
        <ele>110.8</ele>
        <time>2026-02-05T20:21:00Z</time>
        <hdop>1.5</hdop>
        <extensions>
          <osmand:provider>fused</osmand:provider>
          <osmand:heading>238.0</osmand:heading>
        </extensions>
      </trkpt>
      <trkpt lat="48.8234871" lon="2.2881837">
        <ele>110.8</ele>
        <time>2026-02-05T20:21:01Z</time>
        <hdop>1.5</hdop>
        <extensions>
          <osmand:provider>fused</osmand:provider>
          <osmand:heading>238.0</osmand:heading>
        </extensions>
      </trkpt>
      <trkpt lat="48.823487" lon="2.2881837">
        <ele>110.8</ele>
        <time>2026-02-05T20:21:02Z</time>
        <hdop>1.5</hdop>
        <extensions>
          <osmand:provider>fused</osmand:provider>
          <osmand:heading>238.0</osmand:heading>
        </extensions>
      </trkpt>
      <trkpt lat="48.823487" lon="2.2881837">
        <ele>110.8</ele>
        <time>2026-02-05T20:21:03Z</time>
        <hdop>1.5</hdop>
        <extensions>
          <osmand:provider>fused</osmand:provider>
          <osmand:heading>238.0</osmand:heading>
        </extensions>
      </trkpt>
      <trkpt lat="48.823487" lon="2.2881838">
        <ele>110.8</ele>
        <time>2026-02-05T20:21:04Z</time>
        <hdop>1.5</hdop>
        <extensions>
          <osmand:provider>fused</osmand:provider>
          <osmand:heading>238.0</osmand:heading>
        </extensions>
      </trkpt>
      <trkpt lat="48.823487" lon="2.2881839">
        <ele>110.8</ele>
        <time>2026-02-05T20:21:05Z</time>
        <hdop>1.5</hdop>
        <extensions>
          <osmand:provider>fused</osmand:provider>
          <osmand:heading>238.0</osmand:heading>
        </extensions>
      </trkpt>
      <trkpt lat="48.8234869" lon="2.2881838">
        <ele>110.8</ele>
        <time>2026-02-05T20:21:06Z</time>
        <hdop>1.5</hdop>
        <extensions>
          <osmand:provider>fused</osmand:provider>
          <osmand:heading>238.0</osmand:heading>
        </extensions>
      </trkpt>
      <trkpt lat="48.8234868" lon="2.2881839">
        <ele>110.8</ele>
        <time>2026-02-05T20:21:07Z</time>
        <hdop>1.5</hdop>
        <extensions>
          <osmand:provider>fused</osmand:provider>
          <osmand:heading>238.0</osmand:heading>
        </extensions>
      </trkpt>
      <trkpt lat="48.8234868" lon="2.288184">
        <ele>110.7</ele>
        <time>2026-02-05T20:21:08Z</time>
        <hdop>1.5</hdop>
        <extensions>
          <osmand:provider>fused</osmand:provider>
          <osmand:heading>238.0</osmand:heading>
        </extensions>
      </trkpt>
      <trkpt lat="48.8234866" lon="2.288184">
        <ele>110.7</ele>
        <time>2026-02-05T20:21:09Z</time>
        <hdop>1.5</hdop>
        <extensions>
          <osmand:provider>fused</osmand:provider>
          <osmand:heading>238.0</osmand:heading>
        </extensions>
      </trkpt>
      <trkpt lat="48.8234865" lon="2.2881841">
        <ele>110.7</ele>
        <time>2026-02-05T20:21:10Z</time>
        <hdop>1.5</hdop>
        <extensions>
          <osmand:provider>fused</osmand:provider>
          <osmand:heading>238.0</osmand:heading>
        </extensions>
      </trkpt>
      <trkpt lat="48.8234865" lon="2.2881843">
        <ele>110.7</ele>
        <time>2026-02-05T20:21:11Z</time>
        <hdop>1.5</hdop>
        <extensions>
          <osmand:provider>fused</osmand:provider>
          <osmand:heading>238.0</osmand:heading>
        </extensions>
      </trkpt>
      <trkpt lat="48.8234864" lon="2.2881843">
        <ele>110.7</ele>
        <time>2026-02-05T20:21:12Z</time>
        <hdop>1.5</hdop>
        <extensions>
          <osmand:provider>fused</osmand:provider>
          <osmand:heading>238.0</osmand:heading>
        </extensions>
      </trkpt>
      <trkpt lat="48.8234864" lon="2.2881844">
        <ele>110.7</ele>
        <time>2026-02-05T20:21:13Z</time>
        <hdop>1.5</hdop>
        <extensions>
          <osmand:provider>fused</osmand:provider>
          <osmand:heading>238.0</osmand:heading>
        </extensions>
      </trkpt>
      <trkpt lat="48.8234863" lon="2.2881844">
        <ele>110.7</ele>
        <time>2026-02-05T20:21:14Z</time>
        <hdop>1.5</hdop>
        <extensions>
          <osmand:provider>fused</osmand:provider>
          <osmand:heading>238.0</osmand:heading>
        </extensions>
      </trkpt>
      <trkpt lat="48.8234862" lon="2.2881844">
        <ele>110.7</ele>
        <time>2026-02-05T20:21:15Z</time>
        <hdop>1.5</hdop>
        <extensions>
          <osmand:provider>fused</osmand:provider>
          <osmand:heading>238.0</osmand:heading>
        </extensions>
      </trkpt>
      <trkpt lat="48.8234862" lon="2.2881845">
        <ele>110.7</ele>
        <time>2026-02-05T20:21:16Z</time>
        <hdop>1.5</hdop>
        <extensions>
          <osmand:provider>fused</osmand:provider>
          <osmand:heading>238.0</osmand:heading>
        </extensions>
      </trkpt>
      <trkpt lat="48.8234861" lon="2.2881845">
        <ele>110.7</ele>
        <time>2026-02-05T20:21:17Z</time>
        <hdop>1.5</hdop>
        <extensions>
          <osmand:provider>fused</osmand:provider>
          <osmand:heading>238.0</osmand:heading>
        </extensions>
      </trkpt>
      <trkpt lat="48.823486" lon="2.2881845">
        <ele>110.7</ele>
        <time>2026-02-05T20:21:18Z</time>
        <hdop>1.5</hdop>
        <extensions>
          <osmand:provider>fused</osmand:provider>
          <osmand:heading>238.0</osmand:heading>
        </extensions>
      </trkpt>
      <trkpt lat="48.823486" lon="2.2881845">
        <ele>110.7</ele>
        <time>2026-02-05T20:21:19Z</time>
        <hdop>1.5</hdop>
        <extensions>
          <osmand:provider>fused</osmand:provider>
          <osmand:heading>238.0</osmand:heading>
        </extensions>
      </trkpt>
      <trkpt lat="48.8234859" lon="2.2881845">
        <ele>110.8</ele>
        <time>2026-02-05T20:21:20Z</time>
        <hdop>1.5</hdop>
        <extensions>
          <osmand:provider>fused</osmand:provider>
          <osmand:heading>238.0</osmand:heading>
        </extensions>
      </trkpt>
      <trkpt lat="48.8234858" lon="2.2881846">
        <ele>110.8</ele>
        <time>2026-02-05T20:21:21Z</time>
        <hdop>1.5</hdop>
        <extensions>
          <osmand:provider>fused</osmand:provider>
          <osmand:heading>238.0</osmand:heading>
        </extensions>
      </trkpt>
      <trkpt lat="48.8234858" lon="2.2881845">
        <ele>110.8</ele>
        <time>2026-02-05T20:21:22Z</time>
        <hdop>1.5</hdop>
        <extensions>
          <osmand:provider>fused</osmand:provider>
          <osmand:heading>259.0</osmand:heading>
        </extensions>
      </trkpt>
      <trkpt lat="48.823481" lon="2.2881835">
        <ele>110.8</ele>
        <time>2026-02-05T20:21:23Z</time>
        <hdop>1.5</hdop>
        <extensions>
          <osmand:provider>fused</osmand:provider>
          <osmand:heading>284.0</osmand:heading>
          <osmand:speed>0</osmand:speed>
        </extensions>
      </trkpt>
      <trkpt lat="48.823481" lon="2.2881836">
        <ele>110.8</ele>
        <time>2026-02-05T20:21:24Z</time>
        <hdop>1.5</hdop>
        <extensions>
          <osmand:provider>fused</osmand:provider>
          <osmand:heading>296.0</osmand:heading>
        </extensions>
      </trkpt>
      <trkpt lat="48.8234809" lon="2.2881835">
        <ele>110.8</ele>
        <time>2026-02-05T20:21:25Z</time>
        <hdop>1.5</hdop>
        <extensions>
          <osmand:provider>fused</osmand:provider>
          <osmand:heading>301.0</osmand:heading>
        </extensions>
      </trkpt>
      <trkpt lat="48.8234808" lon="2.2881835">
        <ele>110.8</ele>
        <time>2026-02-05T20:21:26Z</time>
        <hdop>1.5</hdop>
        <extensions>
          <osmand:provider>fused</osmand:provider>
          <osmand:heading>304.0</osmand:heading>
        </extensions>
      </trkpt>
      <trkpt lat="48.8234806" lon="2.2881834">
        <ele>110.6</ele>
        <time>2026-02-05T20:21:27Z</time>
        <hdop>1.5</hdop>
        <extensions>
          <osmand:provider>fused</osmand:provider>
          <osmand:heading>305.0</osmand:heading>
        </extensions>
      </trkpt>
      <trkpt lat="48.8234805" lon="2.2881834">
        <ele>110.6</ele>
        <time>2026-02-05T20:21:28Z</time>
        <hdop>1.5</hdop>
        <extensions>
          <osmand:provider>fused</osmand:provider>
          <osmand:heading>306.0</osmand:heading>
        </extensions>
      </trkpt>
      <trkpt lat="48.8234804" lon="2.2881833">
        <ele>110.6</ele>
        <time>2026-02-05T20:21:29Z</time>
        <hdop>1.5</hdop>
        <extensions>
          <osmand:provider>fused</osmand:provider>
          <osmand:heading>306.0</osmand:heading>
        </extensions>
      </trkpt>
      <trkpt lat="48.8234803" lon="2.2881832">
        <ele>110.6</ele>
        <time>2026-02-05T20:21:30Z</time>
        <hdop>1.5</hdop>
        <extensions>
          <osmand:provider>fused</osmand:provider>
          <osmand:heading>307.0</osmand:heading>
        </extensions>
      </trkpt>
      <trkpt lat="48.8234803" lon="2.2881832">
        <ele>110.6</ele>
        <time>2026-02-05T20:21:31Z</time>
        <hdop>1.5</hdop>
        <extensions>
          <osmand:provider>fused</osmand:provider>
          <osmand:heading>307.0</osmand:heading>
        </extensions>
      </trkpt>
      <trkpt lat="48.8234802" lon="2.2881831">
        <ele>110.6</ele>
        <time>2026-02-05T20:21:32Z</time>
        <hdop>1.5</hdop>
        <extensions>
          <osmand:provider>fused</osmand:provider>
          <osmand:heading>307.0</osmand:heading>
        </extensions>
      </trkpt>
      <trkpt lat="48.8234801" lon="2.288183">
        <ele>110.7</ele>
        <time>2026-02-05T20:21:33Z</time>
        <hdop>1.5</hdop>
        <extensions>
          <osmand:provider>fused</osmand:provider>
          <osmand:heading>307.0</osmand:heading>
        </extensions>
      </trkpt>
      <trkpt lat="48.82348" lon="2.288183">
        <ele>110.7</ele>
        <time>2026-02-05T20:21:34Z</time>
        <hdop>1.5</hdop>
        <extensions>
          <osmand:provider>fused</osmand:provider>
          <osmand:heading>307.0</osmand:heading>
        </extensions>
      </trkpt>
      <trkpt lat="48.82348" lon="2.288183">
        <ele>110.7</ele>
        <time>2026-02-05T20:21:35Z</time>
        <hdop>1.5</hdop>
        <extensions>
          <osmand:provider>fused</osmand:provider>
          <osmand:heading>307.0</osmand:heading>
        </extensions>
      </trkpt>
      <trkpt lat="48.8234799" lon="2.288183">
        <ele>110.7</ele>
        <time>2026-02-05T20:21:36Z</time>
        <hdop>1.5</hdop>
        <extensions>
          <osmand:provider>fused</osmand:provider>
          <osmand:heading>307.0</osmand:heading>
        </extensions>
      </trkpt>
      <trkpt lat="48.8234799" lon="2.288183">
        <ele>110.7</ele>
        <time>2026-02-05T20:21:37Z</time>
        <hdop>1.5</hdop>
        <extensions>
          <osmand:provider>fused</osmand:provider>
          <osmand:heading>307.0</osmand:heading>
        </extensions>
      </trkpt>
      <trkpt lat="48.8234799" lon="2.288183">
        <ele>110.7</ele>
        <time>2026-02-05T20:21:38Z</time>
        <hdop>1.5</hdop>
        <extensions>
          <osmand:provider>fused</osmand:provider>
          <osmand:heading>307.0</osmand:heading>
        </extensions>
      </trkpt>
      <trkpt lat="48.8234798" lon="2.2881829">
        <ele>110.8</ele>
        <time>2026-02-05T20:21:39Z</time>
        <hdop>1.5</hdop>
        <extensions>
          <osmand:provider>fused</osmand:provider>
          <osmand:heading>310.0</osmand:heading>
        </extensions>
      </trkpt>
      <trkpt lat="48.8234798" lon="2.2881829">
        <ele>110.8</ele>
        <time>2026-02-05T20:21:40Z</time>
        <hdop>1.5</hdop>
        <extensions>
          <osmand:provider>fused</osmand:provider>
          <osmand:heading>314.0</osmand:heading>
        </extensions>
      </trkpt>
      <trkpt lat="48.8234798" lon="2.2881828">
        <ele>110.8</ele>
        <time>2026-02-05T20:21:41Z</time>
        <hdop>1.5</hdop>
        <extensions>
          <osmand:provider>fused</osmand:provider>
          <osmand:heading>316.0</osmand:heading>
        </extensions>
      </trkpt>
      <trkpt lat="48.8234786" lon="2.2881809">
        <ele>110.8</ele>
        <time>2026-02-05T20:21:42Z</time>
        <hdop>1.5</hdop>
        <extensions>
          <osmand:provider>fused</osmand:provider>
          <osmand:heading>322.0</osmand:heading>
          <osmand:speed>0.1</osmand:speed>
        </extensions>
      </trkpt>
      <trkpt lat="48.8234731" lon="2.2881762">
        <ele>110.8</ele>
        <time>2026-02-05T20:21:43Z</time>
        <hdop>1.5</hdop>
        <extensions>
          <osmand:provider>fused</osmand:provider>
          <osmand:heading>322.0</osmand:heading>
          <osmand:speed>0.9</osmand:speed>
        </extensions>
      </trkpt>
      <trkpt lat="48.8234605" lon="2.2881674">
        <ele>110.8</ele>
        <time>2026-02-05T20:21:44Z</time>
        <hdop>1.6</hdop>
        <extensions>
          <osmand:provider>fused</osmand:provider>
          <osmand:heading>319.0</osmand:heading>
          <osmand:speed>1.9</osmand:speed>
        </extensions>
      </trkpt>
      <trkpt lat="48.8234374" lon="2.2881538">
        <ele>110.8</ele>
        <time>2026-02-05T20:21:45Z</time>
        <hdop>1.7</hdop>
        <extensions>
          <osmand:provider>fused</osmand:provider>
          <osmand:heading>311.0</osmand:heading>
          <osmand:speed>3.1</osmand:speed>
        </extensions>
      </trkpt>
      <trkpt lat="48.8234083" lon="2.2881488">
        <ele>110.8</ele>
        <time>2026-02-05T20:21:46Z</time>
        <hdop>1.8</hdop>
        <extensions>
          <osmand:provider>fused</osmand:provider>
          <osmand:heading>292.0</osmand:heading>
          <osmand:speed>3.3</osmand:speed>
        </extensions>
      </trkpt>
      <trkpt lat="48.8233785" lon="2.2881597">
        <ele>110.8</ele>
        <time>2026-02-05T20:21:47Z</time>
        <hdop>2</hdop>
        <extensions>
          <osmand:provider>fused</osmand:provider>
          <osmand:heading>272.0</osmand:heading>
          <osmand:speed>3.3</osmand:speed>
        </extensions>
      </trkpt>
      <trkpt lat="48.8233457" lon="2.2881839">
        <ele>110.8</ele>
        <time>2026-02-05T20:21:48Z</time>
        <hdop>2.2</hdop>
        <extensions>
          <osmand:provider>fused</osmand:provider>
          <osmand:heading>246.0</osmand:heading>
          <osmand:speed>4.3</osmand:speed>
        </extensions>
      </trkpt>
      <trkpt lat="48.82331" lon="2.2882502">
        <ele>110.8</ele>
        <time>2026-02-05T20:21:49Z</time>
        <hdop>2.6</hdop>
        <extensions>
          <osmand:provider>fused</osmand:provider>
          <osmand:heading>210.0</osmand:heading>
          <osmand:speed>5.2</osmand:speed>
        </extensions>
      </trkpt>
      <trkpt lat="48.8232947" lon="2.2883288">
        <ele>110.8</ele>
        <time>2026-02-05T20:21:50Z</time>
        <hdop>2.8</hdop>
        <extensions>
          <osmand:provider>fused</osmand:provider>
          <osmand:heading>172.0</osmand:heading>
          <osmand:speed>6.1</osmand:speed>
        </extensions>
      </trkpt>
      <trkpt lat="48.8233053" lon="2.2884085">
        <ele>110.8</ele>
        <time>2026-02-05T20:21:51Z</time>
        <hdop>3.4</hdop>
        <extensions>
          <osmand:provider>fused</osmand:provider>
          <osmand:heading>138.0</osmand:heading>
          <osmand:speed>6.1</osmand:speed>
        </extensions>
      </trkpt>
      <trkpt lat="48.8233398" lon="2.2884628">
        <ele>110.8</ele>
        <time>2026-02-05T20:21:52Z</time>
        <hdop>3.5</hdop>
        <extensions>
          <osmand:provider>fused</osmand:provider>
          <osmand:heading>110.0</osmand:heading>
          <osmand:speed>6.1</osmand:speed>
        </extensions>
      </trkpt>
      <trkpt lat="48.8233647" lon="2.2885154">
        <ele>110.8</ele>
        <time>2026-02-05T20:21:53Z</time>
        <hdop>4</hdop>
        <extensions>
          <osmand:provider>fused</osmand:provider>
          <osmand:heading>87.0</osmand:heading>
          <osmand:speed>5.7</osmand:speed>
        </extensions>
      </trkpt>
      <trkpt lat="48.8234063" lon="2.2885883">
        <ele>110.8</ele>
        <time>2026-02-05T20:21:54Z</time>
        <hdop>3.9</hdop>
        <extensions>
          <osmand:provider>fused</osmand:provider>
          <osmand:heading>76.0</osmand:heading>
          <osmand:speed>7</osmand:speed>
        </extensions>
      </trkpt>
      <trkpt lat="48.8234577" lon="2.2886541">
        <ele>110.8</ele>
        <time>2026-02-05T20:21:55Z</time>
        <hdop>3.8</hdop>
        <extensions>
          <osmand:provider>fused</osmand:provider>
          <osmand:heading>70.0</osmand:heading>
          <osmand:speed>8.1</osmand:speed>
        </extensions>
      </trkpt>
      <trkpt lat="48.8235235" lon="2.2887316">
        <ele>110.8</ele>
        <time>2026-02-05T20:21:56Z</time>
        <hdop>3.8</hdop>
        <extensions>
          <osmand:provider>fused</osmand:provider>
          <osmand:heading>67.0</osmand:heading>
          <osmand:speed>9.1</osmand:speed>
        </extensions>
      </trkpt>
      <trkpt lat="48.8235823" lon="2.2888131">
        <ele>110.8</ele>
        <time>2026-02-05T20:21:57Z</time>
        <hdop>3.7</hdop>
        <extensions>
          <osmand:provider>fused</osmand:provider>
          <osmand:heading>66.0</osmand:heading>
          <osmand:speed>9.6</osmand:speed>
        </extensions>
      </trkpt>
      <trkpt lat="48.8236479" lon="2.2888995">
        <ele>110.8</ele>
        <time>2026-02-05T20:21:58Z</time>
        <hdop>3.6</hdop>
        <extensions>
          <osmand:provider>fused</osmand:provider>
          <osmand:heading>66.0</osmand:heading>
          <osmand:speed>9.8</osmand:speed>
        </extensions>
      </trkpt>
      <trkpt lat="48.8237158" lon="2.288985">
        <ele>110.8</ele>
        <time>2026-02-05T20:21:59Z</time>
        <hdop>3.5</hdop>
        <extensions>
          <osmand:provider>fused</osmand:provider>
          <osmand:speed>9.8</osmand:speed>
        </extensions>
      </trkpt>
      <trkpt lat="48.8237893" lon="2.2890652">
        <ele>110.8</ele>
        <time>2026-02-05T20:22:00Z</time>
        <hdop>3.5</hdop>
        <extensions>
          <osmand:provider>fused</osmand:provider>
          <osmand:speed>10.3</osmand:speed>
        </extensions>
      </trkpt>
      <trkpt lat="48.8238546" lon="2.2891746">
        <ele>110.8</ele>
        <time>2026-02-05T20:22:01Z</time>
        <hdop>3.5</hdop>
        <extensions>
          <osmand:provider>fused</osmand:provider>
          <osmand:speed>10.3</osmand:speed>
        </extensions>
      </trkpt>
      <trkpt lat="48.8239066" lon="2.289294">
        <ele>110.8</ele>
        <time>2026-02-05T20:22:02Z</time>
        <hdop>3.6</hdop>
        <extensions>
          <osmand:provider>fused</osmand:provider>
          <osmand:speed>10.2</osmand:speed>
        </extensions>
      </trkpt>
      <trkpt lat="48.8239534" lon="2.289402">
        <ele>110.8</ele>
        <time>2026-02-05T20:22:03Z</time>
        <hdop>3.6</hdop>
        <extensions>
          <osmand:provider>fused</osmand:provider>
          <osmand:speed>9.6</osmand:speed>
        </extensions>
      </trkpt>
      <trkpt lat="48.8239975" lon="2.2895114">
        <ele>110.8</ele>
        <time>2026-02-05T20:22:04Z</time>
        <hdop>3.7</hdop>
        <extensions>
          <osmand:provider>fused</osmand:provider>
          <osmand:heading>62.0</osmand:heading>
          <osmand:speed>9.3</osmand:speed>
        </extensions>
      </trkpt>
      <trkpt lat="48.8239975" lon="2.2895114">
        <ele>109.6</ele>
        <time>2026-02-05T20:22:04Z</time>
        <hdop>5.4</hdop>
        <extensions>
          <osmand:provider>fused</osmand:provider>
          <osmand:heading>63.0</osmand:heading>
        </extensions>
      </trkpt>
      <trkpt lat="48.8240473" lon="2.2896153">
        <ele>109.6</ele>
        <time>2026-02-05T20:22:05Z</time>
        <hdop>5.1</hdop>
        <extensions>
          <osmand:provider>fused</osmand:provider>
          <osmand:heading>64.0</osmand:heading>
          <osmand:speed>8.9</osmand:speed>
        </extensions>
      </trkpt>
      <trkpt lat="48.8240989" lon="2.2897117">
        <ele>109.6</ele>
        <time>2026-02-05T20:22:06Z</time>
        <hdop>5.1</hdop>
        <extensions>
          <osmand:provider>fused</osmand:provider>
          <osmand:heading>73.0</osmand:heading>
          <osmand:speed>8.7</osmand:speed>
        </extensions>
      </trkpt>
      <trkpt lat="48.8241261" lon="2.2898235">
        <ele>109.6</ele>
        <time>2026-02-05T20:22:07Z</time>
        <hdop>5.1</hdop>
        <extensions>
          <osmand:provider>fused</osmand:provider>
          <osmand:heading>85.0</osmand:heading>
          <osmand:speed>7.8</osmand:speed>
        </extensions>
      </trkpt>
      <trkpt lat="48.8241618" lon="2.2899153">
        <ele>109.6</ele>
        <time>2026-02-05T20:22:08Z</time>
        <hdop>5.2</hdop>
        <extensions>
          <osmand:provider>fused</osmand:provider>
          <osmand:heading>66.0</osmand:heading>
          <osmand:speed>7.5</osmand:speed>
        </extensions>
      </trkpt>
      <trkpt lat="48.824197" lon="2.2899907">
        <ele>109.6</ele>
        <time>2026-02-05T20:22:09Z</time>
        <hdop>5.1</hdop>
        <extensions>
          <osmand:provider>fused</osmand:provider>
          <osmand:heading>61.0</osmand:heading>
          <osmand:speed>5.8</osmand:speed>
        </extensions>
      </trkpt>
      <trkpt lat="48.8242196" lon="2.2900432">
        <ele>109.6</ele>
        <time>2026-02-05T20:22:10Z</time>
        <hdop>3.3</hdop>
        <extensions>
          <osmand:provider>fused</osmand:provider>
          <osmand:heading>69.0</osmand:heading>
          <osmand:speed>4.4</osmand:speed>
        </extensions>
      </trkpt>
      <trkpt lat="48.8242232" lon="2.2900831">
        <ele>109.6</ele>
        <time>2026-02-05T20:22:11Z</time>
        <hdop>3.3</hdop>
        <extensions>
          <osmand:provider>fused</osmand:provider>
          <osmand:heading>77.0</osmand:heading>
          <osmand:speed>2.8</osmand:speed>
        </extensions>
      </trkpt>
      <trkpt lat="48.8242319" lon="2.2901001">
        <ele>109.6</ele>
        <time>2026-02-05T20:22:12Z</time>
        <hdop>3.4</hdop>
        <extensions>
          <osmand:provider>fused</osmand:provider>
          <osmand:heading>73.0</osmand:heading>
          <osmand:speed>1.4</osmand:speed>
        </extensions>
      </trkpt>
      <trkpt lat="48.8242389" lon="2.2901007">
        <ele>109.1</ele>
        <time>2026-02-05T20:22:13Z</time>
        <hdop>3.4</hdop>
        <extensions>
          <osmand:provider>fused</osmand:provider>
          <osmand:heading>71.0</osmand:heading>
          <osmand:speed>0.2</osmand:speed>
        </extensions>
      </trkpt>
      <trkpt lat="48.8242393" lon="2.2900973">
        <ele>109.1</ele>
        <time>2026-02-05T20:22:14Z</time>
        <hdop>3.5</hdop>
        <extensions>
          <osmand:provider>fused</osmand:provider>
          <osmand:heading>59.0</osmand:heading>
          <osmand:speed>0.2</osmand:speed>
        </extensions>
      </trkpt>
      <trkpt lat="48.8242387" lon="2.2900916">
        <ele>109.1</ele>
        <time>2026-02-05T20:22:15Z</time>
        <hdop>3.5</hdop>
        <extensions>
          <osmand:provider>fused</osmand:provider>
          <osmand:heading>43.0</osmand:heading>
          <osmand:speed>0.3</osmand:speed>
        </extensions>
      </trkpt>
      <trkpt lat="48.8242393" lon="2.2900915">
        <ele>109.1</ele>
        <time>2026-02-05T20:22:16Z</time>
        <hdop>3.5</hdop>
        <extensions>
          <osmand:provider>fused</osmand:provider>
          <osmand:heading>36.0</osmand:heading>
        </extensions>
      </trkpt>
      <trkpt lat="48.8242443" lon="2.2900899">
        <ele>109.1</ele>
        <time>2026-02-05T20:22:17Z</time>
        <hdop>3.5</hdop>
        <extensions>
          <osmand:provider>fused</osmand:provider>
          <osmand:heading>30.0</osmand:heading>
          <osmand:speed>0.1</osmand:speed>
        </extensions>
      </trkpt>
      <trkpt lat="48.8242444" lon="2.2900901">
        <ele>109.1</ele>
        <time>2026-02-05T20:22:18Z</time>
        <hdop>3.5</hdop>
        <extensions>
          <osmand:provider>fused</osmand:provider>
          <osmand:heading>27.0</osmand:heading>
        </extensions>
      </trkpt>
      <trkpt lat="48.8242444" lon="2.2900902">
        <ele>109.1</ele>
        <time>2026-02-05T20:22:19Z</time>
        <hdop>3.5</hdop>
        <extensions>
          <osmand:provider>fused</osmand:provider>
          <osmand:heading>29.0</osmand:heading>
        </extensions>
      </trkpt>
      <trkpt lat="48.8242446" lon="2.2900907">
        <ele>109.1</ele>
        <time>2026-02-05T20:22:20Z</time>
        <hdop>3.5</hdop>
        <extensions>
          <osmand:provider>fused</osmand:provider>
          <osmand:heading>27.0</osmand:heading>
        </extensions>
      </trkpt>
      <trkpt lat="48.8242434" lon="2.2900981">
        <ele>109.1</ele>
        <time>2026-02-05T20:22:21Z</time>
        <hdop>3.5</hdop>
        <extensions>
          <osmand:provider>fused</osmand:provider>
          <osmand:heading>24.0</osmand:heading>
          <osmand:speed>0.1</osmand:speed>
        </extensions>
      </trkpt>
      <trkpt lat="48.8242454" lon="2.2901056">
        <ele>109.1</ele>
        <time>2026-02-05T20:22:22Z</time>
        <hdop>3.5</hdop>
        <extensions>
          <osmand:provider>fused</osmand:provider>
          <osmand:heading>23.0</osmand:heading>
          <osmand:speed>0.1</osmand:speed>
        </extensions>
      </trkpt>
      <trkpt lat="48.8242481" lon="2.2901129">
        <ele>109.1</ele>
        <time>2026-02-05T20:22:23Z</time>
        <hdop>3.5</hdop>
        <extensions>
          <osmand:provider>fused</osmand:provider>
          <osmand:heading>21.0</osmand:heading>
          <osmand:speed>1</osmand:speed>
        </extensions>
      </trkpt>
      <trkpt lat="48.8242598" lon="2.2901203">
        <ele>109.1</ele>
        <time>2026-02-05T20:22:24Z</time>
        <hdop>3.5</hdop>
        <extensions>
          <osmand:provider>fused</osmand:provider>
          <osmand:heading>21.0</osmand:heading>
          <osmand:speed>2.3</osmand:speed>
        </extensions>
      </trkpt>
      <trkpt lat="48.8242787" lon="2.2901472">
        <ele>109.1</ele>
        <time>2026-02-05T20:22:25Z</time>
        <hdop>3.5</hdop>
        <extensions>
          <osmand:provider>fused</osmand:provider>
          <osmand:heading>20.0</osmand:heading>
          <osmand:speed>3.2</osmand:speed>
        </extensions>
      </trkpt>
      <trkpt lat="48.8243034" lon="2.2901894">
        <ele>109.1</ele>
        <time>2026-02-05T20:22:26Z</time>
        <hdop>3.5</hdop>
        <extensions>
          <osmand:provider>fused</osmand:provider>
          <osmand:heading>17.0</osmand:heading>
          <osmand:speed>4</osmand:speed>
        </extensions>
      </trkpt>
      <trkpt lat="48.8243092" lon="2.2902456">
        <ele>109.1</ele>
        <time>2026-02-05T20:22:27Z</time>
        <hdop>3.4</hdop>
        <extensions>
          <osmand:provider>fused</osmand:provider>
          <osmand:heading>16.0</osmand:heading>
          <osmand:speed>4.9</osmand:speed>
        </extensions>
      </trkpt>
      <trkpt lat="48.8243344" lon="2.2902939">
        <ele>109.1</ele>
        <time>2026-02-05T20:22:28Z</time>
        <hdop>3.2</hdop>
        <extensions>
          <osmand:provider>fused</osmand:provider>
          <osmand:heading>16.0</osmand:heading>
          <osmand:speed>4.8</osmand:speed>
        </extensions>
      </trkpt>
      <trkpt lat="48.824349" lon="2.2903583">
        <ele>109.1</ele>
        <time>2026-02-05T20:22:29Z</time>
        <hdop>3</hdop>
        <extensions>
          <osmand:provider>fused</osmand:provider>
          <osmand:heading>16.0</osmand:heading>
          <osmand:speed>4.3</osmand:speed>
        </extensions>
      </trkpt>
      <trkpt lat="48.82437" lon="2.2904156">
        <ele>109.1</ele>
        <time>2026-02-05T20:22:30Z</time>
        <hdop>2.8</hdop>
        <extensions>
          <osmand:provider>fused</osmand:provider>
          <osmand:heading>17.0</osmand:heading>
          <osmand:speed>4.4</osmand:speed>
        </extensions>
      </trkpt>
      <trkpt lat="48.8243931" lon="2.2904643">
        <ele>109.1</ele>
        <time>2026-02-05T20:22:31Z</time>
        <hdop>2.6</hdop>
        <extensions>
          <osmand:provider>fused</osmand:provider>
          <osmand:heading>17.0</osmand:heading>
          <osmand:speed>4.4</osmand:speed>
        </extensions>
      </trkpt>
      <trkpt lat="48.82442" lon="2.2905137">
        <ele>109.1</ele>
        <time>2026-02-05T20:22:32Z</time>
        <hdop>2.5</hdop>
        <extensions>
          <osmand:provider>fused</osmand:provider>
          <osmand:heading>18.0</osmand:heading>
          <osmand:speed>5.2</osmand:speed>
        </extensions>
      </trkpt>
      <trkpt lat="48.8244504" lon="2.2905816">
        <ele>109.1</ele>
        <time>2026-02-05T20:22:33Z</time>
        <hdop>2.4</hdop>
        <extensions>
          <osmand:provider>fused</osmand:provider>
          <osmand:heading>18.0</osmand:heading>
          <osmand:speed>6</osmand:speed>
        </extensions>
      </trkpt>
      <trkpt lat="48.8244828" lon="2.2906674">
        <ele>109.1</ele>
        <time>2026-02-05T20:22:34Z</time>
        <hdop>2.4</hdop>
        <extensions>
          <osmand:provider>fused</osmand:provider>
          <osmand:heading>18.0</osmand:heading>
          <osmand:speed>7.1</osmand:speed>
        </extensions>
      </trkpt>
      <trkpt lat="48.8245219" lon="2.2907455">
        <ele>109.1</ele>
        <time>2026-02-05T20:22:35Z</time>
        <hdop>2.4</hdop>
        <extensions>
          <osmand:provider>fused</osmand:provider>
          <osmand:heading>18.0</osmand:heading>
          <osmand:speed>7.3</osmand:speed>
        </extensions>
      </trkpt>
      <trkpt lat="48.8245705" lon="2.2908281">
        <ele>109.1</ele>
        <time>2026-02-05T20:22:36Z</time>
        <hdop>2.4</hdop>
        <extensions>
          <osmand:provider>fused</osmand:provider>
          <osmand:heading>19.0</osmand:heading>
          <osmand:speed>8.5</osmand:speed>
        </extensions>
      </trkpt>
      <trkpt lat="48.8246169" lon="2.2909277">
        <ele>109.1</ele>
        <time>2026-02-05T20:22:37Z</time>
        <hdop>2.4</hdop>
        <extensions>
          <osmand:provider>fused</osmand:provider>
          <osmand:heading>19.0</osmand:heading>
          <osmand:speed>9.5</osmand:speed>
        </extensions>
      </trkpt>
      <trkpt lat="48.8246701" lon="2.2910429">
        <ele>109.1</ele>
        <time>2026-02-05T20:22:38Z</time>
        <hdop>2.5</hdop>
        <extensions>
          <osmand:provider>fused</osmand:provider>
          <osmand:heading>19.0</osmand:heading>
          <osmand:speed>9.9</osmand:speed>
        </extensions>
      </trkpt>
      <trkpt lat="48.8247289" lon="2.2911595">
        <ele>109.1</ele>
        <time>2026-02-05T20:22:39Z</time>
        <hdop>2.5</hdop>
        <extensions>
          <osmand:provider>fused</osmand:provider>
          <osmand:heading>19.0</osmand:heading>
          <osmand:speed>10.6</osmand:speed>
        </extensions>
      </trkpt>
      <trkpt lat="48.8247873" lon="2.2912869">
        <ele>109.1</ele>
        <time>2026-02-05T20:22:40Z</time>
        <hdop>2.5</hdop>
        <extensions>
          <osmand:provider>fused</osmand:provider>
          <osmand:heading>19.0</osmand:heading>
          <osmand:speed>11.1</osmand:speed>
        </extensions>
      </trkpt>
      <trkpt lat="48.8248394" lon="2.2914114">
        <ele>109.1</ele>
        <time>2026-02-05T20:22:41Z</time>
        <hdop>2.5</hdop>
        <extensions>
          <osmand:provider>fused</osmand:provider>
          <osmand:heading>20.0</osmand:heading>
          <osmand:speed>10.8</osmand:speed>
        </extensions>
      </trkpt>
      <trkpt lat="48.8248938" lon="2.291531">
        <ele>109.1</ele>
        <time>2026-02-05T20:22:42Z</time>
        <hdop>2.5</hdop>
        <extensions>
          <osmand:provider>fused</osmand:provider>
          <osmand:heading>20.0</osmand:heading>
          <osmand:speed>10.3</osmand:speed>
        </extensions>
      </trkpt>
      <trkpt lat="48.8249479" lon="2.2916478">
        <ele>109.1</ele>
        <time>2026-02-05T20:22:43Z</time>
        <hdop>2.5</hdop>
        <extensions>
          <osmand:provider>fused</osmand:provider>
          <osmand:heading>20.0</osmand:heading>
          <osmand:speed>9.5</osmand:speed>
        </extensions>
      </trkpt>
      <trkpt lat="48.8250048" lon="2.2917546">
        <ele>109.1</ele>
        <time>2026-02-05T20:22:44Z</time>
        <hdop>2.5</hdop>
        <extensions>
          <osmand:provider>fused</osmand:provider>
          <osmand:heading>20.0</osmand:heading>
          <osmand:speed>9</osmand:speed>
        </extensions>
      </trkpt>
      <trkpt lat="48.8250601" lon="2.2918452">
        <ele>109.1</ele>
        <time>2026-02-05T20:22:45Z</time>
        <hdop>2.5</hdop>
        <extensions>
          <osmand:provider>fused</osmand:provider>
          <osmand:heading>20.0</osmand:heading>
          <osmand:speed>8.4</osmand:speed>
        </extensions>
      </trkpt>
      <trkpt lat="48.8251085" lon="2.2919182">
        <ele>109.1</ele>
        <time>2026-02-05T20:22:46Z</time>
        <hdop>2.5</hdop>
        <extensions>
          <osmand:provider>fused</osmand:provider>
          <osmand:heading>20.0</osmand:heading>
          <osmand:speed>7.3</osmand:speed>
        </extensions>
      </trkpt>
      <trkpt lat="48.8251085" lon="2.2919182">
        <ele>107.6</ele>
        <time>2026-02-05T20:22:46Z</time>
        <hdop>3.4</hdop>
        <extensions>
          <osmand:provider>fused</osmand:provider>
          <osmand:heading>20.0</osmand:heading>
        </extensions>
      </trkpt>
      <trkpt lat="48.82515" lon="2.2919772">
        <ele>107.6</ele>
        <time>2026-02-05T20:22:47Z</time>
        <hdop>3.3</hdop>
        <extensions>
          <osmand:provider>fused</osmand:provider>
          <osmand:heading>20.0</osmand:heading>
          <osmand:speed>6.1</osmand:speed>
        </extensions>
      </trkpt>
      <trkpt lat="48.8251848" lon="2.2920335">
        <ele>107.6</ele>
        <time>2026-02-05T20:22:48Z</time>
        <hdop>3.6</hdop>
        <extensions>
          <osmand:provider>fused</osmand:provider>
          <osmand:heading>20.0</osmand:heading>
          <osmand:speed>5.3</osmand:speed>
        </extensions>
      </trkpt>
      <trkpt lat="48.8252098" lon="2.292089">
        <ele>107.6</ele>
        <time>2026-02-05T20:22:49Z</time>
        <hdop>3.6</hdop>
        <extensions>
          <osmand:provider>fused</osmand:provider>
          <osmand:heading>20.0</osmand:heading>
          <osmand:speed>4.6</osmand:speed>
        </extensions>
      </trkpt>
      <trkpt lat="48.8252273" lon="2.2921482">
        <ele>107.6</ele>
        <time>2026-02-05T20:22:50Z</time>
        <hdop>3.6</hdop>
        <extensions>
          <osmand:provider>fused</osmand:provider>
          <osmand:heading>20.0</osmand:heading>
          <osmand:speed>3.9</osmand:speed>
        </extensions>
      </trkpt>
      <trkpt lat="48.8252409" lon="2.2921811">
        <ele>107.6</ele>
        <time>2026-02-05T20:22:51Z</time>
        <hdop>3.6</hdop>
        <extensions>
          <osmand:provider>fused</osmand:provider>
          <osmand:heading>20.0</osmand:heading>
          <osmand:speed>2.3</osmand:speed>
        </extensions>
      </trkpt>
      <trkpt lat="48.8252503" lon="2.2921985">
        <ele>107.6</ele>
        <time>2026-02-05T20:22:52Z</time>
        <hdop>2.6</hdop>
        <extensions>
          <osmand:provider>fused</osmand:provider>
          <osmand:heading>20.0</osmand:heading>
          <osmand:speed>1.2</osmand:speed>
        </extensions>
      </trkpt>
      <trkpt lat="48.8252476" lon="2.2922047">
        <ele>107.6</ele>
        <time>2026-02-05T20:22:53Z</time>
        <hdop>2.5</hdop>
        <extensions>
          <osmand:provider>fused</osmand:provider>
          <osmand:heading>20.0</osmand:heading>
          <osmand:speed>0.1</osmand:speed>
        </extensions>
      </trkpt>
      <trkpt lat="48.8252481" lon="2.2922027">
        <ele>107.4</ele>
        <time>2026-02-05T20:22:54Z</time>
        <hdop>2.5</hdop>
        <extensions>
          <osmand:provider>fused</osmand:provider>
          <osmand:heading>20.0</osmand:heading>
          <osmand:speed>0.2</osmand:speed>
        </extensions>
      </trkpt>
      <trkpt lat="48.8252483" lon="2.2922027">
        <ele>107.4</ele>
        <time>2026-02-05T20:22:55Z</time>
        <hdop>2.5</hdop>
        <extensions>
          <osmand:provider>fused</osmand:provider>
          <osmand:heading>19.0</osmand:heading>
        </extensions>
      </trkpt>
      <trkpt lat="48.8252481" lon="2.2922028">
        <ele>107.4</ele>
        <time>2026-02-05T20:22:56Z</time>
        <hdop>2.5</hdop>
        <extensions>
          <osmand:provider>fused</osmand:provider>
          <osmand:heading>19.0</osmand:heading>
        </extensions>
      </trkpt>
      <trkpt lat="48.825248" lon="2.292203">
        <ele>107.4</ele>
        <time>2026-02-05T20:22:57Z</time>
        <hdop>2.6</hdop>
        <extensions>
          <osmand:provider>fused</osmand:provider>
          <osmand:heading>19.0</osmand:heading>
        </extensions>
      </trkpt>
      <trkpt lat="48.8252477" lon="2.2922028">
        <ele>107.4</ele>
        <time>2026-02-05T20:22:58Z</time>
        <hdop>2.6</hdop>
        <extensions>
          <osmand:provider>fused</osmand:provider>
          <osmand:heading>19.0</osmand:heading>
        </extensions>
      </trkpt>
      <trkpt lat="48.8252475" lon="2.292203">
        <ele>107.4</ele>
        <time>2026-02-05T20:22:59Z</time>
        <hdop>2.6</hdop>
        <extensions>
          <osmand:provider>fused</osmand:provider>
          <osmand:heading>19.0</osmand:heading>
        </extensions>
      </trkpt>
      <trkpt lat="48.8252475" lon="2.292203">
        <ele>107.4</ele>
        <time>2026-02-05T20:23:00Z</time>
        <hdop>2.6</hdop>
        <extensions>
          <osmand:provider>fused</osmand:provider>
          <osmand:heading>19.0</osmand:heading>
        </extensions>
      </trkpt>
      <trkpt lat="48.8252474" lon="2.292203">
        <ele>107.4</ele>
        <time>2026-02-05T20:23:01Z</time>
        <hdop>2.6</hdop>
        <extensions>
          <osmand:provider>fused</osmand:provider>
          <osmand:heading>19.0</osmand:heading>
        </extensions>
      </trkpt>
      <trkpt lat="48.8252476" lon="2.2922032">
        <ele>107.4</ele>
        <time>2026-02-05T20:23:02Z</time>
        <hdop>2.6</hdop>
        <extensions>
          <osmand:provider>fused</osmand:provider>
          <osmand:heading>19.0</osmand:heading>
        </extensions>
      </trkpt>
      <trkpt lat="48.8252476" lon="2.2922032">
        <ele>107.4</ele>
        <time>2026-02-05T20:23:03Z</time>
        <hdop>2.6</hdop>
        <extensions>
          <osmand:provider>fused</osmand:provider>
          <osmand:heading>19.0</osmand:heading>
        </extensions>
      </trkpt>
      <trkpt lat="48.8252476" lon="2.2922033">
        <ele>107.4</ele>
        <time>2026-02-05T20:23:04Z</time>
        <hdop>2.6</hdop>
        <extensions>
          <osmand:provider>fused</osmand:provider>
          <osmand:heading>19.0</osmand:heading>
        </extensions>
      </trkpt>
      <trkpt lat="48.8252477" lon="2.2922036">
        <ele>107.4</ele>
        <time>2026-02-05T20:23:05Z</time>
        <hdop>2.6</hdop>
        <extensions>
          <osmand:provider>fused</osmand:provider>
          <osmand:heading>19.0</osmand:heading>
        </extensions>
      </trkpt>
      <trkpt lat="48.8252476" lon="2.2922038">
        <ele>107.4</ele>
        <time>2026-02-05T20:23:06Z</time>
        <hdop>2.7</hdop>
        <extensions>
          <osmand:provider>fused</osmand:provider>
          <osmand:heading>20.0</osmand:heading>
        </extensions>
      </trkpt>
      <trkpt lat="48.8252497" lon="2.2922069">
        <ele>107.1</ele>
        <time>2026-02-05T20:23:07Z</time>
        <hdop>2.7</hdop>
        <extensions>
          <osmand:provider>fused</osmand:provider>
          <osmand:heading>20.0</osmand:heading>
          <osmand:speed>0</osmand:speed>
        </extensions>
      </trkpt>
      <trkpt lat="48.8252498" lon="2.2922069">
        <ele>107.1</ele>
        <time>2026-02-05T20:23:08Z</time>
        <hdop>2.7</hdop>
        <extensions>
          <osmand:provider>fused</osmand:provider>
          <osmand:heading>21.0</osmand:heading>
        </extensions>
      </trkpt>
      <trkpt lat="48.8252507" lon="2.2922152">
        <ele>107.1</ele>
        <time>2026-02-05T20:23:09Z</time>
        <hdop>2.8</hdop>
        <extensions>
          <osmand:provider>fused</osmand:provider>
          <osmand:heading>20.0</osmand:heading>
          <osmand:speed>0.8</osmand:speed>
        </extensions>
      </trkpt>
      <trkpt lat="48.8252579" lon="2.2922287">
        <ele>107.1</ele>
        <time>2026-02-05T20:23:10Z</time>
        <hdop>2.9</hdop>
        <extensions>
          <osmand:provider>fused</osmand:provider>
          <osmand:heading>20.0</osmand:heading>
          <osmand:speed>2.2</osmand:speed>
        </extensions>
      </trkpt>
      <trkpt lat="48.8252728" lon="2.2922568">
        <ele>107.1</ele>
        <time>2026-02-05T20:23:11Z</time>
        <hdop>2.8</hdop>
        <extensions>
          <osmand:provider>fused</osmand:provider>
          <osmand:heading>20.0</osmand:heading>
          <osmand:speed>3</osmand:speed>
        </extensions>
      </trkpt>
      <trkpt lat="48.8252943" lon="2.2922953">
        <ele>107.1</ele>
        <time>2026-02-05T20:23:12Z</time>
        <hdop>2.8</hdop>
        <extensions>
          <osmand:provider>fused</osmand:provider>
          <osmand:heading>19.0</osmand:heading>
          <osmand:speed>3.9</osmand:speed>
        </extensions>
      </trkpt>
      <trkpt lat="48.8253211" lon="2.292339">
        <ele>107.1</ele>
        <time>2026-02-05T20:23:13Z</time>
        <hdop>2.9</hdop>
        <extensions>
          <osmand:provider>fused</osmand:provider>
          <osmand:heading>17.0</osmand:heading>
          <osmand:speed>5</osmand:speed>
        </extensions>
      </trkpt>
      <trkpt lat="48.8253481" lon="2.2923893">
        <ele>106.9</ele>
        <time>2026-02-05T20:23:14Z</time>
        <hdop>2.8</hdop>
        <extensions>
          <osmand:provider>fused</osmand:provider>
          <osmand:heading>17.0</osmand:heading>
          <osmand:speed>5.4</osmand:speed>
        </extensions>
      </trkpt>
      <trkpt lat="48.8253581" lon="2.2924565">
        <ele>106.9</ele>
        <time>2026-02-05T20:23:15Z</time>
        <hdop>2.8</hdop>
        <extensions>
          <osmand:provider>fused</osmand:provider>
          <osmand:heading>21.0</osmand:heading>
          <osmand:speed>5.5</osmand:speed>
        </extensions>
      </trkpt>
      <trkpt lat="48.8253628" lon="2.2925441">
        <ele>106.9</ele>
        <time>2026-02-05T20:23:16Z</time>
        <hdop>2.6</hdop>
        <extensions>
          <osmand:provider>fused</osmand:provider>
          <osmand:heading>27.0</osmand:heading>
          <osmand:speed>5.5</osmand:speed>
        </extensions>
      </trkpt>
      <trkpt lat="48.8253618" lon="2.2926096">
        <ele>106.9</ele>
        <time>2026-02-05T20:23:17Z</time>
        <hdop>2.5</hdop>
        <extensions>
          <osmand:provider>fused</osmand:provider>
          <osmand:heading>33.0</osmand:heading>
          <osmand:speed>4.9</osmand:speed>
        </extensions>
      </trkpt>
      <trkpt lat="48.8253539" lon="2.2926752">
        <ele>106.9</ele>
        <time>2026-02-05T20:23:18Z</time>
        <hdop>2.3</hdop>
        <extensions>
          <osmand:provider>fused</osmand:provider>
          <osmand:heading>38.0</osmand:heading>
          <osmand:speed>5.2</osmand:speed>
        </extensions>
      </trkpt>
      <trkpt lat="48.825337" lon="2.2927309">
        <ele>106.9</ele>
        <time>2026-02-05T20:23:19Z</time>
        <hdop>2.3</hdop>
        <extensions>
          <osmand:provider>fused</osmand:provider>
          <osmand:heading>43.0</osmand:heading>
          <osmand:speed>5.2</osmand:speed>
        </extensions>
      </trkpt>
      <trkpt lat="48.8253198" lon="2.2928053">
        <ele>106.9</ele>
        <time>2026-02-05T20:23:20Z</time>
        <hdop>2.3</hdop>
        <extensions>
          <osmand:provider>fused</osmand:provider>
          <osmand:heading>49.0</osmand:heading>
          <osmand:speed>6.1</osmand:speed>
        </extensions>
      </trkpt>
      <trkpt lat="48.8253022" lon="2.2928921">
        <ele>106.9</ele>
        <time>2026-02-05T20:23:21Z</time>
        <hdop>2.3</hdop>
        <extensions>
          <osmand:provider>fused</osmand:provider>
          <osmand:heading>53.0</osmand:heading>
          <osmand:speed>6.5</osmand:speed>
        </extensions>
      </trkpt>
      <trkpt lat="48.8252836" lon="2.2929782">
        <ele>106.9</ele>
        <time>2026-02-05T20:23:22Z</time>
        <hdop>2.5</hdop>
        <extensions>
          <osmand:provider>fused</osmand:provider>
          <osmand:heading>56.0</osmand:heading>
          <osmand:speed>7.1</osmand:speed>
        </extensions>
      </trkpt>
      <trkpt lat="48.825261" lon="2.2930749">
        <ele>106.9</ele>
        <time>2026-02-05T20:23:23Z</time>
        <hdop>2.7</hdop>
        <extensions>
          <osmand:provider>fused</osmand:provider>
          <osmand:heading>57.0</osmand:heading>
          <osmand:speed>7.4</osmand:speed>
        </extensions>
      </trkpt>
      <trkpt lat="48.8252305" lon="2.2931797">
        <ele>106.9</ele>
        <time>2026-02-05T20:23:24Z</time>
        <hdop>3</hdop>
        <extensions>
          <osmand:provider>fused</osmand:provider>
          <osmand:heading>57.0</osmand:heading>
          <osmand:speed>8.1</osmand:speed>
        </extensions>
      </trkpt>
      <trkpt lat="48.8252058" lon="2.293282">
        <ele>106.9</ele>
        <time>2026-02-05T20:23:25Z</time>
        <hdop>3.2</hdop>
        <extensions>
          <osmand:provider>fused</osmand:provider>
          <osmand:heading>58.0</osmand:heading>
          <osmand:speed>8.6</osmand:speed>
        </extensions>
      </trkpt>
      <trkpt lat="48.825174" lon="2.2933896">
        <ele>106.9</ele>
        <time>2026-02-05T20:23:26Z</time>
        <hdop>3.2</hdop>
        <extensions>
          <osmand:provider>fused</osmand:provider>
          <osmand:heading>58.0</osmand:heading>
          <osmand:speed>8.8</osmand:speed>
        </extensions>
      </trkpt>
      <trkpt lat="48.8251435" lon="2.2934996">
        <ele>106.9</ele>
        <time>2026-02-05T20:23:27Z</time>
        <hdop>3.4</hdop>
        <extensions>
          <osmand:provider>fused</osmand:provider>
          <osmand:heading>58.0</osmand:heading>
          <osmand:speed>8.6</osmand:speed>
        </extensions>
      </trkpt>
      <trkpt lat="48.8251237" lon="2.2936056">
        <ele>106.9</ele>
        <time>2026-02-05T20:23:28Z</time>
        <hdop>3.6</hdop>
        <extensions>
          <osmand:provider>fused</osmand:provider>
          <osmand:heading>59.0</osmand:heading>
          <osmand:speed>7.9</osmand:speed>
        </extensions>
      </trkpt>
      <trkpt lat="48.8251054" lon="2.2937236">
        <ele>106.9</ele>
        <time>2026-02-05T20:23:29Z</time>
        <hdop>3.6</hdop>
        <extensions>
          <osmand:provider>fused</osmand:provider>
          <osmand:heading>59.0</osmand:heading>
          <osmand:speed>7.4</osmand:speed>
        </extensions>
      </trkpt>
      <trkpt lat="48.8250844" lon="2.2938101">
        <ele>106.9</ele>
        <time>2026-02-05T20:23:30Z</time>
        <hdop>3.7</hdop>
        <extensions>
          <osmand:provider>fused</osmand:provider>
          <osmand:heading>59.0</osmand:heading>
          <osmand:speed>7.1</osmand:speed>
        </extensions>
      </trkpt>
      <trkpt lat="48.8250664" lon="2.2938994">
        <ele>106.9</ele>
        <time>2026-02-05T20:23:31Z</time>
        <hdop>3.8</hdop>
        <extensions>
          <osmand:provider>fused</osmand:provider>
          <osmand:heading>58.0</osmand:heading>
          <osmand:speed>6.8</osmand:speed>
        </extensions>
      </trkpt>
      <trkpt lat="48.8250499" lon="2.2939794">
        <ele>106.9</ele>
        <time>2026-02-05T20:23:32Z</time>
        <hdop>3.9</hdop>
        <extensions>
          <osmand:provider>fused</osmand:provider>
          <osmand:heading>57.0</osmand:heading>
          <osmand:speed>6.2</osmand:speed>
        </extensions>
      </trkpt>
      <trkpt lat="48.8250382" lon="2.2940602">
        <ele>106.9</ele>
        <time>2026-02-05T20:23:33Z</time>
        <hdop>4</hdop>
        <extensions>
          <osmand:provider>fused</osmand:provider>
          <osmand:heading>56.0</osmand:heading>
          <osmand:speed>5.8</osmand:speed>
        </extensions>
      </trkpt>
      <trkpt lat="48.8250382" lon="2.2940602">
        <ele>107.9</ele>
        <time>2026-02-05T20:23:33Z</time>
        <hdop>5.5</hdop>
        <extensions>
          <osmand:provider>fused</osmand:provider>
          <osmand:heading>55.0</osmand:heading>
        </extensions>
      </trkpt>
      <trkpt lat="48.8250373" lon="2.2941392">
        <ele>107.9</ele>
        <time>2026-02-05T20:23:34Z</time>
        <hdop>5.4</hdop>
        <extensions>
          <osmand:provider>fused</osmand:provider>
          <osmand:heading>55.0</osmand:heading>
          <osmand:speed>5.3</osmand:speed>
        </extensions>
      </trkpt>
      <trkpt lat="48.8250361" lon="2.2941992">
        <ele>107.9</ele>
        <time>2026-02-05T20:23:35Z</time>
        <hdop>5.5</hdop>
        <extensions>
          <osmand:provider>fused</osmand:provider>
          <osmand:heading>53.0</osmand:heading>
          <osmand:speed>5.2</osmand:speed>
        </extensions>
      </trkpt>
      <trkpt lat="48.8250205" lon="2.2942634">
        <ele>107.9</ele>
        <time>2026-02-05T20:23:36Z</time>
        <hdop>5.8</hdop>
        <extensions>
          <osmand:provider>fused</osmand:provider>
          <osmand:heading>53.0</osmand:heading>
          <osmand:speed>4.9</osmand:speed>
        </extensions>
      </trkpt>
      <trkpt lat="48.8250085" lon="2.2943187">
        <ele>107.9</ele>
        <time>2026-02-05T20:23:37Z</time>
        <hdop>5.5</hdop>
        <extensions>
          <osmand:provider>fused</osmand:provider>
          <osmand:heading>54.0</osmand:heading>
          <osmand:speed>3.7</osmand:speed>
        </extensions>
      </trkpt>
      <trkpt lat="48.8249926" lon="2.2943613">
        <ele>107.9</ele>
        <time>2026-02-05T20:23:38Z</time>
        <hdop>5.5</hdop>
        <extensions>
          <osmand:provider>fused</osmand:provider>
          <osmand:heading>54.0</osmand:heading>
          <osmand:speed>2.9</osmand:speed>
        </extensions>
      </trkpt>
      <trkpt lat="48.824981" lon="2.2943934">
        <ele>107.9</ele>
        <time>2026-02-05T20:23:39Z</time>
        <hdop>4.1</hdop>
        <extensions>
          <osmand:provider>fused</osmand:provider>
          <osmand:heading>54.0</osmand:heading>
          <osmand:speed>1.7</osmand:speed>
        </extensions>
      </trkpt>
      <trkpt lat="48.8249687" lon="2.2944017">
        <ele>107.9</ele>
        <time>2026-02-05T20:23:40Z</time>
        <hdop>4.1</hdop>
        <extensions>
          <osmand:provider>fused</osmand:provider>
          <osmand:heading>54.0</osmand:heading>
          <osmand:speed>1</osmand:speed>
        </extensions>
      </trkpt>
      <trkpt lat="48.8249647" lon="2.2944105">
        <ele>107.7</ele>
        <time>2026-02-05T20:23:41Z</time>
        <hdop>4</hdop>
        <extensions>
          <osmand:provider>fused</osmand:provider>
          <osmand:heading>54.0</osmand:heading>
          <osmand:speed>0.8</osmand:speed>
        </extensions>
      </trkpt>
      <trkpt lat="48.8249604" lon="2.2944183">
        <ele>107.7</ele>
        <time>2026-02-05T20:23:42Z</time>
        <hdop>4</hdop>
        <extensions>
          <osmand:provider>fused</osmand:provider>
          <osmand:heading>54.0</osmand:heading>
          <osmand:speed>0.7</osmand:speed>
        </extensions>
      </trkpt>
      <trkpt lat="48.8249541" lon="2.2944328">
        <ele>107.7</ele>
        <time>2026-02-05T20:23:43Z</time>
        <hdop>4</hdop>
        <extensions>
          <osmand:provider>fused</osmand:provider>
          <osmand:heading>54.0</osmand:heading>
          <osmand:speed>1.3</osmand:speed>
        </extensions>
      </trkpt>
      <trkpt lat="48.8249488" lon="2.2944559">
        <ele>107.7</ele>
        <time>2026-02-05T20:23:44Z</time>
        <hdop>4.1</hdop>
        <extensions>
          <osmand:provider>fused</osmand:provider>
          <osmand:heading>54.0</osmand:heading>
          <osmand:speed>1.8</osmand:speed>
        </extensions>
      </trkpt>
      <trkpt lat="48.8249387" lon="2.2944877">
        <ele>107.7</ele>
        <time>2026-02-05T20:23:45Z</time>
        <hdop>4.2</hdop>
        <extensions>
          <osmand:provider>fused</osmand:provider>
          <osmand:heading>54.0</osmand:heading>
          <osmand:speed>3</osmand:speed>
        </extensions>
      </trkpt>
      <trkpt lat="48.8249245" lon="2.2945343">
        <ele>107.7</ele>
        <time>2026-02-05T20:23:46Z</time>
        <hdop>4.2</hdop>
        <extensions>
          <osmand:provider>fused</osmand:provider>
          <osmand:heading>54.0</osmand:heading>
          <osmand:speed>3.8</osmand:speed>
        </extensions>
      </trkpt>
      <trkpt lat="48.8249057" lon="2.2945973">
        <ele>107.7</ele>
        <time>2026-02-05T20:23:47Z</time>
        <hdop>4.4</hdop>
        <extensions>
          <osmand:provider>fused</osmand:provider>
          <osmand:heading>53.0</osmand:heading>
          <osmand:speed>4.9</osmand:speed>
        </extensions>
      </trkpt>
      <trkpt lat="48.8249026" lon="2.2946747">
        <ele>108.2</ele>
        <time>2026-02-05T20:23:48Z</time>
        <hdop>4.3</hdop>
        <extensions>
          <osmand:provider>fused</osmand:provider>
          <osmand:heading>53.0</osmand:heading>
          <osmand:speed>5</osmand:speed>
        </extensions>
      </trkpt>
      <trkpt lat="48.8248943" lon="2.2947433">
        <ele>108.2</ele>
        <time>2026-02-05T20:23:49Z</time>
        <hdop>4.3</hdop>
        <extensions>
          <osmand:provider>fused</osmand:provider>
          <osmand:heading>54.0</osmand:heading>
          <osmand:speed>4.8</osmand:speed>
        </extensions>
      </trkpt>
      <trkpt lat="48.8248765" lon="2.2947934">
        <ele>108.2</ele>
        <time>2026-02-05T20:23:50Z</time>
        <hdop>4.2</hdop>
        <extensions>
          <osmand:provider>fused</osmand:provider>
          <osmand:heading>59.0</osmand:heading>
          <osmand:speed>5</osmand:speed>
        </extensions>
      </trkpt>
      <trkpt lat="48.8248362" lon="2.2948273">
        <ele>108.2</ele>
        <time>2026-02-05T20:23:51Z</time>
        <hdop>4.1</hdop>
        <extensions>
          <osmand:provider>fused</osmand:provider>
          <osmand:heading>70.0</osmand:heading>
          <osmand:speed>6.1</osmand:speed>
        </extensions>
      </trkpt>
      <trkpt lat="48.8247791" lon="2.2948724">
        <ele>108.2</ele>
        <time>2026-02-05T20:23:52Z</time>
        <hdop>3.9</hdop>
        <extensions>
          <osmand:provider>fused</osmand:provider>
          <osmand:heading>83.0</osmand:heading>
          <osmand:speed>7</osmand:speed>
        </extensions>
      </trkpt>
      <trkpt lat="48.8247345" lon="2.294907">
        <ele>108.2</ele>
        <time>2026-02-05T20:23:53Z</time>
        <hdop>3.7</hdop>
        <extensions>
          <osmand:provider>fused</osmand:provider>
          <osmand:heading>91.0</osmand:heading>
          <osmand:speed>6.2</osmand:speed>
        </extensions>
      </trkpt>
      <trkpt lat="48.8246995" lon="2.2949447">
        <ele>108.2</ele>
        <time>2026-02-05T20:23:54Z</time>
        <hdop>3.4</hdop>
        <extensions>
          <osmand:provider>fused</osmand:provider>
          <osmand:heading>96.0</osmand:heading>
          <osmand:speed>4.9</osmand:speed>
        </extensions>
      </trkpt>
      <trkpt lat="48.824665" lon="2.2949703">
        <ele>108.2</ele>
        <time>2026-02-05T20:23:55Z</time>
        <hdop>3.2</hdop>
        <extensions>
          <osmand:provider>fused</osmand:provider>
          <osmand:heading>98.0</osmand:heading>
          <osmand:speed>5.7</osmand:speed>
        </extensions>
      </trkpt>
      <trkpt lat="48.824621" lon="2.2950072">
        <ele>108.2</ele>
        <time>2026-02-05T20:23:56Z</time>
        <hdop>3</hdop>
        <extensions>
          <osmand:provider>fused</osmand:provider>
          <osmand:heading>99.0</osmand:heading>
          <osmand:speed>5.6</osmand:speed>
        </extensions>
      </trkpt>
      <trkpt lat="48.8245774" lon="2.2950644">
        <ele>108.2</ele>
        <time>2026-02-05T20:23:57Z</time>
        <hdop>2.9</hdop>
        <extensions>
          <osmand:provider>fused</osmand:provider>
          <osmand:heading>98.0</osmand:heading>
          <osmand:speed>5.8</osmand:speed>
        </extensions>
      </trkpt>
      <trkpt lat="48.8245316" lon="2.2951227">
        <ele>108.2</ele>
        <time>2026-02-05T20:23:58Z</time>
        <hdop>2.8</hdop>
        <extensions>
          <osmand:provider>fused</osmand:provider>
          <osmand:heading>93.0</osmand:heading>
          <osmand:speed>5.3</osmand:speed>
        </extensions>
      </trkpt>
      <trkpt lat="48.8244993" lon="2.2951789">
        <ele>108.2</ele>
        <time>2026-02-05T20:23:59Z</time>
        <hdop>2.7</hdop>
        <extensions>
          <osmand:provider>fused</osmand:provider>
          <osmand:heading>89.0</osmand:heading>
          <osmand:speed>4.4</osmand:speed>
        </extensions>
      </trkpt>
      <trkpt lat="48.8244739" lon="2.2952164">
        <ele>108.2</ele>
        <time>2026-02-05T20:24:00Z</time>
        <hdop>2.8</hdop>
        <extensions>
          <osmand:provider>fused</osmand:provider>
          <osmand:heading>87.0</osmand:heading>
          <osmand:speed>3.7</osmand:speed>
        </extensions>
      </trkpt>
      <trkpt lat="48.8244492" lon="2.2952594">
        <ele>108.2</ele>
        <time>2026-02-05T20:24:01Z</time>
        <hdop>2.8</hdop>
        <extensions>
          <osmand:provider>fused</osmand:provider>
          <osmand:heading>84.0</osmand:heading>
          <osmand:speed>4.3</osmand:speed>
        </extensions>
      </trkpt>
      <trkpt lat="48.8244258" lon="2.2953203">
        <ele>109.1</ele>
        <time>2026-02-05T20:24:02Z</time>
        <hdop>2.9</hdop>
        <extensions>
          <osmand:provider>fused</osmand:provider>
          <osmand:heading>83.0</osmand:heading>
          <osmand:speed>4.7</osmand:speed>
        </extensions>
      </trkpt>
      <trkpt lat="48.8243825" lon="2.2953849">
        <ele>109.1</ele>
        <time>2026-02-05T20:24:03Z</time>
        <hdop>3</hdop>
        <extensions>
          <osmand:provider>fused</osmand:provider>
          <osmand:heading>82.0</osmand:heading>
          <osmand:speed>6.1</osmand:speed>
        </extensions>
      </trkpt>
      <trkpt lat="48.8243385" lon="2.2954621">
        <ele>109.1</ele>
        <time>2026-02-05T20:24:04Z</time>
        <hdop>3</hdop>
        <extensions>
          <osmand:provider>fused</osmand:provider>
          <osmand:heading>81.0</osmand:heading>
          <osmand:speed>7.3</osmand:speed>
        </extensions>
      </trkpt>
      <trkpt lat="48.8242924" lon="2.2955473">
        <ele>109.1</ele>
        <time>2026-02-05T20:24:05Z</time>
        <hdop>3</hdop>
        <extensions>
          <osmand:provider>fused</osmand:provider>
          <osmand:heading>81.0</osmand:heading>
          <osmand:speed>7.8</osmand:speed>
        </extensions>
      </trkpt>
      <trkpt lat="48.8242398" lon="2.2956356">
        <ele>109.1</ele>
        <time>2026-02-05T20:24:06Z</time>
        <hdop>3</hdop>
        <extensions>
          <osmand:provider>fused</osmand:provider>
          <osmand:heading>82.0</osmand:heading>
          <osmand:speed>8.9</osmand:speed>
        </extensions>
      </trkpt>
      <trkpt lat="48.824184" lon="2.2957462">
        <ele>109.1</ele>
        <time>2026-02-05T20:24:07Z</time>
        <hdop>3</hdop>
        <extensions>
          <osmand:provider>fused</osmand:provider>
          <osmand:heading>81.0</osmand:heading>
          <osmand:speed>9.6</osmand:speed>
        </extensions>
      </trkpt>
      <trkpt lat="48.824118" lon="2.2958568">
        <ele>109.1</ele>
        <time>2026-02-05T20:24:08Z</time>
        <hdop>2.9</hdop>
        <extensions>
          <osmand:provider>fused</osmand:provider>
          <osmand:heading>82.0</osmand:heading>
          <osmand:speed>10</osmand:speed>
        </extensions>
      </trkpt>
      <trkpt lat="48.8240538" lon="2.2959521">
        <ele>109.1</ele>
        <time>2026-02-05T20:24:09Z</time>
        <hdop>2.8</hdop>
        <extensions>
          <osmand:provider>fused</osmand:provider>
          <osmand:heading>82.0</osmand:heading>
          <osmand:speed>10.2</osmand:speed>
        </extensions>
      </trkpt>
      <trkpt lat="48.8239852" lon="2.2960481">
        <ele>110.8</ele>
        <time>2026-02-05T20:24:10Z</time>
        <hdop>2.8</hdop>
        <extensions>
          <osmand:provider>fused</osmand:provider>
          <osmand:heading>82.0</osmand:heading>
          <osmand:speed>10.6</osmand:speed>
        </extensions>
      </trkpt>
      <trkpt lat="48.8239181" lon="2.2961449">
        <ele>110.9</ele>
        <time>2026-02-05T20:24:11Z</time>
        <hdop>2.7</hdop>
        <extensions>
          <osmand:provider>fused</osmand:provider>
          <osmand:heading>83.0</osmand:heading>
          <osmand:speed>10.4</osmand:speed>
        </extensions>
      </trkpt>
      <trkpt lat="48.8238519" lon="2.2962441">
        <ele>111.4</ele>
        <time>2026-02-05T20:24:12Z</time>
        <hdop>2.6</hdop>
        <extensions>
          <osmand:provider>fused</osmand:provider>
          <osmand:heading>83.0</osmand:heading>
          <osmand:speed>9</osmand:speed>
        </extensions>
      </trkpt>
      <trkpt lat="48.8238" lon="2.2963225">
        <ele>111.4</ele>
        <time>2026-02-05T20:24:13Z</time>
        <hdop>2.6</hdop>
        <extensions>
          <osmand:provider>fused</osmand:provider>
          <osmand:heading>84.0</osmand:heading>
          <osmand:speed>8.3</osmand:speed>
        </extensions>
      </trkpt>
      <trkpt lat="48.8237498" lon="2.2963934">
        <ele>111.6</ele>
        <time>2026-02-05T20:24:14Z</time>
        <hdop>2.7</hdop>
        <extensions>
          <osmand:provider>fused</osmand:provider>
          <osmand:heading>84.0</osmand:heading>
          <osmand:speed>7.5</osmand:speed>
        </extensions>
      </trkpt>
      <trkpt lat="48.8237005" lon="2.2964592">
        <ele>111.7</ele>
        <time>2026-02-05T20:24:15Z</time>
        <hdop>2.8</hdop>
        <extensions>
          <osmand:provider>fused</osmand:provider>
          <osmand:heading>84.0</osmand:heading>
          <osmand:speed>7</osmand:speed>
        </extensions>
      </trkpt>
      <trkpt lat="48.823646" lon="2.296509">
        <ele>111.7</ele>
        <time>2026-02-05T20:24:16Z</time>
        <hdop>2.9</hdop>
        <extensions>
          <osmand:provider>fused</osmand:provider>
          <osmand:heading>84.0</osmand:heading>
          <osmand:speed>5.9</osmand:speed>
        </extensions>
      </trkpt>
      <trkpt lat="48.8236111" lon="2.2965573">
        <ele>111.7</ele>
        <time>2026-02-05T20:24:17Z</time>
        <hdop>2.9</hdop>
        <extensions>
          <osmand:provider>fused</osmand:provider>
          <osmand:heading>84.0</osmand:heading>
          <osmand:speed>4.8</osmand:speed>
        </extensions>
      </trkpt>
      <trkpt lat="48.8235824" lon="2.296594">
        <ele>111.7</ele>
        <time>2026-02-05T20:24:18Z</time>
        <hdop>3.1</hdop>
        <extensions>
          <osmand:provider>fused</osmand:provider>
          <osmand:heading>84.0</osmand:heading>
          <osmand:speed>3.4</osmand:speed>
        </extensions>
      </trkpt>
      <trkpt lat="48.8235668" lon="2.2966172">
        <ele>111.7</ele>
        <time>2026-02-05T20:24:19Z</time>
        <hdop>3.2</hdop>
        <extensions>
          <osmand:provider>fused</osmand:provider>
          <osmand:heading>85.0</osmand:heading>
          <osmand:speed>1.5</osmand:speed>
        </extensions>
      </trkpt>
      <trkpt lat="48.8235624" lon="2.2966355">
        <ele>111.8</ele>
        <time>2026-02-05T20:24:20Z</time>
        <hdop>3.2</hdop>
        <extensions>
          <osmand:provider>fused</osmand:provider>
          <osmand:heading>85.0</osmand:heading>
          <osmand:speed>0.5</osmand:speed>
        </extensions>
      </trkpt>
      <trkpt lat="48.8235646" lon="2.2966488">
        <ele>111.8</ele>
        <time>2026-02-05T20:24:21Z</time>
        <hdop>3.3</hdop>
        <extensions>
          <osmand:provider>fused</osmand:provider>
          <osmand:heading>84.0</osmand:heading>
          <osmand:speed>0.1</osmand:speed>
        </extensions>
      </trkpt>
      <trkpt lat="48.8235629" lon="2.2966514">
        <ele>111.8</ele>
        <time>2026-02-05T20:24:22Z</time>
        <hdop>3.3</hdop>
        <extensions>
          <osmand:provider>fused</osmand:provider>
          <osmand:heading>84.0</osmand:heading>
          <osmand:speed>0.3</osmand:speed>
        </extensions>
      </trkpt>
      <trkpt lat="48.823563" lon="2.2966517">
        <ele>111.8</ele>
        <time>2026-02-05T20:24:23Z</time>
        <hdop>3.4</hdop>
        <extensions>
          <osmand:provider>fused</osmand:provider>
          <osmand:heading>84.0</osmand:heading>
        </extensions>
      </trkpt>
      <trkpt lat="48.8235632" lon="2.2966516">
        <ele>111.8</ele>
        <time>2026-02-05T20:24:24Z</time>
        <hdop>3.4</hdop>
        <extensions>
          <osmand:provider>fused</osmand:provider>
          <osmand:heading>84.0</osmand:heading>
        </extensions>
      </trkpt>
      <trkpt lat="48.8235632" lon="2.2966517">
        <ele>111.8</ele>
        <time>2026-02-05T20:24:25Z</time>
        <hdop>3.3</hdop>
        <extensions>
          <osmand:provider>fused</osmand:provider>
          <osmand:heading>84.0</osmand:heading>
        </extensions>
      </trkpt>
      <trkpt lat="48.8235632" lon="2.2966518">
        <ele>111.8</ele>
        <time>2026-02-05T20:24:26Z</time>
        <hdop>3.2</hdop>
        <extensions>
          <osmand:provider>fused</osmand:provider>
          <osmand:heading>84.0</osmand:heading>
        </extensions>
      </trkpt>
      <trkpt lat="48.8235563" lon="2.2966623">
        <ele>111.8</ele>
        <time>2026-02-05T20:24:27Z</time>
        <hdop>3.2</hdop>
        <extensions>
          <osmand:provider>fused</osmand:provider>
          <osmand:heading>83.0</osmand:heading>
          <osmand:speed>0.8</osmand:speed>
        </extensions>
      </trkpt>
      <trkpt lat="48.8235507" lon="2.2966751">
        <ele>111.8</ele>
        <time>2026-02-05T20:24:28Z</time>
        <hdop>3.3</hdop>
        <extensions>
          <osmand:provider>fused</osmand:provider>
          <osmand:heading>82.0</osmand:heading>
          <osmand:speed>1.1</osmand:speed>
        </extensions>
      </trkpt>
      <trkpt lat="48.8235358" lon="2.2966989">
        <ele>111.8</ele>
        <time>2026-02-05T20:24:29Z</time>
        <hdop>3.3</hdop>
        <extensions>
          <osmand:provider>fused</osmand:provider>
          <osmand:heading>83.0</osmand:heading>
          <osmand:speed>2.8</osmand:speed>
        </extensions>
      </trkpt>
      <trkpt lat="48.8235184" lon="2.2967343">
        <ele>111.8</ele>
        <time>2026-02-05T20:24:30Z</time>
        <hdop>3.4</hdop>
        <extensions>
          <osmand:provider>fused</osmand:provider>
          <osmand:heading>83.0</osmand:heading>
          <osmand:speed>3.4</osmand:speed>
        </extensions>
      </trkpt>
      <trkpt lat="48.8235031" lon="2.296775">
        <ele>111.8</ele>
        <time>2026-02-05T20:24:31Z</time>
        <hdop>3.4</hdop>
        <extensions>
          <osmand:provider>fused</osmand:provider>
          <osmand:heading>81.0</osmand:heading>
          <osmand:speed>3</osmand:speed>
        </extensions>
      </trkpt>
      <trkpt lat="48.8234926" lon="2.2968134">
        <ele>111.8</ele>
        <time>2026-02-05T20:24:32Z</time>
        <hdop>3.5</hdop>
        <extensions>
          <osmand:provider>fused</osmand:provider>
          <osmand:heading>77.0</osmand:heading>
          <osmand:speed>2.2</osmand:speed>
        </extensions>
      </trkpt>
      <trkpt lat="48.8234941" lon="2.2968552">
        <ele>111.8</ele>
        <time>2026-02-05T20:24:33Z</time>
        <hdop>3.5</hdop>
        <extensions>
          <osmand:provider>fused</osmand:provider>
          <osmand:heading>74.0</osmand:heading>
          <osmand:speed>2</osmand:speed>
        </extensions>
      </trkpt>
      <trkpt lat="48.8234998" lon="2.2968702">
        <ele>112.5</ele>
        <time>2026-02-05T20:24:34Z</time>
        <hdop>3.5</hdop>
        <extensions>
          <osmand:provider>fused</osmand:provider>
          <osmand:heading>72.0</osmand:heading>
          <osmand:speed>1.6</osmand:speed>
        </extensions>
      </trkpt>
      <trkpt lat="48.8235001" lon="2.2969006">
        <ele>112.5</ele>
        <time>2026-02-05T20:24:35Z</time>
        <hdop>3.4</hdop>
        <extensions>
          <osmand:provider>fused</osmand:provider>
          <osmand:heading>71.0</osmand:heading>
          <osmand:speed>1.6</osmand:speed>
        </extensions>
      </trkpt>
      <trkpt lat="48.8235095" lon="2.2969236">
        <ele>112.5</ele>
        <time>2026-02-05T20:24:36Z</time>
        <hdop>3.3</hdop>
        <extensions>
          <osmand:provider>fused</osmand:provider>
          <osmand:heading>71.0</osmand:heading>
          <osmand:speed>1.7</osmand:speed>
        </extensions>
      </trkpt>
      <trkpt lat="48.8235193" lon="2.2969536">
        <ele>112.5</ele>
        <time>2026-02-05T20:24:37Z</time>
        <hdop>3.2</hdop>
        <extensions>
          <osmand:provider>fused</osmand:provider>
          <osmand:heading>70.0</osmand:heading>
          <osmand:speed>2.8</osmand:speed>
        </extensions>
      </trkpt>
      <trkpt lat="48.8235345" lon="2.2969974">
        <ele>112.5</ele>
        <time>2026-02-05T20:24:38Z</time>
        <hdop>3.2</hdop>
        <extensions>
          <osmand:provider>fused</osmand:provider>
          <osmand:heading>65.0</osmand:heading>
          <osmand:speed>3.2</osmand:speed>
        </extensions>
      </trkpt>
      <trkpt lat="48.8235488" lon="2.2970402">
        <ele>112.5</ele>
        <time>2026-02-05T20:24:39Z</time>
        <hdop>3.1</hdop>
        <extensions>
          <osmand:provider>fused</osmand:provider>
          <osmand:heading>51.0</osmand:heading>
          <osmand:speed>3.4</osmand:speed>
        </extensions>
      </trkpt>
      <trkpt lat="48.8235793" lon="2.2970852">
        <ele>112.6</ele>
        <time>2026-02-05T20:24:40Z</time>
        <hdop>3</hdop>
        <extensions>
          <osmand:provider>fused</osmand:provider>
          <osmand:heading>38.0</osmand:heading>
          <osmand:speed>4.8</osmand:speed>
        </extensions>
      </trkpt>
      <trkpt lat="48.823618" lon="2.2971523">
        <ele>112.6</ele>
        <time>2026-02-05T20:24:41Z</time>
        <hdop>3</hdop>
        <extensions>
          <osmand:provider>fused</osmand:provider>
          <osmand:heading>30.0</osmand:heading>
          <osmand:speed>6.4</osmand:speed>
        </extensions>
      </trkpt>
      <trkpt lat="48.8236579" lon="2.2972263">
        <ele>112.6</ele>
        <time>2026-02-05T20:24:42Z</time>
        <hdop>3</hdop>
        <extensions>
          <osmand:provider>fused</osmand:provider>
          <osmand:heading>26.0</osmand:heading>
          <osmand:speed>6.7</osmand:speed>
        </extensions>
      </trkpt>
      <trkpt lat="48.8237018" lon="2.2973133">
        <ele>112.6</ele>
        <time>2026-02-05T20:24:43Z</time>
        <hdop>3</hdop>
        <extensions>
          <osmand:provider>fused</osmand:provider>
          <osmand:heading>25.0</osmand:heading>
          <osmand:speed>7.9</osmand:speed>
        </extensions>
      </trkpt>
      <trkpt lat="48.8237468" lon="2.2974093">
        <ele>112.6</ele>
        <time>2026-02-05T20:24:44Z</time>
        <hdop>2.9</hdop>
        <extensions>
          <osmand:provider>fused</osmand:provider>
          <osmand:heading>27.0</osmand:heading>
          <osmand:speed>8</osmand:speed>
        </extensions>
      </trkpt>
      <trkpt lat="48.8237818" lon="2.2975129">
        <ele>112.6</ele>
        <time>2026-02-05T20:24:45Z</time>
        <hdop>2.9</hdop>
        <extensions>
          <osmand:provider>fused</osmand:provider>
          <osmand:heading>28.0</osmand:heading>
          <osmand:speed>8.4</osmand:speed>
        </extensions>
      </trkpt>
      <trkpt lat="48.8238247" lon="2.2976089">
        <ele>112.6</ele>
        <time>2026-02-05T20:24:46Z</time>
        <hdop>2.9</hdop>
        <extensions>
          <osmand:provider>fused</osmand:provider>
          <osmand:heading>28.0</osmand:heading>
          <osmand:speed>8.7</osmand:speed>
        </extensions>
      </trkpt>
      <trkpt lat="48.8238723" lon="2.297713">
        <ele>112.6</ele>
        <time>2026-02-05T20:24:47Z</time>
        <hdop>3</hdop>
        <extensions>
          <osmand:provider>fused</osmand:provider>
          <osmand:heading>26.0</osmand:heading>
          <osmand:speed>8.6</osmand:speed>
        </extensions>
      </trkpt>
      <trkpt lat="48.8239233" lon="2.2978066">
        <ele>112.6</ele>
        <time>2026-02-05T20:24:48Z</time>
        <hdop>3.1</hdop>
        <extensions>
          <osmand:provider>fused</osmand:provider>
          <osmand:heading>24.0</osmand:heading>
          <osmand:speed>8.6</osmand:speed>
        </extensions>
      </trkpt>
      <trkpt lat="48.8239707" lon="2.2979037">
        <ele>112.6</ele>
        <time>2026-02-05T20:24:49Z</time>
        <hdop>3.3</hdop>
        <extensions>
          <osmand:provider>fused</osmand:provider>
          <osmand:heading>23.0</osmand:heading>
          <osmand:speed>8.4</osmand:speed>
        </extensions>
      </trkpt>
      <trkpt lat="48.8240111" lon="2.2979928">
        <ele>112.6</ele>
        <time>2026-02-05T20:24:50Z</time>
        <hdop>3.4</hdop>
        <extensions>
          <osmand:provider>fused</osmand:provider>
          <osmand:heading>23.0</osmand:heading>
          <osmand:speed>7.6</osmand:speed>
        </extensions>
      </trkpt>
      <trkpt lat="48.8240473" lon="2.2980779">
        <ele>112.6</ele>
        <time>2026-02-05T20:24:51Z</time>
        <hdop>3.3</hdop>
        <extensions>
          <osmand:provider>fused</osmand:provider>
          <osmand:heading>23.0</osmand:heading>
          <osmand:speed>7.6</osmand:speed>
        </extensions>
      </trkpt>
      <trkpt lat="48.8240905" lon="2.2981604">
        <ele>112.6</ele>
        <time>2026-02-05T20:24:52Z</time>
        <hdop>3.3</hdop>
        <extensions>
          <osmand:provider>fused</osmand:provider>
          <osmand:heading>21.0</osmand:heading>
          <osmand:speed>7.5</osmand:speed>
        </extensions>
      </trkpt>
      <trkpt lat="48.8241287" lon="2.2982462">
        <ele>112.6</ele>
        <time>2026-02-05T20:24:53Z</time>
        <hdop>3.1</hdop>
        <extensions>
          <osmand:provider>fused</osmand:provider>
          <osmand:heading>22.0</osmand:heading>
          <osmand:speed>7.6</osmand:speed>
        </extensions>
      </trkpt>
      <trkpt lat="48.824168" lon="2.298324">
        <ele>112.6</ele>
        <time>2026-02-05T20:24:54Z</time>
        <hdop>2.9</hdop>
        <extensions>
          <osmand:provider>fused</osmand:provider>
          <osmand:heading>22.0</osmand:heading>
          <osmand:speed>7.1</osmand:speed>
        </extensions>
      </trkpt>
      <trkpt lat="48.8241999" lon="2.2984049">
        <ele>112.6</ele>
        <time>2026-02-05T20:24:55Z</time>
        <hdop>2.7</hdop>
        <extensions>
          <osmand:provider>fused</osmand:provider>
          <osmand:heading>23.0</osmand:heading>
          <osmand:speed>7.1</osmand:speed>
        </extensions>
      </trkpt>
      <trkpt lat="48.8242318" lon="2.2984945">
        <ele>112.6</ele>
        <time>2026-02-05T20:24:56Z</time>
        <hdop>2.7</hdop>
        <extensions>
          <osmand:provider>fused</osmand:provider>
          <osmand:heading>23.0</osmand:heading>
          <osmand:speed>7</osmand:speed>
        </extensions>
      </trkpt>
      <trkpt lat="48.8242631" lon="2.2985815">
        <ele>112.6</ele>
        <time>2026-02-05T20:24:57Z</time>
        <hdop>2.7</hdop>
        <extensions>
          <osmand:provider>fused</osmand:provider>
          <osmand:heading>23.0</osmand:heading>
          <osmand:speed>6.8</osmand:speed>
        </extensions>
      </trkpt>
      <trkpt lat="48.8242948" lon="2.2986576">
        <ele>112.6</ele>
        <time>2026-02-05T20:24:58Z</time>
        <hdop>2.8</hdop>
        <extensions>
          <osmand:provider>fused</osmand:provider>
          <osmand:heading>23.0</osmand:heading>
          <osmand:speed>7.1</osmand:speed>
        </extensions>
      </trkpt>
      <trkpt lat="48.8243343" lon="2.2987426">
        <ele>112.6</ele>
        <time>2026-02-05T20:24:59Z</time>
        <hdop>2.9</hdop>
        <extensions>
          <osmand:provider>fused</osmand:provider>
          <osmand:heading>23.0</osmand:heading>
          <osmand:speed>8.4</osmand:speed>
        </extensions>
      </trkpt>
      <trkpt lat="48.8243863" lon="2.298841">
        <ele>112.6</ele>
        <time>2026-02-05T20:25:00Z</time>
        <hdop>3.1</hdop>
        <extensions>
          <osmand:provider>fused</osmand:provider>
          <osmand:heading>23.0</osmand:heading>
          <osmand:speed>9.2</osmand:speed>
        </extensions>
      </trkpt>
      <trkpt lat="48.8244368" lon="2.2989488">
        <ele>110.6</ele>
        <time>2026-02-05T20:25:01Z</time>
        <hdop>3.2</hdop>
        <extensions>
          <osmand:provider>fused</osmand:provider>
          <osmand:heading>23.0</osmand:heading>
          <osmand:speed>9.9</osmand:speed>
        </extensions>
      </trkpt>
      <trkpt lat="48.8244936" lon="2.2990668">
        <ele>110.6</ele>
        <time>2026-02-05T20:25:02Z</time>
        <hdop>3.2</hdop>
        <extensions>
          <osmand:provider>fused</osmand:provider>
          <osmand:heading>20.0</osmand:heading>
          <osmand:speed>10.4</osmand:speed>
        </extensions>
      </trkpt>
      <trkpt lat="48.8245549" lon="2.299181">
        <ele>110.6</ele>
        <time>2026-02-05T20:25:03Z</time>
        <hdop>3.4</hdop>
        <extensions>
          <osmand:provider>fused</osmand:provider>
          <osmand:heading>19.0</osmand:heading>
          <osmand:speed>10.7</osmand:speed>
        </extensions>
      </trkpt>
      <trkpt lat="48.8246213" lon="2.2993042">
        <ele>110.6</ele>
        <time>2026-02-05T20:25:04Z</time>
        <hdop>3.3</hdop>
        <extensions>
          <osmand:provider>fused</osmand:provider>
          <osmand:heading>20.0</osmand:heading>
          <osmand:speed>11.4</osmand:speed>
        </extensions>
      </trkpt>
      <trkpt lat="48.8246908" lon="2.2994475">
        <ele>110.6</ele>
        <time>2026-02-05T20:25:05Z</time>
        <hdop>3.2</hdop>
        <extensions>
          <osmand:provider>fused</osmand:provider>
          <osmand:heading>22.0</osmand:heading>
          <osmand:speed>12.4</osmand:speed>
        </extensions>
      </trkpt>
      <trkpt lat="48.8247555" lon="2.2995859">
        <ele>110.6</ele>
        <time>2026-02-05T20:25:06Z</time>
        <hdop>3.2</hdop>
        <extensions>
          <osmand:provider>fused</osmand:provider>
          <osmand:heading>21.0</osmand:heading>
          <osmand:speed>12.4</osmand:speed>
        </extensions>
      </trkpt>
      <trkpt lat="48.8248137" lon="2.2997241">
        <ele>110.6</ele>
        <time>2026-02-05T20:25:07Z</time>
        <hdop>3.2</hdop>
        <extensions>
          <osmand:provider>fused</osmand:provider>
          <osmand:heading>21.0</osmand:heading>
          <osmand:speed>11.4</osmand:speed>
        </extensions>
      </trkpt>
      <trkpt lat="48.8248684" lon="2.2998394">
        <ele>110.6</ele>
        <time>2026-02-05T20:25:08Z</time>
        <hdop>3</hdop>
        <extensions>
          <osmand:provider>fused</osmand:provider>
          <osmand:heading>21.0</osmand:heading>
          <osmand:speed>10.4</osmand:speed>
        </extensions>
      </trkpt>
      <trkpt lat="48.8249207" lon="2.2999543">
        <ele>110.6</ele>
        <time>2026-02-05T20:25:09Z</time>
        <hdop>2.8</hdop>
        <extensions>
          <osmand:provider>fused</osmand:provider>
          <osmand:heading>20.0</osmand:heading>
          <osmand:speed>10.1</osmand:speed>
        </extensions>
      </trkpt>
      <trkpt lat="48.8249775" lon="2.3000733">
        <ele>110.6</ele>
        <time>2026-02-05T20:25:10Z</time>
        <hdop>2.8</hdop>
        <extensions>
          <osmand:provider>fused</osmand:provider>
          <osmand:heading>20.0</osmand:heading>
          <osmand:speed>9.7</osmand:speed>
        </extensions>
      </trkpt>
      <trkpt lat="48.8250282" lon="2.3001724">
        <ele>110.6</ele>
        <time>2026-02-05T20:25:11Z</time>
        <hdop>2.7</hdop>
        <extensions>
          <osmand:provider>fused</osmand:provider>
          <osmand:heading>20.0</osmand:heading>
          <osmand:speed>8.7</osmand:speed>
        </extensions>
      </trkpt>
      <trkpt lat="48.8250767" lon="2.3002611">
        <ele>110.6</ele>
        <time>2026-02-05T20:25:12Z</time>
        <hdop>2.6</hdop>
        <extensions>
          <osmand:provider>fused</osmand:provider>
          <osmand:heading>22.0</osmand:heading>
          <osmand:speed>7.6</osmand:speed>
        </extensions>
      </trkpt>
      <trkpt lat="48.8251233" lon="2.3003233">
        <ele>110.6</ele>
        <time>2026-02-05T20:25:13Z</time>
        <hdop>2.6</hdop>
        <extensions>
          <osmand:provider>fused</osmand:provider>
          <osmand:heading>23.0</osmand:heading>
          <osmand:speed>6.9</osmand:speed>
        </extensions>
      </trkpt>
      <trkpt lat="48.8251586" lon="2.3003737">
        <ele>108.7</ele>
        <time>2026-02-05T20:25:14Z</time>
        <hdop>2.7</hdop>
        <extensions>
          <osmand:provider>fused</osmand:provider>
          <osmand:heading>22.0</osmand:heading>
          <osmand:speed>5.1</osmand:speed>
        </extensions>
      </trkpt>
      <trkpt lat="48.825187" lon="2.3004082">
        <ele>108.1</ele>
        <time>2026-02-05T20:25:15Z</time>
        <hdop>2.6</hdop>
        <extensions>
          <osmand:provider>fused</osmand:provider>
          <osmand:heading>22.0</osmand:heading>
          <osmand:speed>4.4</osmand:speed>
        </extensions>
      </trkpt>
      <trkpt lat="48.8252043" lon="2.3004364">
        <ele>107.8</ele>
        <time>2026-02-05T20:25:16Z</time>
        <hdop>2.6</hdop>
        <extensions>
          <osmand:provider>fused</osmand:provider>
          <osmand:heading>21.0</osmand:heading>
          <osmand:speed>3.9</osmand:speed>
        </extensions>
      </trkpt>
      <trkpt lat="48.8252286" lon="2.3004712">
        <ele>107.7</ele>
        <time>2026-02-05T20:25:17Z</time>
        <hdop>2.5</hdop>
        <extensions>
          <osmand:provider>fused</osmand:provider>
          <osmand:heading>20.0</osmand:heading>
          <osmand:speed>2.9</osmand:speed>
        </extensions>
      </trkpt>
      <trkpt lat="48.8252452" lon="2.300486">
        <ele>106.8</ele>
        <time>2026-02-05T20:25:18Z</time>
        <hdop>2.5</hdop>
        <extensions>
          <osmand:provider>fused</osmand:provider>
          <osmand:heading>18.0</osmand:heading>
          <osmand:speed>1.8</osmand:speed>
        </extensions>
      </trkpt>
      <trkpt lat="48.8252554" lon="2.3004955">
        <ele>106.8</ele>
        <time>2026-02-05T20:25:19Z</time>
        <hdop>2.4</hdop>
        <extensions>
          <osmand:provider>fused</osmand:provider>
          <osmand:heading>17.0</osmand:heading>
          <osmand:speed>1.1</osmand:speed>
        </extensions>
      </trkpt>
      <trkpt lat="48.8252557" lon="2.3004972">
        <ele>106.8</ele>
        <time>2026-02-05T20:25:20Z</time>
        <hdop>2.4</hdop>
        <extensions>
          <osmand:provider>fused</osmand:provider>
          <osmand:heading>16.0</osmand:heading>
        </extensions>
      </trkpt>
      <trkpt lat="48.8252559" lon="2.3005003">
        <ele>106.8</ele>
        <time>2026-02-05T20:25:21Z</time>
        <hdop>2.4</hdop>
        <extensions>
          <osmand:provider>fused</osmand:provider>
          <osmand:heading>16.0</osmand:heading>
          <osmand:speed>0.1</osmand:speed>
        </extensions>
      </trkpt>
      <trkpt lat="48.825256" lon="2.3005002">
        <ele>106.8</ele>
        <time>2026-02-05T20:25:22Z</time>
        <hdop>2.4</hdop>
        <extensions>
          <osmand:provider>fused</osmand:provider>
          <osmand:heading>16.0</osmand:heading>
        </extensions>
      </trkpt>
      <trkpt lat="48.8252582" lon="2.3005039">
        <ele>106.8</ele>
        <time>2026-02-05T20:25:23Z</time>
        <hdop>2.5</hdop>
        <extensions>
          <osmand:provider>fused</osmand:provider>
          <osmand:heading>14.0</osmand:heading>
          <osmand:speed>0.4</osmand:speed>
        </extensions>
      </trkpt>
      <trkpt lat="48.8252699" lon="2.3005178">
        <ele>106.6</ele>
        <time>2026-02-05T20:25:24Z</time>
        <hdop>2.5</hdop>
        <extensions>
          <osmand:provider>fused</osmand:provider>
          <osmand:heading>14.0</osmand:heading>
          <osmand:speed>2.3</osmand:speed>
        </extensions>
      </trkpt>
      <trkpt lat="48.8252898" lon="2.3005413">
        <ele>107.1</ele>
        <time>2026-02-05T20:25:25Z</time>
        <hdop>2.5</hdop>
        <extensions>
          <osmand:provider>fused</osmand:provider>
          <osmand:heading>14.0</osmand:heading>
          <osmand:speed>3.3</osmand:speed>
        </extensions>
      </trkpt>
      <trkpt lat="48.825316" lon="2.30057">
        <ele>107.1</ele>
        <time>2026-02-05T20:25:26Z</time>
        <hdop>2.5</hdop>
        <extensions>
          <osmand:provider>fused</osmand:provider>
          <osmand:heading>13.0</osmand:heading>
          <osmand:speed>3.7</osmand:speed>
        </extensions>
      </trkpt>
      <trkpt lat="48.8253371" lon="2.3006084">
        <ele>106.3</ele>
        <time>2026-02-05T20:25:27Z</time>
        <hdop>2.5</hdop>
        <extensions>
          <osmand:provider>fused</osmand:provider>
          <osmand:heading>13.0</osmand:heading>
          <osmand:speed>3.8</osmand:speed>
        </extensions>
      </trkpt>
      <trkpt lat="48.8253558" lon="2.3006447">
        <ele>106.4</ele>
        <time>2026-02-05T20:25:28Z</time>
        <hdop>2.4</hdop>
        <extensions>
          <osmand:provider>fused</osmand:provider>
          <osmand:heading>17.0</osmand:heading>
          <osmand:speed>3.8</osmand:speed>
        </extensions>
      </trkpt>
      <trkpt lat="48.8253638" lon="2.3007">
        <ele>106.3</ele>
        <time>2026-02-05T20:25:29Z</time>
        <hdop>2.4</hdop>
        <extensions>
          <osmand:provider>fused</osmand:provider>
          <osmand:heading>24.0</osmand:heading>
          <osmand:speed>4.9</osmand:speed>
        </extensions>
      </trkpt>
      <trkpt lat="48.8253693" lon="2.3007675">
        <ele>107.3</ele>
        <time>2026-02-05T20:25:30Z</time>
        <hdop>2.3</hdop>
        <extensions>
          <osmand:provider>fused</osmand:provider>
          <osmand:heading>33.0</osmand:heading>
          <osmand:speed>4.9</osmand:speed>
        </extensions>
      </trkpt>
      <trkpt lat="48.825367" lon="2.3008342">
        <ele>107.3</ele>
        <time>2026-02-05T20:25:31Z</time>
        <hdop>2.2</hdop>
        <extensions>
          <osmand:provider>fused</osmand:provider>
          <osmand:heading>42.0</osmand:heading>
          <osmand:speed>5</osmand:speed>
        </extensions>
      </trkpt>
      <trkpt lat="48.8253567" lon="2.3009032">
        <ele>107.3</ele>
        <time>2026-02-05T20:25:32Z</time>
        <hdop>2.2</hdop>
        <extensions>
          <osmand:provider>fused</osmand:provider>
          <osmand:heading>53.0</osmand:heading>
          <osmand:speed>5.2</osmand:speed>
        </extensions>
      </trkpt>
      <trkpt lat="48.8253448" lon="2.3009639">
        <ele>107.3</ele>
        <time>2026-02-05T20:25:33Z</time>
        <hdop>2.3</hdop>
        <extensions>
          <osmand:provider>fused</osmand:provider>
          <osmand:heading>59.0</osmand:heading>
          <osmand:speed>4.6</osmand:speed>
        </extensions>
      </trkpt>
      <trkpt lat="48.8253266" lon="2.3010313">
        <ele>107.3</ele>
        <time>2026-02-05T20:25:34Z</time>
        <hdop>2.4</hdop>
        <extensions>
          <osmand:provider>fused</osmand:provider>
          <osmand:heading>64.0</osmand:heading>
          <osmand:speed>5</osmand:speed>
        </extensions>
      </trkpt>
      <trkpt lat="48.8253063" lon="2.3011032">
        <ele>107.3</ele>
        <time>2026-02-05T20:25:35Z</time>
        <hdop>2.7</hdop>
        <extensions>
          <osmand:provider>fused</osmand:provider>
          <osmand:heading>61.0</osmand:heading>
          <osmand:speed>5.5</osmand:speed>
        </extensions>
      </trkpt>
      <trkpt lat="48.8252908" lon="2.3011916">
        <ele>107.3</ele>
        <time>2026-02-05T20:25:36Z</time>
        <hdop>3.3</hdop>
        <extensions>
          <osmand:provider>fused</osmand:provider>
          <osmand:heading>57.0</osmand:heading>
          <osmand:speed>5.7</osmand:speed>
        </extensions>
      </trkpt>
      <trkpt lat="48.8252622" lon="2.3013108">
        <ele>107.1</ele>
        <time>2026-02-05T20:25:37Z</time>
        <hdop>3.5</hdop>
        <extensions>
          <osmand:provider>fused</osmand:provider>
          <osmand:heading>55.0</osmand:heading>
          <osmand:speed>7.7</osmand:speed>
        </extensions>
      </trkpt>
      <trkpt lat="48.8252318" lon="2.3014201">
        <ele>107.1</ele>
        <time>2026-02-05T20:25:38Z</time>
        <hdop>3.8</hdop>
        <extensions>
          <osmand:provider>fused</osmand:provider>
          <osmand:heading>54.0</osmand:heading>
          <osmand:speed>7.7</osmand:speed>
        </extensions>
      </trkpt>
      <trkpt lat="48.8252059" lon="2.3015383">
        <ele>107.1</ele>
        <time>2026-02-05T20:25:39Z</time>
        <hdop>3.9</hdop>
        <extensions>
          <osmand:provider>fused</osmand:provider>
          <osmand:heading>54.0</osmand:heading>
          <osmand:speed>6.7</osmand:speed>
        </extensions>
      </trkpt>
      <trkpt lat="48.8251782" lon="2.3016533">
        <ele>107.1</ele>
        <time>2026-02-05T20:25:40Z</time>
        <hdop>3.9</hdop>
        <extensions>
          <osmand:provider>fused</osmand:provider>
          <osmand:heading>54.0</osmand:heading>
          <osmand:speed>5.8</osmand:speed>
        </extensions>
      </trkpt>
      <trkpt lat="48.825156" lon="2.3017145">
        <ele>107.1</ele>
        <time>2026-02-05T20:25:41Z</time>
        <hdop>3.6</hdop>
        <extensions>
          <osmand:provider>fused</osmand:provider>
          <osmand:heading>53.0</osmand:heading>
          <osmand:speed>4.8</osmand:speed>
        </extensions>
      </trkpt>
      <trkpt lat="48.8251396" lon="2.3017878">
        <ele>107.1</ele>
        <time>2026-02-05T20:25:42Z</time>
        <hdop>3.4</hdop>
        <extensions>
          <osmand:provider>fused</osmand:provider>
          <osmand:heading>54.0</osmand:heading>
          <osmand:speed>4.1</osmand:speed>
        </extensions>
      </trkpt>
      <trkpt lat="48.8251229" lon="2.3018333">
        <ele>107.1</ele>
        <time>2026-02-05T20:25:43Z</time>
        <hdop>2.9</hdop>
        <extensions>
          <osmand:provider>fused</osmand:provider>
          <osmand:heading>54.0</osmand:heading>
          <osmand:speed>3</osmand:speed>
        </extensions>
      </trkpt>
      <trkpt lat="48.825114" lon="2.3018667">
        <ele>107.1</ele>
        <time>2026-02-05T20:25:44Z</time>
        <hdop>2.8</hdop>
        <extensions>
          <osmand:provider>fused</osmand:provider>
          <osmand:heading>54.0</osmand:heading>
          <osmand:speed>2.5</osmand:speed>
        </extensions>
      </trkpt>
      <trkpt lat="48.8251107" lon="2.3018908">
        <ele>107.1</ele>
        <time>2026-02-05T20:25:45Z</time>
        <hdop>2.5</hdop>
        <extensions>
          <osmand:provider>fused</osmand:provider>
          <osmand:heading>54.0</osmand:heading>
          <osmand:speed>1.5</osmand:speed>
        </extensions>
      </trkpt>
      <trkpt lat="48.8251094" lon="2.3019043">
        <ele>107.1</ele>
        <time>2026-02-05T20:25:46Z</time>
        <hdop>2.5</hdop>
        <extensions>
          <osmand:provider>fused</osmand:provider>
          <osmand:heading>54.0</osmand:heading>
          <osmand:speed>1</osmand:speed>
        </extensions>
      </trkpt>
      <trkpt lat="48.8251067" lon="2.3019165">
        <ele>107.1</ele>
        <time>2026-02-05T20:25:47Z</time>
        <hdop>2.3</hdop>
        <extensions>
          <osmand:provider>fused</osmand:provider>
          <osmand:heading>54.0</osmand:heading>
          <osmand:speed>0.2</osmand:speed>
        </extensions>
      </trkpt>
      <trkpt lat="48.8251037" lon="2.301921">
        <ele>107.1</ele>
        <time>2026-02-05T20:25:48Z</time>
        <hdop>2.2</hdop>
        <extensions>
          <osmand:provider>fused</osmand:provider>
          <osmand:heading>53.0</osmand:heading>
          <osmand:speed>0.1</osmand:speed>
        </extensions>
      </trkpt>
      <trkpt lat="48.8251035" lon="2.3019217">
        <ele>107.1</ele>
        <time>2026-02-05T20:25:49Z</time>
        <hdop>2.2</hdop>
        <extensions>
          <osmand:provider>fused</osmand:provider>
          <osmand:heading>53.0</osmand:heading>
        </extensions>
      </trkpt>
      <trkpt lat="48.8251035" lon="2.3019221">
        <ele>107.1</ele>
        <time>2026-02-05T20:25:50Z</time>
        <hdop>2.2</hdop>
        <extensions>
          <osmand:provider>fused</osmand:provider>
          <osmand:heading>53.0</osmand:heading>
        </extensions>
      </trkpt>
      <trkpt lat="48.8251035" lon="2.3019225">
        <ele>107.1</ele>
        <time>2026-02-05T20:25:51Z</time>
        <hdop>2.3</hdop>
        <extensions>
          <osmand:provider>fused</osmand:provider>
          <osmand:heading>53.0</osmand:heading>
        </extensions>
      </trkpt>
      <trkpt lat="48.8251035" lon="2.3019228">
        <ele>107.1</ele>
        <time>2026-02-05T20:25:52Z</time>
        <hdop>2.3</hdop>
        <extensions>
          <osmand:provider>fused</osmand:provider>
          <osmand:heading>53.0</osmand:heading>
        </extensions>
      </trkpt>
      <trkpt lat="48.8251036" lon="2.3019232">
        <ele>107.1</ele>
        <time>2026-02-05T20:25:53Z</time>
        <hdop>2.4</hdop>
        <extensions>
          <osmand:provider>fused</osmand:provider>
          <osmand:heading>53.0</osmand:heading>
        </extensions>
      </trkpt>
      <trkpt lat="48.8251036" lon="2.3019236">
        <ele>107.1</ele>
        <time>2026-02-05T20:25:54Z</time>
        <hdop>2.3</hdop>
        <extensions>
          <osmand:provider>fused</osmand:provider>
          <osmand:heading>53.0</osmand:heading>
        </extensions>
      </trkpt>
      <trkpt lat="48.8251038" lon="2.3019243">
        <ele>107.1</ele>
        <time>2026-02-05T20:25:55Z</time>
        <hdop>2.2</hdop>
        <extensions>
          <osmand:provider>fused</osmand:provider>
          <osmand:heading>53.0</osmand:heading>
        </extensions>
      </trkpt>
      <trkpt lat="48.8251039" lon="2.301925">
        <ele>107.1</ele>
        <time>2026-02-05T20:25:56Z</time>
        <hdop>2.2</hdop>
        <extensions>
          <osmand:provider>fused</osmand:provider>
          <osmand:heading>53.0</osmand:heading>
        </extensions>
      </trkpt>
      <trkpt lat="48.8251039" lon="2.3019258">
        <ele>107.1</ele>
        <time>2026-02-05T20:25:57Z</time>
        <hdop>2.1</hdop>
        <extensions>
          <osmand:provider>fused</osmand:provider>
          <osmand:heading>53.0</osmand:heading>
        </extensions>
      </trkpt>
      <trkpt lat="48.825104" lon="2.3019262">
        <ele>107.1</ele>
        <time>2026-02-05T20:25:58Z</time>
        <hdop>2</hdop>
        <extensions>
          <osmand:provider>fused</osmand:provider>
          <osmand:heading>53.0</osmand:heading>
        </extensions>
      </trkpt>
      <trkpt lat="48.8251042" lon="2.3019266">
        <ele>107.1</ele>
        <time>2026-02-05T20:25:59Z</time>
        <hdop>2</hdop>
        <extensions>
          <osmand:provider>fused</osmand:provider>
          <osmand:heading>53.0</osmand:heading>
        </extensions>
      </trkpt>
      <trkpt lat="48.8251044" lon="2.3019269">
        <ele>107.1</ele>
        <time>2026-02-05T20:26:00Z</time>
        <hdop>2</hdop>
        <extensions>
          <osmand:provider>fused</osmand:provider>
          <osmand:heading>53.0</osmand:heading>
        </extensions>
      </trkpt>
      <trkpt lat="48.8251044" lon="2.301927">
        <ele>107.1</ele>
        <time>2026-02-05T20:26:01Z</time>
        <hdop>2</hdop>
        <extensions>
          <osmand:provider>fused</osmand:provider>
          <osmand:heading>53.0</osmand:heading>
        </extensions>
      </trkpt>
      <trkpt lat="48.8251044" lon="2.3019268">
        <ele>107.1</ele>
        <time>2026-02-05T20:26:02Z</time>
        <hdop>2</hdop>
        <extensions>
          <osmand:provider>fused</osmand:provider>
          <osmand:heading>53.0</osmand:heading>
        </extensions>
      </trkpt>
      <trkpt lat="48.8251046" lon="2.3019269">
        <ele>107.1</ele>
        <time>2026-02-05T20:26:03Z</time>
        <hdop>2.1</hdop>
        <extensions>
          <osmand:provider>fused</osmand:provider>
          <osmand:heading>53.0</osmand:heading>
        </extensions>
      </trkpt>
      <trkpt lat="48.8251047" lon="2.3019272">
        <ele>107.1</ele>
        <time>2026-02-05T20:26:04Z</time>
        <hdop>2.1</hdop>
        <extensions>
          <osmand:provider>fused</osmand:provider>
          <osmand:heading>53.0</osmand:heading>
        </extensions>
      </trkpt>
      <trkpt lat="48.8251047" lon="2.3019271">
        <ele>107.1</ele>
        <time>2026-02-05T20:26:05Z</time>
        <hdop>2.2</hdop>
        <extensions>
          <osmand:provider>fused</osmand:provider>
          <osmand:heading>53.0</osmand:heading>
        </extensions>
      </trkpt>
      <trkpt lat="48.8251047" lon="2.301927">
        <ele>107.1</ele>
        <time>2026-02-05T20:26:06Z</time>
        <hdop>2.3</hdop>
        <extensions>
          <osmand:provider>fused</osmand:provider>
          <osmand:heading>53.0</osmand:heading>
        </extensions>
      </trkpt>
      <trkpt lat="48.8251046" lon="2.3019271">
        <ele>107.1</ele>
        <time>2026-02-05T20:26:07Z</time>
        <hdop>2.3</hdop>
        <extensions>
          <osmand:provider>fused</osmand:provider>
          <osmand:heading>53.0</osmand:heading>
        </extensions>
      </trkpt>
      <trkpt lat="48.8251043" lon="2.3019271">
        <ele>107.1</ele>
        <time>2026-02-05T20:26:08Z</time>
        <hdop>2.3</hdop>
        <extensions>
          <osmand:provider>fused</osmand:provider>
          <osmand:heading>53.0</osmand:heading>
        </extensions>
      </trkpt>
      <trkpt lat="48.8251041" lon="2.3019272">
        <ele>107.1</ele>
        <time>2026-02-05T20:26:09Z</time>
        <hdop>2.4</hdop>
        <extensions>
          <osmand:provider>fused</osmand:provider>
          <osmand:heading>53.0</osmand:heading>
        </extensions>
      </trkpt>
      <trkpt lat="48.8251039" lon="2.3019272">
        <ele>107.1</ele>
        <time>2026-02-05T20:26:10Z</time>
        <hdop>2.3</hdop>
        <extensions>
          <osmand:provider>fused</osmand:provider>
          <osmand:heading>53.0</osmand:heading>
        </extensions>
      </trkpt>
      <trkpt lat="48.8251037" lon="2.3019273">
        <ele>107.1</ele>
        <time>2026-02-05T20:26:11Z</time>
        <hdop>2.3</hdop>
        <extensions>
          <osmand:provider>fused</osmand:provider>
          <osmand:heading>53.0</osmand:heading>
        </extensions>
      </trkpt>
      <trkpt lat="48.8251036" lon="2.3019272">
        <ele>107.1</ele>
        <time>2026-02-05T20:26:12Z</time>
        <hdop>2.3</hdop>
        <extensions>
          <osmand:provider>fused</osmand:provider>
          <osmand:heading>53.0</osmand:heading>
        </extensions>
      </trkpt>
      <trkpt lat="48.8251035" lon="2.3019273">
        <ele>107.1</ele>
        <time>2026-02-05T20:26:13Z</time>
        <hdop>2.3</hdop>
        <extensions>
          <osmand:provider>fused</osmand:provider>
          <osmand:heading>53.0</osmand:heading>
        </extensions>
      </trkpt>
      <trkpt lat="48.8251011" lon="2.3019292">
        <ele>107.1</ele>
        <time>2026-02-05T20:26:14Z</time>
        <hdop>2.4</hdop>
        <extensions>
          <osmand:provider>fused</osmand:provider>
          <osmand:heading>53.0</osmand:heading>
          <osmand:speed>0.1</osmand:speed>
        </extensions>
      </trkpt>
      <trkpt lat="48.8250948" lon="2.3019438">
        <ele>107.1</ele>
        <time>2026-02-05T20:26:15Z</time>
        <hdop>2.4</hdop>
        <extensions>
          <osmand:provider>fused</osmand:provider>
          <osmand:heading>52.0</osmand:heading>
          <osmand:speed>1.5</osmand:speed>
        </extensions>
      </trkpt>
      <trkpt lat="48.8250832" lon="2.3019755">
        <ele>107.1</ele>
        <time>2026-02-05T20:26:16Z</time>
        <hdop>2.5</hdop>
        <extensions>
          <osmand:provider>fused</osmand:provider>
          <osmand:heading>52.0</osmand:heading>
          <osmand:speed>2.9</osmand:speed>
        </extensions>
      </trkpt>
      <trkpt lat="48.825073" lon="2.3020195">
        <ele>107.1</ele>
        <time>2026-02-05T20:26:17Z</time>
        <hdop>2.5</hdop>
        <extensions>
          <osmand:provider>fused</osmand:provider>
          <osmand:heading>52.0</osmand:heading>
          <osmand:speed>3.6</osmand:speed>
        </extensions>
      </trkpt>
      <trkpt lat="48.8250602" lon="2.3020698">
        <ele>107.1</ele>
        <time>2026-02-05T20:26:18Z</time>
        <hdop>2.5</hdop>
        <extensions>
          <osmand:provider>fused</osmand:provider>
          <osmand:heading>52.0</osmand:heading>
          <osmand:speed>4.2</osmand:speed>
        </extensions>
      </trkpt>
      <trkpt lat="48.8250572" lon="2.3021128">
        <ele>107.1</ele>
        <time>2026-02-05T20:26:19Z</time>
        <hdop>2.4</hdop>
        <extensions>
          <osmand:provider>fused</osmand:provider>
          <osmand:heading>52.0</osmand:heading>
          <osmand:speed>5.2</osmand:speed>
        </extensions>
      </trkpt>
      <trkpt lat="48.8250376" lon="2.3021869">
        <ele>107.1</ele>
        <time>2026-02-05T20:26:20Z</time>
        <hdop>2.3</hdop>
        <extensions>
          <osmand:provider>fused</osmand:provider>
          <osmand:heading>51.0</osmand:heading>
          <osmand:speed>5.6</osmand:speed>
        </extensions>
      </trkpt>
      <trkpt lat="48.825024" lon="2.3022702">
        <ele>107.1</ele>
        <time>2026-02-05T20:26:21Z</time>
        <hdop>2.2</hdop>
        <extensions>
          <osmand:provider>fused</osmand:provider>
          <osmand:heading>51.0</osmand:heading>
          <osmand:speed>6.6</osmand:speed>
        </extensions>
      </trkpt>
      <trkpt lat="48.8250055" lon="2.3023625">
        <ele>107.1</ele>
        <time>2026-02-05T20:26:22Z</time>
        <hdop>2.2</hdop>
        <extensions>
          <osmand:provider>fused</osmand:provider>
          <osmand:heading>51.0</osmand:heading>
          <osmand:speed>7.7</osmand:speed>
        </extensions>
      </trkpt>
      <trkpt lat="48.8249844" lon="2.3024785">
        <ele>107.1</ele>
        <time>2026-02-05T20:26:23Z</time>
        <hdop>2</hdop>
        <extensions>
          <osmand:provider>fused</osmand:provider>
          <osmand:heading>52.0</osmand:heading>
          <osmand:speed>8.3</osmand:speed>
        </extensions>
      </trkpt>
      <trkpt lat="48.8249563" lon="2.3025891">
        <ele>107.1</ele>
        <time>2026-02-05T20:26:24Z</time>
        <hdop>2</hdop>
        <extensions>
          <osmand:provider>fused</osmand:provider>
          <osmand:heading>54.0</osmand:heading>
          <osmand:speed>8.7</osmand:speed>
        </extensions>
      </trkpt>
      <trkpt lat="48.8249234" lon="2.3027137">
        <ele>108.8</ele>
        <time>2026-02-05T20:26:25Z</time>
        <hdop>2.1</hdop>
        <extensions>
          <osmand:provider>fused</osmand:provider>
          <osmand:heading>55.0</osmand:heading>
          <osmand:speed>9.4</osmand:speed>
        </extensions>
      </trkpt>
      <trkpt lat="48.824897" lon="2.3028444">
        <ele>109.2</ele>
        <time>2026-02-05T20:26:26Z</time>
        <hdop>2.2</hdop>
        <extensions>
          <osmand:provider>fused</osmand:provider>
          <osmand:heading>55.0</osmand:heading>
          <osmand:speed>9.2</osmand:speed>
        </extensions>
      </trkpt>
      <trkpt lat="48.824867" lon="2.3029631">
        <ele>109.5</ele>
        <time>2026-02-05T20:26:27Z</time>
        <hdop>2.2</hdop>
        <extensions>
          <osmand:provider>fused</osmand:provider>
          <osmand:heading>55.0</osmand:heading>
          <osmand:speed>8.9</osmand:speed>
        </extensions>
      </trkpt>
      <trkpt lat="48.8248416" lon="2.3030698">
        <ele>109.7</ele>
        <time>2026-02-05T20:26:28Z</time>
        <hdop>2.4</hdop>
        <extensions>
          <osmand:provider>fused</osmand:provider>
          <osmand:heading>56.0</osmand:heading>
          <osmand:speed>8</osmand:speed>
        </extensions>
      </trkpt>
      <trkpt lat="48.8248175" lon="2.3031584">
        <ele>110</ele>
        <time>2026-02-05T20:26:29Z</time>
        <hdop>2.5</hdop>
        <extensions>
          <osmand:provider>fused</osmand:provider>
          <osmand:heading>56.0</osmand:heading>
          <osmand:speed>6.9</osmand:speed>
        </extensions>
      </trkpt>
      <trkpt lat="48.8247893" lon="2.3032372">
        <ele>110</ele>
        <time>2026-02-05T20:26:30Z</time>
        <hdop>2.5</hdop>
        <extensions>
          <osmand:provider>fused</osmand:provider>
          <osmand:heading>57.0</osmand:heading>
          <osmand:speed>5.9</osmand:speed>
        </extensions>
      </trkpt>
      <trkpt lat="48.82477" lon="2.3033009">
        <ele>110.2</ele>
        <time>2026-02-05T20:26:31Z</time>
        <hdop>2.5</hdop>
        <extensions>
          <osmand:provider>fused</osmand:provider>
          <osmand:heading>57.0</osmand:heading>
          <osmand:speed>5</osmand:speed>
        </extensions>
      </trkpt>
      <trkpt lat="48.8247549" lon="2.3033643">
        <ele>110.2</ele>
        <time>2026-02-05T20:26:32Z</time>
        <hdop>2.5</hdop>
        <extensions>
          <osmand:provider>fused</osmand:provider>
          <osmand:heading>57.0</osmand:heading>
          <osmand:speed>4.7</osmand:speed>
        </extensions>
      </trkpt>
      <trkpt lat="48.8247351" lon="2.3034135">
        <ele>110.3</ele>
        <time>2026-02-05T20:26:33Z</time>
        <hdop>2.5</hdop>
        <extensions>
          <osmand:provider>fused</osmand:provider>
          <osmand:heading>57.0</osmand:heading>
          <osmand:speed>4.4</osmand:speed>
        </extensions>
      </trkpt>
      <trkpt lat="48.8247147" lon="2.3034643">
        <ele>110.4</ele>
        <time>2026-02-05T20:26:34Z</time>
        <hdop>2.5</hdop>
        <extensions>
          <osmand:provider>fused</osmand:provider>
          <osmand:heading>57.0</osmand:heading>
          <osmand:speed>4.1</osmand:speed>
        </extensions>
      </trkpt>
      <trkpt lat="48.8247044" lon="2.3034975">
        <ele>110.5</ele>
        <time>2026-02-05T20:26:35Z</time>
        <hdop>2.5</hdop>
        <extensions>
          <osmand:provider>fused</osmand:provider>
          <osmand:heading>57.0</osmand:heading>
          <osmand:speed>3.1</osmand:speed>
        </extensions>
      </trkpt>
      <trkpt lat="48.8246954" lon="2.3035362">
        <ele>110.7</ele>
        <time>2026-02-05T20:26:36Z</time>
        <hdop>2.6</hdop>
        <extensions>
          <osmand:provider>fused</osmand:provider>
          <osmand:heading>57.0</osmand:heading>
          <osmand:speed>2.8</osmand:speed>
        </extensions>
      </trkpt>
      <trkpt lat="48.8246828" lon="2.303572">
        <ele>110.7</ele>
        <time>2026-02-05T20:26:37Z</time>
        <hdop>2.7</hdop>
        <extensions>
          <osmand:provider>fused</osmand:provider>
          <osmand:heading>57.0</osmand:heading>
          <osmand:speed>2.7</osmand:speed>
        </extensions>
      </trkpt>
      <trkpt lat="48.8246744" lon="2.3036103">
        <ele>110.9</ele>
        <time>2026-02-05T20:26:38Z</time>
        <hdop>2.8</hdop>
        <extensions>
          <osmand:provider>fused</osmand:provider>
          <osmand:heading>57.0</osmand:heading>
          <osmand:speed>2.6</osmand:speed>
        </extensions>
      </trkpt>
      <trkpt lat="48.8246672" lon="2.3036446">
        <ele>111.1</ele>
        <time>2026-02-05T20:26:39Z</time>
        <hdop>2.8</hdop>
        <extensions>
          <osmand:provider>fused</osmand:provider>
          <osmand:heading>57.0</osmand:heading>
          <osmand:speed>2.5</osmand:speed>
        </extensions>
      </trkpt>
      <trkpt lat="48.8246603" lon="2.3036826">
        <ele>111.2</ele>
        <time>2026-02-05T20:26:40Z</time>
        <hdop>2.9</hdop>
        <extensions>
          <osmand:provider>fused</osmand:provider>
          <osmand:heading>56.0</osmand:heading>
          <osmand:speed>3.2</osmand:speed>
        </extensions>
      </trkpt>
      <trkpt lat="48.8246476" lon="2.3037256">
        <ele>111.4</ele>
        <time>2026-02-05T20:26:41Z</time>
        <hdop>2.9</hdop>
        <extensions>
          <osmand:provider>fused</osmand:provider>
          <osmand:heading>56.0</osmand:heading>
          <osmand:speed>4.4</osmand:speed>
        </extensions>
      </trkpt>
      <trkpt lat="48.8246348" lon="2.3037796">
        <ele>111.5</ele>
        <time>2026-02-05T20:26:42Z</time>
        <hdop>2.9</hdop>
        <extensions>
          <osmand:provider>fused</osmand:provider>
          <osmand:heading>56.0</osmand:heading>
          <osmand:speed>5.1</osmand:speed>
        </extensions>
      </trkpt>
      <trkpt lat="48.8246182" lon="2.3038528">
        <ele>111.7</ele>
        <time>2026-02-05T20:26:43Z</time>
        <hdop>2.9</hdop>
        <extensions>
          <osmand:provider>fused</osmand:provider>
          <osmand:heading>57.0</osmand:heading>
          <osmand:speed>4.8</osmand:speed>
        </extensions>
      </trkpt>
      <trkpt lat="48.8246156" lon="2.3039182">
        <ele>111.9</ele>
        <time>2026-02-05T20:26:44Z</time>
        <hdop>2.9</hdop>
        <extensions>
          <osmand:provider>fused</osmand:provider>
          <osmand:heading>58.0</osmand:heading>
          <osmand:speed>3.8</osmand:speed>
        </extensions>
      </trkpt>
      <trkpt lat="48.8246219" lon="2.3039662">
        <ele>111.9</ele>
        <time>2026-02-05T20:26:45Z</time>
        <hdop>3</hdop>
        <extensions>
          <osmand:provider>fused</osmand:provider>
          <osmand:heading>55.0</osmand:heading>
          <osmand:speed>3.6</osmand:speed>
        </extensions>
      </trkpt>
      <trkpt lat="48.8246374" lon="2.3040113">
        <ele>112.2</ele>
        <time>2026-02-05T20:26:46Z</time>
        <hdop>3</hdop>
        <extensions>
          <osmand:provider>fused</osmand:provider>
          <osmand:heading>47.0</osmand:heading>
          <osmand:speed>3.7</osmand:speed>
        </extensions>
      </trkpt>
      <trkpt lat="48.8246698" lon="2.3040465">
        <ele>112.3</ele>
        <time>2026-02-05T20:26:47Z</time>
        <hdop>3</hdop>
        <extensions>
          <osmand:provider>fused</osmand:provider>
          <osmand:heading>36.0</osmand:heading>
          <osmand:speed>4</osmand:speed>
        </extensions>
      </trkpt>
      <trkpt lat="48.8247203" lon="2.3040615">
        <ele>112.3</ele>
        <time>2026-02-05T20:26:48Z</time>
        <hdop>2.9</hdop>
        <extensions>
          <osmand:provider>fused</osmand:provider>
          <osmand:heading>20.0</osmand:heading>
          <osmand:speed>4.7</osmand:speed>
        </extensions>
      </trkpt>
      <trkpt lat="48.824778" lon="2.3040802">
        <ele>112.3</ele>
        <time>2026-02-05T20:26:49Z</time>
        <hdop>2.8</hdop>
        <extensions>
          <osmand:provider>fused</osmand:provider>
          <osmand:heading>11.0</osmand:heading>
          <osmand:speed>4.7</osmand:speed>
        </extensions>
      </trkpt>
      <trkpt lat="48.8248377" lon="2.3040907">
        <ele>112.5</ele>
        <time>2026-02-05T20:26:50Z</time>
        <hdop>2.7</hdop>
        <extensions>
          <osmand:provider>fused</osmand:provider>
          <osmand:heading>5.0</osmand:heading>
          <osmand:speed>5.4</osmand:speed>
        </extensions>
      </trkpt>
      <trkpt lat="48.8248874" lon="2.304098">
        <ele>112.5</ele>
        <time>2026-02-05T20:26:51Z</time>
        <hdop>2.7</hdop>
        <extensions>
          <osmand:provider>fused</osmand:provider>
          <osmand:heading>359.0</osmand:heading>
          <osmand:speed>5.8</osmand:speed>
        </extensions>
      </trkpt>
      <trkpt lat="48.8249493" lon="2.304106">
        <ele>112.7</ele>
        <time>2026-02-05T20:26:52Z</time>
        <hdop>2.5</hdop>
        <extensions>
          <osmand:provider>fused</osmand:provider>
          <osmand:heading>355.0</osmand:heading>
          <osmand:speed>7</osmand:speed>
        </extensions>
      </trkpt>
      <trkpt lat="48.8250246" lon="2.3041091">
        <ele>112.6</ele>
        <time>2026-02-05T20:26:53Z</time>
        <hdop>2.5</hdop>
        <extensions>
          <osmand:provider>fused</osmand:provider>
          <osmand:heading>355.0</osmand:heading>
          <osmand:speed>8.3</osmand:speed>
        </extensions>
      </trkpt>
      <trkpt lat="48.8251085" lon="2.3041149">
        <ele>112.7</ele>
        <time>2026-02-05T20:26:54Z</time>
        <hdop>2.5</hdop>
        <extensions>
          <osmand:provider>fused</osmand:provider>
          <osmand:heading>357.0</osmand:heading>
          <osmand:speed>8.4</osmand:speed>
        </extensions>
      </trkpt>
      <trkpt lat="48.8251825" lon="2.3041328">
        <ele>112.8</ele>
        <time>2026-02-05T20:26:55Z</time>
        <hdop>2.4</hdop>
        <extensions>
          <osmand:provider>fused</osmand:provider>
          <osmand:heading>357.0</osmand:heading>
          <osmand:speed>9.3</osmand:speed>
        </extensions>
      </trkpt>
      <trkpt lat="48.8252681" lon="2.304152">
        <ele>112.9</ele>
        <time>2026-02-05T20:26:56Z</time>
        <hdop>2.3</hdop>
        <extensions>
          <osmand:provider>fused</osmand:provider>
          <osmand:heading>358.0</osmand:heading>
          <osmand:speed>10.1</osmand:speed>
        </extensions>
      </trkpt>
      <trkpt lat="48.825361" lon="2.3041784">
        <ele>112.9</ele>
        <time>2026-02-05T20:26:57Z</time>
        <hdop>2.3</hdop>
        <extensions>
          <osmand:provider>fused</osmand:provider>
          <osmand:heading>358.0</osmand:heading>
          <osmand:speed>10</osmand:speed>
        </extensions>
      </trkpt>
      <trkpt lat="48.8254512" lon="2.3042049">
        <ele>113</ele>
        <time>2026-02-05T20:26:58Z</time>
        <hdop>2.3</hdop>
        <extensions>
          <osmand:provider>fused</osmand:provider>
          <osmand:heading>359.0</osmand:heading>
          <osmand:speed>10.2</osmand:speed>
        </extensions>
      </trkpt>
      <trkpt lat="48.8255426" lon="2.3042334">
        <ele>112.9</ele>
        <time>2026-02-05T20:26:59Z</time>
        <hdop>2.3</hdop>
        <extensions>
          <osmand:provider>fused</osmand:provider>
          <osmand:heading>360.0</osmand:heading>
          <osmand:speed>10.7</osmand:speed>
        </extensions>
      </trkpt>
      <trkpt lat="48.8256269" lon="2.304264">
        <ele>113</ele>
        <time>2026-02-05T20:27:00Z</time>
        <hdop>2.4</hdop>
        <extensions>
          <osmand:provider>fused</osmand:provider>
          <osmand:heading>360.0</osmand:heading>
          <osmand:speed>9.2</osmand:speed>
        </extensions>
      </trkpt>
      <trkpt lat="48.8257044" lon="2.3042962">
        <ele>111.6</ele>
        <time>2026-02-05T20:27:01Z</time>
        <hdop>2.7</hdop>
        <extensions>
          <osmand:provider>fused</osmand:provider>
          <osmand:heading>357.0</osmand:heading>
          <osmand:speed>8.8</osmand:speed>
        </extensions>
      </trkpt>
      <trkpt lat="48.8257829" lon="2.304342">
        <ele>111.6</ele>
        <time>2026-02-05T20:27:02Z</time>
        <hdop>2.8</hdop>
        <extensions>
          <osmand:provider>fused</osmand:provider>
          <osmand:heading>356.0</osmand:heading>
          <osmand:speed>8.5</osmand:speed>
        </extensions>
      </trkpt>
      <trkpt lat="48.8258515" lon="2.3043793">
        <ele>111.6</ele>
        <time>2026-02-05T20:27:03Z</time>
        <hdop>3</hdop>
        <extensions>
          <osmand:provider>fused</osmand:provider>
          <osmand:heading>358.0</osmand:heading>
          <osmand:speed>8.3</osmand:speed>
        </extensions>
      </trkpt>
      <trkpt lat="48.8259186" lon="2.3044055">
        <ele>111.6</ele>
        <time>2026-02-05T20:27:04Z</time>
        <hdop>3.3</hdop>
        <extensions>
          <osmand:provider>fused</osmand:provider>
          <osmand:heading>359.0</osmand:heading>
          <osmand:speed>8.3</osmand:speed>
        </extensions>
      </trkpt>
      <trkpt lat="48.8259897" lon="2.3044435">
        <ele>111.6</ele>
        <time>2026-02-05T20:27:05Z</time>
        <hdop>3.5</hdop>
        <extensions>
          <osmand:provider>fused</osmand:provider>
          <osmand:heading>359.0</osmand:heading>
          <osmand:speed>7.7</osmand:speed>
        </extensions>
      </trkpt>
      <trkpt lat="48.8260541" lon="2.3044618">
        <ele>111.6</ele>
        <time>2026-02-05T20:27:06Z</time>
        <hdop>3.6</hdop>
        <extensions>
          <osmand:provider>fused</osmand:provider>
          <osmand:heading>359.0</osmand:heading>
          <osmand:speed>7.7</osmand:speed>
        </extensions>
      </trkpt>
      <trkpt lat="48.8261211" lon="2.3044809">
        <ele>111.6</ele>
        <time>2026-02-05T20:27:07Z</time>
        <hdop>3.8</hdop>
        <extensions>
          <osmand:provider>fused</osmand:provider>
          <osmand:heading>358.0</osmand:heading>
          <osmand:speed>7.6</osmand:speed>
        </extensions>
      </trkpt>
      <trkpt lat="48.8261994" lon="2.3044978">
        <ele>111.6</ele>
        <time>2026-02-05T20:27:08Z</time>
        <hdop>3.9</hdop>
        <extensions>
          <osmand:provider>fused</osmand:provider>
          <osmand:heading>358.0</osmand:heading>
          <osmand:speed>8</osmand:speed>
        </extensions>
      </trkpt>
      <trkpt lat="48.8262773" lon="2.3045211">
        <ele>111.6</ele>
        <time>2026-02-05T20:27:09Z</time>
        <hdop>3.8</hdop>
        <extensions>
          <osmand:provider>fused</osmand:provider>
          <osmand:heading>359.0</osmand:heading>
          <osmand:speed>8.1</osmand:speed>
        </extensions>
      </trkpt>
      <trkpt lat="48.8263455" lon="2.3045518">
        <ele>111.6</ele>
        <time>2026-02-05T20:27:10Z</time>
        <hdop>3.9</hdop>
        <extensions>
          <osmand:provider>fused</osmand:provider>
          <osmand:heading>359.0</osmand:heading>
          <osmand:speed>7.1</osmand:speed>
        </extensions>
      </trkpt>
      <trkpt lat="48.8264136" lon="2.3045759">
        <ele>111.6</ele>
        <time>2026-02-05T20:27:11Z</time>
        <hdop>3.9</hdop>
        <extensions>
          <osmand:provider>fused</osmand:provider>
          <osmand:heading>360.0</osmand:heading>
          <osmand:speed>6.1</osmand:speed>
        </extensions>
      </trkpt>
      <trkpt lat="48.8264697" lon="2.3046019">
        <ele>111.6</ele>
        <time>2026-02-05T20:27:12Z</time>
        <hdop>3.9</hdop>
        <extensions>
          <osmand:provider>fused</osmand:provider>
          <osmand:heading>360.0</osmand:heading>
          <osmand:speed>5.9</osmand:speed>
        </extensions>
      </trkpt>
      <trkpt lat="48.8265201" lon="2.3046303">
        <ele>111.6</ele>
        <time>2026-02-05T20:27:13Z</time>
        <hdop>3.8</hdop>
        <extensions>
          <osmand:provider>fused</osmand:provider>
          <osmand:heading>2.0</osmand:heading>
          <osmand:speed>4.8</osmand:speed>
        </extensions>
      </trkpt>
      <trkpt lat="48.8265492" lon="2.3046676">
        <ele>111.6</ele>
        <time>2026-02-05T20:27:14Z</time>
        <hdop>3.7</hdop>
        <extensions>
          <osmand:provider>fused</osmand:provider>
          <osmand:heading>7.0</osmand:heading>
          <osmand:speed>3.9</osmand:speed>
        </extensions>
      </trkpt>
      <trkpt lat="48.8265646" lon="2.3046929">
        <ele>111.6</ele>
        <time>2026-02-05T20:27:15Z</time>
        <hdop>3.6</hdop>
        <extensions>
          <osmand:provider>fused</osmand:provider>
          <osmand:heading>10.0</osmand:heading>
          <osmand:speed>2.1</osmand:speed>
        </extensions>
      </trkpt>
      <trkpt lat="48.8265708" lon="2.3046956">
        <ele>110.3</ele>
        <time>2026-02-05T20:27:16Z</time>
        <hdop>3.5</hdop>
        <extensions>
          <osmand:provider>fused</osmand:provider>
          <osmand:heading>12.0</osmand:heading>
          <osmand:speed>0.7</osmand:speed>
        </extensions>
      </trkpt>
      <trkpt lat="48.8265721" lon="2.3046765">
        <ele>110.3</ele>
        <time>2026-02-05T20:27:17Z</time>
        <hdop>3.4</hdop>
        <extensions>
          <osmand:provider>fused</osmand:provider>
          <osmand:heading>12.0</osmand:heading>
          <osmand:speed>0.1</osmand:speed>
        </extensions>
      </trkpt>
      <trkpt lat="48.8265756" lon="2.3046766">
        <ele>110.3</ele>
        <time>2026-02-05T20:27:18Z</time>
        <hdop>3.2</hdop>
        <extensions>
          <osmand:provider>fused</osmand:provider>
          <osmand:heading>12.0</osmand:heading>
          <osmand:speed>0.1</osmand:speed>
        </extensions>
      </trkpt>
      <trkpt lat="48.8265759" lon="2.3046771">
        <ele>110.3</ele>
        <time>2026-02-05T20:27:19Z</time>
        <hdop>3.2</hdop>
        <extensions>
          <osmand:provider>fused</osmand:provider>
          <osmand:heading>12.0</osmand:heading>
        </extensions>
      </trkpt>
      <trkpt lat="48.8265763" lon="2.3046775">
        <ele>110.3</ele>
        <time>2026-02-05T20:27:20Z</time>
        <hdop>3.3</hdop>
        <extensions>
          <osmand:provider>fused</osmand:provider>
          <osmand:heading>12.0</osmand:heading>
        </extensions>
      </trkpt>
      <trkpt lat="48.8265766" lon="2.304678">
        <ele>110.3</ele>
        <time>2026-02-05T20:27:21Z</time>
        <hdop>3.2</hdop>
        <extensions>
          <osmand:provider>fused</osmand:provider>
          <osmand:heading>12.0</osmand:heading>
        </extensions>
      </trkpt>
      <trkpt lat="48.8265768" lon="2.304678">
        <ele>110.3</ele>
        <time>2026-02-05T20:27:22Z</time>
        <hdop>3.2</hdop>
        <extensions>
          <osmand:provider>fused</osmand:provider>
          <osmand:heading>12.0</osmand:heading>
        </extensions>
      </trkpt>
      <trkpt lat="48.826577" lon="2.3046836">
        <ele>111</ele>
        <time>2026-02-05T20:27:23Z</time>
        <hdop>3.2</hdop>
        <extensions>
          <osmand:provider>fused</osmand:provider>
          <osmand:heading>10.0</osmand:heading>
          <osmand:speed>1.2</osmand:speed>
        </extensions>
      </trkpt>
      <trkpt lat="48.8265839" lon="2.3047123">
        <ele>111</ele>
        <time>2026-02-05T20:27:24Z</time>
        <hdop>3.1</hdop>
        <extensions>
          <osmand:provider>fused</osmand:provider>
          <osmand:heading>11.0</osmand:heading>
          <osmand:speed>2.9</osmand:speed>
        </extensions>
      </trkpt>
      <trkpt lat="48.8266037" lon="2.3047489">
        <ele>111</ele>
        <time>2026-02-05T20:27:25Z</time>
        <hdop>3</hdop>
        <extensions>
          <osmand:provider>fused</osmand:provider>
          <osmand:heading>13.0</osmand:heading>
          <osmand:speed>3.3</osmand:speed>
        </extensions>
      </trkpt>
      <trkpt lat="48.8266268" lon="2.3047886">
        <ele>111</ele>
        <time>2026-02-05T20:27:26Z</time>
        <hdop>3</hdop>
        <extensions>
          <osmand:provider>fused</osmand:provider>
          <osmand:heading>15.0</osmand:heading>
          <osmand:speed>4.3</osmand:speed>
        </extensions>
      </trkpt>
      <trkpt lat="48.8266555" lon="2.3048256">
        <ele>111</ele>
        <time>2026-02-05T20:27:27Z</time>
        <hdop>2.9</hdop>
        <extensions>
          <osmand:provider>fused</osmand:provider>
          <osmand:heading>16.0</osmand:heading>
          <osmand:speed>4.7</osmand:speed>
        </extensions>
      </trkpt>
      <trkpt lat="48.8266949" lon="2.304842">
        <ele>111</ele>
        <time>2026-02-05T20:27:28Z</time>
        <hdop>2.9</hdop>
        <extensions>
          <osmand:provider>fused</osmand:provider>
          <osmand:heading>15.0</osmand:heading>
          <osmand:speed>5.3</osmand:speed>
        </extensions>
      </trkpt>
      <trkpt lat="48.826739" lon="2.304855">
        <ele>111</ele>
        <time>2026-02-05T20:27:29Z</time>
        <hdop>2.8</hdop>
        <extensions>
          <osmand:provider>fused</osmand:provider>
          <osmand:heading>9.0</osmand:heading>
          <osmand:speed>4.8</osmand:speed>
        </extensions>
      </trkpt>
      <trkpt lat="48.8267863" lon="2.3048595">
        <ele>111</ele>
        <time>2026-02-05T20:27:30Z</time>
        <hdop>2.8</hdop>
        <extensions>
          <osmand:provider>fused</osmand:provider>
          <osmand:heading>5.0</osmand:heading>
          <osmand:speed>5</osmand:speed>
        </extensions>
      </trkpt>
      <trkpt lat="48.8268296" lon="2.3048492">
        <ele>111</ele>
        <time>2026-02-05T20:27:31Z</time>
        <hdop>2.8</hdop>
        <extensions>
          <osmand:provider>fused</osmand:provider>
          <osmand:heading>0.0</osmand:heading>
          <osmand:speed>5.7</osmand:speed>
        </extensions>
      </trkpt>
      <trkpt lat="48.8268723" lon="2.3048211">
        <ele>111</ele>
        <time>2026-02-05T20:27:32Z</time>
        <hdop>2.7</hdop>
        <extensions>
          <osmand:provider>fused</osmand:provider>
          <osmand:heading>356.0</osmand:heading>
          <osmand:speed>5.8</osmand:speed>
        </extensions>
      </trkpt>
      <trkpt lat="48.8269296" lon="2.3047886">
        <ele>111</ele>
        <time>2026-02-05T20:27:33Z</time>
        <hdop>2.6</hdop>
        <extensions>
          <osmand:provider>fused</osmand:provider>
          <osmand:heading>351.0</osmand:heading>
          <osmand:speed>5.8</osmand:speed>
        </extensions>
      </trkpt>
      <trkpt lat="48.8269775" lon="2.3047669">
        <ele>111</ele>
        <time>2026-02-05T20:27:34Z</time>
        <hdop>2.6</hdop>
        <extensions>
          <osmand:provider>fused</osmand:provider>
          <osmand:heading>347.0</osmand:heading>
          <osmand:speed>5.1</osmand:speed>
        </extensions>
      </trkpt>
      <trkpt lat="48.8270191" lon="2.3047396">
        <ele>111</ele>
        <time>2026-02-05T20:27:35Z</time>
        <hdop>2.7</hdop>
        <extensions>
          <osmand:provider>fused</osmand:provider>
          <osmand:heading>345.0</osmand:heading>
          <osmand:speed>5.3</osmand:speed>
        </extensions>
      </trkpt>
      <trkpt lat="48.8270654" lon="2.3047153">
        <ele>111</ele>
        <time>2026-02-05T20:27:36Z</time>
        <hdop>2.7</hdop>
        <extensions>
          <osmand:provider>fused</osmand:provider>
          <osmand:heading>344.0</osmand:heading>
          <osmand:speed>5.5</osmand:speed>
        </extensions>
      </trkpt>
      <trkpt lat="48.8271142" lon="2.3047023">
        <ele>111</ele>
        <time>2026-02-05T20:27:37Z</time>
        <hdop>2.6</hdop>
        <extensions>
          <osmand:provider>fused</osmand:provider>
          <osmand:heading>345.0</osmand:heading>
          <osmand:speed>5.3</osmand:speed>
        </extensions>
      </trkpt>
      <trkpt lat="48.8271607" lon="2.3047182">
        <ele>111</ele>
        <time>2026-02-05T20:27:38Z</time>
        <hdop>2.6</hdop>
        <extensions>
          <osmand:provider>fused</osmand:provider>
          <osmand:heading>349.0</osmand:heading>
          <osmand:speed>5.2</osmand:speed>
        </extensions>
      </trkpt>
      <trkpt lat="48.8272051" lon="2.3047355">
        <ele>111</ele>
        <time>2026-02-05T20:27:39Z</time>
        <hdop>2.6</hdop>
        <extensions>
          <osmand:provider>fused</osmand:provider>
          <osmand:heading>355.0</osmand:heading>
          <osmand:speed>5.3</osmand:speed>
        </extensions>
      </trkpt>
      <trkpt lat="48.827246" lon="2.3047784">
        <ele>111</ele>
        <time>2026-02-05T20:27:40Z</time>
        <hdop>2.5</hdop>
        <extensions>
          <osmand:provider>fused</osmand:provider>
          <osmand:heading>1.0</osmand:heading>
          <osmand:speed>5.2</osmand:speed>
        </extensions>
      </trkpt>
      <trkpt lat="48.8272724" lon="2.3048222">
        <ele>111</ele>
        <time>2026-02-05T20:27:41Z</time>
        <hdop>2.5</hdop>
        <extensions>
          <osmand:provider>fused</osmand:provider>
          <osmand:heading>6.0</osmand:heading>
          <osmand:speed>4.1</osmand:speed>
        </extensions>
      </trkpt>
      <trkpt lat="48.8272724" lon="2.3048222">
        <ele>109.5</ele>
        <time>2026-02-05T20:27:41Z</time>
        <hdop>4.2</hdop>
        <extensions>
          <osmand:provider>fused</osmand:provider>
          <osmand:heading>9.0</osmand:heading>
        </extensions>
      </trkpt>
      <trkpt lat="48.8273003" lon="2.3048623">
        <ele>109.5</ele>
        <time>2026-02-05T20:27:42Z</time>
        <hdop>3.9</hdop>
        <extensions>
          <osmand:provider>fused</osmand:provider>
          <osmand:heading>9.0</osmand:heading>
          <osmand:speed>4.1</osmand:speed>
        </extensions>
      </trkpt>
      <trkpt lat="48.8273259" lon="2.3049038">
        <ele>109.5</ele>
        <time>2026-02-05T20:27:43Z</time>
        <hdop>3.9</hdop>
        <extensions>
          <osmand:provider>fused</osmand:provider>
          <osmand:heading>12.0</osmand:heading>
          <osmand:speed>4.1</osmand:speed>
        </extensions>
      </trkpt>
      <trkpt lat="48.827344" lon="2.3049494">
        <ele>109.5</ele>
        <time>2026-02-05T20:27:44Z</time>
        <hdop>4.2</hdop>
        <extensions>
          <osmand:provider>fused</osmand:provider>
          <osmand:heading>15.0</osmand:heading>
          <osmand:speed>3.9</osmand:speed>
        </extensions>
      </trkpt>
      <trkpt lat="48.82736" lon="2.3049826">
        <ele>109.5</ele>
        <time>2026-02-05T20:27:45Z</time>
        <hdop>4.3</hdop>
        <extensions>
          <osmand:provider>fused</osmand:provider>
          <osmand:heading>17.0</osmand:heading>
          <osmand:speed>3</osmand:speed>
        </extensions>
      </trkpt>
      <trkpt lat="48.8273732" lon="2.3050077">
        <ele>109.5</ele>
        <time>2026-02-05T20:27:46Z</time>
        <hdop>4.4</hdop>
        <extensions>
          <osmand:provider>fused</osmand:provider>
          <osmand:heading>18.0</osmand:heading>
          <osmand:speed>2.1</osmand:speed>
        </extensions>
      </trkpt>
      <trkpt lat="48.827382" lon="2.3050222">
        <ele>109.5</ele>
        <time>2026-02-05T20:27:47Z</time>
        <hdop>2.8</hdop>
        <extensions>
          <osmand:provider>fused</osmand:provider>
          <osmand:heading>19.0</osmand:heading>
          <osmand:speed>1.2</osmand:speed>
        </extensions>
      </trkpt>
      <trkpt lat="48.8273888" lon="2.3050328">
        <ele>109.5</ele>
        <time>2026-02-05T20:27:48Z</time>
        <hdop>2.9</hdop>
        <extensions>
          <osmand:provider>fused</osmand:provider>
          <osmand:heading>19.0</osmand:heading>
          <osmand:speed>0.9</osmand:speed>
        </extensions>
      </trkpt>
      <trkpt lat="48.8273974" lon="2.3050417">
        <ele>108.7</ele>
        <time>2026-02-05T20:27:49Z</time>
        <hdop>2.9</hdop>
        <extensions>
          <osmand:provider>fused</osmand:provider>
          <osmand:heading>19.0</osmand:heading>
          <osmand:speed>0.9</osmand:speed>
        </extensions>
      </trkpt>
      <trkpt lat="48.8274006" lon="2.3050434">
        <ele>108.7</ele>
        <time>2026-02-05T20:27:50Z</time>
        <hdop>2.9</hdop>
        <extensions>
          <osmand:provider>fused</osmand:provider>
          <osmand:heading>19.0</osmand:heading>
          <osmand:speed>0.4</osmand:speed>
        </extensions>
      </trkpt>
      <trkpt lat="48.8274048" lon="2.3050454">
        <ele>108.7</ele>
        <time>2026-02-05T20:27:51Z</time>
        <hdop>2.8</hdop>
        <extensions>
          <osmand:provider>fused</osmand:provider>
          <osmand:heading>19.0</osmand:heading>
          <osmand:speed>0.2</osmand:speed>
        </extensions>
      </trkpt>
      <trkpt lat="48.8274009" lon="2.305054">
        <ele>108.7</ele>
        <time>2026-02-05T20:27:52Z</time>
        <hdop>2.7</hdop>
        <extensions>
          <osmand:provider>fused</osmand:provider>
          <osmand:heading>19.0</osmand:heading>
          <osmand:speed>0.1</osmand:speed>
        </extensions>
      </trkpt>
      <trkpt lat="48.8274007" lon="2.305054">
        <ele>108.7</ele>
        <time>2026-02-05T20:27:53Z</time>
        <hdop>2.7</hdop>
        <extensions>
          <osmand:provider>fused</osmand:provider>
          <osmand:heading>19.0</osmand:heading>
        </extensions>
      </trkpt>
      <trkpt lat="48.8274007" lon="2.3050536">
        <ele>108.7</ele>
        <time>2026-02-05T20:27:54Z</time>
        <hdop>2.7</hdop>
        <extensions>
          <osmand:provider>fused</osmand:provider>
          <osmand:heading>19.0</osmand:heading>
        </extensions>
      </trkpt>
      <trkpt lat="48.8273997" lon="2.3050429">
        <ele>108.7</ele>
        <time>2026-02-05T20:27:55Z</time>
        <hdop>2.6</hdop>
        <extensions>
          <osmand:provider>fused</osmand:provider>
          <osmand:heading>19.0</osmand:heading>
          <osmand:speed>0</osmand:speed>
        </extensions>
      </trkpt>
      <trkpt lat="48.8273999" lon="2.3050428">
        <ele>108.7</ele>
        <time>2026-02-05T20:27:56Z</time>
        <hdop>2.6</hdop>
        <extensions>
          <osmand:provider>fused</osmand:provider>
          <osmand:heading>19.0</osmand:heading>
        </extensions>
      </trkpt>
      <trkpt lat="48.8273998" lon="2.3050429">
        <ele>108.7</ele>
        <time>2026-02-05T20:27:57Z</time>
        <hdop>2.6</hdop>
        <extensions>
          <osmand:provider>fused</osmand:provider>
          <osmand:heading>19.0</osmand:heading>
        </extensions>
      </trkpt>
      <trkpt lat="48.8273998" lon="2.3050428">
        <ele>108.7</ele>
        <time>2026-02-05T20:27:58Z</time>
        <hdop>2.6</hdop>
        <extensions>
          <osmand:provider>fused</osmand:provider>
          <osmand:heading>19.0</osmand:heading>
        </extensions>
      </trkpt>
      <trkpt lat="48.8273998" lon="2.3050427">
        <ele>108.7</ele>
        <time>2026-02-05T20:27:59Z</time>
        <hdop>2.5</hdop>
        <extensions>
          <osmand:provider>fused</osmand:provider>
          <osmand:heading>19.0</osmand:heading>
        </extensions>
      </trkpt>
      <trkpt lat="48.8273999" lon="2.3050427">
        <ele>108.7</ele>
        <time>2026-02-05T20:28:00Z</time>
        <hdop>2.6</hdop>
        <extensions>
          <osmand:provider>fused</osmand:provider>
          <osmand:heading>19.0</osmand:heading>
        </extensions>
      </trkpt>
      <trkpt lat="48.8273998" lon="2.3050428">
        <ele>108.7</ele>
        <time>2026-02-05T20:28:01Z</time>
        <hdop>2.7</hdop>
        <extensions>
          <osmand:provider>fused</osmand:provider>
          <osmand:heading>19.0</osmand:heading>
        </extensions>
      </trkpt>
      <trkpt lat="48.8273997" lon="2.3050429">
        <ele>108.7</ele>
        <time>2026-02-05T20:28:02Z</time>
        <hdop>2.7</hdop>
        <extensions>
          <osmand:provider>fused</osmand:provider>
          <osmand:heading>19.0</osmand:heading>
        </extensions>
      </trkpt>
      <trkpt lat="48.8273996" lon="2.3050429">
        <ele>108.7</ele>
        <time>2026-02-05T20:28:03Z</time>
        <hdop>2.7</hdop>
        <extensions>
          <osmand:provider>fused</osmand:provider>
          <osmand:heading>19.0</osmand:heading>
        </extensions>
      </trkpt>
      <trkpt lat="48.8273996" lon="2.305043">
        <ele>108.7</ele>
        <time>2026-02-05T20:28:04Z</time>
        <hdop>2.8</hdop>
        <extensions>
          <osmand:provider>fused</osmand:provider>
          <osmand:heading>20.0</osmand:heading>
        </extensions>
      </trkpt>
      <trkpt lat="48.8273997" lon="2.3050436">
        <ele>108.7</ele>
        <time>2026-02-05T20:28:05Z</time>
        <hdop>2.8</hdop>
        <extensions>
          <osmand:provider>fused</osmand:provider>
          <osmand:heading>24.0</osmand:heading>
        </extensions>
      </trkpt>
      <trkpt lat="48.8274068" lon="2.3050517">
        <ele>108.7</ele>
        <time>2026-02-05T20:28:06Z</time>
        <hdop>2.6</hdop>
        <extensions>
          <osmand:provider>fused</osmand:provider>
          <osmand:heading>26.0</osmand:heading>
          <osmand:speed>0.5</osmand:speed>
        </extensions>
      </trkpt>
      <trkpt lat="48.8274187" lon="2.3050588">
        <ele>108.7</ele>
        <time>2026-02-05T20:28:07Z</time>
        <hdop>2.6</hdop>
        <extensions>
          <osmand:provider>fused</osmand:provider>
          <osmand:heading>27.0</osmand:heading>
          <osmand:speed>2.1</osmand:speed>
        </extensions>
      </trkpt>
      <trkpt lat="48.827434" lon="2.3050813">
        <ele>108.7</ele>
        <time>2026-02-05T20:28:08Z</time>
        <hdop>2.7</hdop>
        <extensions>
          <osmand:provider>fused</osmand:provider>
          <osmand:heading>27.0</osmand:heading>
          <osmand:speed>2.5</osmand:speed>
        </extensions>
      </trkpt>
      <trkpt lat="48.8274587" lon="2.3051136">
        <ele>108.7</ele>
        <time>2026-02-05T20:28:09Z</time>
        <hdop>2.7</hdop>
        <extensions>
          <osmand:provider>fused</osmand:provider>
          <osmand:heading>27.0</osmand:heading>
          <osmand:speed>3.6</osmand:speed>
        </extensions>
      </trkpt>
      <trkpt lat="48.8274872" lon="2.3051606">
        <ele>108.7</ele>
        <time>2026-02-05T20:28:10Z</time>
        <hdop>2.6</hdop>
        <extensions>
          <osmand:provider>fused</osmand:provider>
          <osmand:heading>27.0</osmand:heading>
          <osmand:speed>4.9</osmand:speed>
        </extensions>
      </trkpt>
      <trkpt lat="48.8275197" lon="2.3052203">
        <ele>108.7</ele>
        <time>2026-02-05T20:28:11Z</time>
        <hdop>2.6</hdop>
        <extensions>
          <osmand:provider>fused</osmand:provider>
          <osmand:heading>28.0</osmand:heading>
          <osmand:speed>5.3</osmand:speed>
        </extensions>
      </trkpt>
      <trkpt lat="48.8275534" lon="2.3052964">
        <ele>108.7</ele>
        <time>2026-02-05T20:28:12Z</time>
        <hdop>2.6</hdop>
        <extensions>
          <osmand:provider>fused</osmand:provider>
          <osmand:heading>26.0</osmand:heading>
          <osmand:speed>6.2</osmand:speed>
        </extensions>
      </trkpt>
      <trkpt lat="48.8275849" lon="2.3053764">
        <ele>108.7</ele>
        <time>2026-02-05T20:28:13Z</time>
        <hdop>2.5</hdop>
        <extensions>
          <osmand:provider>fused</osmand:provider>
          <osmand:heading>26.0</osmand:heading>
          <osmand:speed>5.6</osmand:speed>
        </extensions>
      </trkpt>
      <trkpt lat="48.8275974" lon="2.3054628">
        <ele>108.7</ele>
        <time>2026-02-05T20:28:14Z</time>
        <hdop>2.4</hdop>
        <extensions>
          <osmand:provider>fused</osmand:provider>
          <osmand:heading>29.0</osmand:heading>
          <osmand:speed>5.2</osmand:speed>
        </extensions>
      </trkpt>
      <trkpt lat="48.8276016" lon="2.3055218">
        <ele>108.7</ele>
        <time>2026-02-05T20:28:15Z</time>
        <hdop>2.3</hdop>
        <extensions>
          <osmand:provider>fused</osmand:provider>
          <osmand:heading>34.0</osmand:heading>
          <osmand:speed>5.5</osmand:speed>
        </extensions>
      </trkpt>
      <trkpt lat="48.8275963" lon="2.3056016">
        <ele>108.7</ele>
        <time>2026-02-05T20:28:16Z</time>
        <hdop>2.2</hdop>
        <extensions>
          <osmand:provider>fused</osmand:provider>
          <osmand:heading>39.0</osmand:heading>
          <osmand:speed>5.6</osmand:speed>
        </extensions>
      </trkpt>
      <trkpt lat="48.8275776" lon="2.3056698">
        <ele>108.7</ele>
        <time>2026-02-05T20:28:17Z</time>
        <hdop>2.2</hdop>
        <extensions>
          <osmand:provider>fused</osmand:provider>
          <osmand:heading>46.0</osmand:heading>
          <osmand:speed>5.5</osmand:speed>
        </extensions>
      </trkpt>
      <trkpt lat="48.8275567" lon="2.3057384">
        <ele>108.7</ele>
        <time>2026-02-05T20:28:18Z</time>
        <hdop>2.2</hdop>
        <extensions>
          <osmand:provider>fused</osmand:provider>
          <osmand:heading>50.0</osmand:heading>
          <osmand:speed>5.5</osmand:speed>
        </extensions>
      </trkpt>
      <trkpt lat="48.8275382" lon="2.3058003">
        <ele>108.7</ele>
        <time>2026-02-05T20:28:19Z</time>
        <hdop>2.3</hdop>
        <extensions>
          <osmand:provider>fused</osmand:provider>
          <osmand:heading>54.0</osmand:heading>
          <osmand:speed>5.2</osmand:speed>
        </extensions>
      </trkpt>
      <trkpt lat="48.8275195" lon="2.3058668">
        <ele>108.7</ele>
        <time>2026-02-05T20:28:20Z</time>
        <hdop>2.3</hdop>
        <extensions>
          <osmand:provider>fused</osmand:provider>
          <osmand:heading>57.0</osmand:heading>
          <osmand:speed>4.6</osmand:speed>
        </extensions>
      </trkpt>
      <trkpt lat="48.8275086" lon="2.3059211">
        <ele>108.7</ele>
        <time>2026-02-05T20:28:21Z</time>
        <hdop>2.4</hdop>
        <extensions>
          <osmand:provider>fused</osmand:provider>
          <osmand:heading>58.0</osmand:heading>
          <osmand:speed>4.4</osmand:speed>
        </extensions>
      </trkpt>
      <trkpt lat="48.8274929" lon="2.3059713">
        <ele>109</ele>
        <time>2026-02-05T20:28:22Z</time>
        <hdop>2.5</hdop>
        <extensions>
          <osmand:provider>fused</osmand:provider>
          <osmand:heading>59.0</osmand:heading>
          <osmand:speed>3.3</osmand:speed>
        </extensions>
      </trkpt>
      <trkpt lat="48.8274826" lon="2.3060137">
        <ele>109</ele>
        <time>2026-02-05T20:28:23Z</time>
        <hdop>2.5</hdop>
        <extensions>
          <osmand:provider>fused</osmand:provider>
          <osmand:heading>59.0</osmand:heading>
          <osmand:speed>2.8</osmand:speed>
        </extensions>
      </trkpt>
      <trkpt lat="48.8274712" lon="2.3060483">
        <ele>109</ele>
        <time>2026-02-05T20:28:24Z</time>
        <hdop>2.5</hdop>
        <extensions>
          <osmand:provider>fused</osmand:provider>
          <osmand:heading>60.0</osmand:heading>
          <osmand:speed>2.2</osmand:speed>
        </extensions>
      </trkpt>
      <trkpt lat="48.8274669" lon="2.3060711">
        <ele>109</ele>
        <time>2026-02-05T20:28:25Z</time>
        <hdop>2.5</hdop>
        <extensions>
          <osmand:provider>fused</osmand:provider>
          <osmand:heading>60.0</osmand:heading>
          <osmand:speed>1.1</osmand:speed>
        </extensions>
      </trkpt>
      <trkpt lat="48.8274683" lon="2.3060833">
        <ele>109</ele>
        <time>2026-02-05T20:28:26Z</time>
        <hdop>2.6</hdop>
        <extensions>
          <osmand:provider>fused</osmand:provider>
          <osmand:heading>60.0</osmand:heading>
          <osmand:speed>0.5</osmand:speed>
        </extensions>
      </trkpt>
      <trkpt lat="48.8274694" lon="2.3060909">
        <ele>109</ele>
        <time>2026-02-05T20:28:27Z</time>
        <hdop>2.7</hdop>
        <extensions>
          <osmand:provider>fused</osmand:provider>
          <osmand:heading>60.0</osmand:heading>
          <osmand:speed>0.4</osmand:speed>
        </extensions>
      </trkpt>
      <trkpt lat="48.8274664" lon="2.3061017">
        <ele>109</ele>
        <time>2026-02-05T20:28:28Z</time>
        <hdop>2.8</hdop>
        <extensions>
          <osmand:provider>fused</osmand:provider>
          <osmand:heading>59.0</osmand:heading>
          <osmand:speed>1.2</osmand:speed>
        </extensions>
      </trkpt>
      <trkpt lat="48.8274592" lon="2.3061158">
        <ele>109.3</ele>
        <time>2026-02-05T20:28:29Z</time>
        <hdop>2.9</hdop>
        <extensions>
          <osmand:provider>fused</osmand:provider>
          <osmand:heading>59.0</osmand:heading>
          <osmand:speed>1.8</osmand:speed>
        </extensions>
      </trkpt>
      <trkpt lat="48.8274522" lon="2.3061468">
        <ele>109.3</ele>
        <time>2026-02-05T20:28:30Z</time>
        <hdop>2.9</hdop>
        <extensions>
          <osmand:provider>fused</osmand:provider>
          <osmand:heading>59.0</osmand:heading>
          <osmand:speed>3.3</osmand:speed>
        </extensions>
      </trkpt>
      <trkpt lat="48.8274389" lon="2.306197">
        <ele>109.3</ele>
        <time>2026-02-05T20:28:31Z</time>
        <hdop>3</hdop>
        <extensions>
          <osmand:provider>fused</osmand:provider>
          <osmand:heading>58.0</osmand:heading>
          <osmand:speed>4.2</osmand:speed>
        </extensions>
      </trkpt>
      <trkpt lat="48.8274279" lon="2.3062621">
        <ele>109.3</ele>
        <time>2026-02-05T20:28:32Z</time>
        <hdop>3</hdop>
        <extensions>
          <osmand:provider>fused</osmand:provider>
          <osmand:heading>58.0</osmand:heading>
          <osmand:speed>5.1</osmand:speed>
        </extensions>
      </trkpt>
      <trkpt lat="48.8274098" lon="2.3063356">
        <ele>109.3</ele>
        <time>2026-02-05T20:28:33Z</time>
        <hdop>3</hdop>
        <extensions>
          <osmand:provider>fused</osmand:provider>
          <osmand:heading>57.0</osmand:heading>
          <osmand:speed>5.5</osmand:speed>
        </extensions>
      </trkpt>
      <trkpt lat="48.8273822" lon="2.3064109">
        <ele>109.3</ele>
        <time>2026-02-05T20:28:34Z</time>
        <hdop>3</hdop>
        <extensions>
          <osmand:provider>fused</osmand:provider>
          <osmand:heading>56.0</osmand:heading>
          <osmand:speed>6.6</osmand:speed>
        </extensions>
      </trkpt>
      <trkpt lat="48.8273566" lon="2.3065007">
        <ele>109.3</ele>
        <time>2026-02-05T20:28:35Z</time>
        <hdop>3</hdop>
        <extensions>
          <osmand:provider>fused</osmand:provider>
          <osmand:heading>55.0</osmand:heading>
          <osmand:speed>7.4</osmand:speed>
        </extensions>
      </trkpt>
      <trkpt lat="48.8273301" lon="2.3065985">
        <ele>109.3</ele>
        <time>2026-02-05T20:28:36Z</time>
        <hdop>3</hdop>
        <extensions>
          <osmand:provider>fused</osmand:provider>
          <osmand:heading>54.0</osmand:heading>
          <osmand:speed>8.3</osmand:speed>
        </extensions>
      </trkpt>
      <trkpt lat="48.8273067" lon="2.3067142">
        <ele>109.3</ele>
        <time>2026-02-05T20:28:37Z</time>
        <hdop>3</hdop>
        <extensions>
          <osmand:provider>fused</osmand:provider>
          <osmand:heading>53.0</osmand:heading>
          <osmand:speed>8.3</osmand:speed>
        </extensions>
      </trkpt>
      <trkpt lat="48.827283" lon="2.3068388">
        <ele>109.3</ele>
        <time>2026-02-05T20:28:38Z</time>
        <hdop>3</hdop>
        <extensions>
          <osmand:provider>fused</osmand:provider>
          <osmand:heading>52.0</osmand:heading>
          <osmand:speed>9.8</osmand:speed>
        </extensions>
      </trkpt>
      <trkpt lat="48.8272515" lon="2.3069703">
        <ele>109.3</ele>
        <time>2026-02-05T20:28:39Z</time>
        <hdop>3</hdop>
        <extensions>
          <osmand:provider>fused</osmand:provider>
          <osmand:heading>52.0</osmand:heading>
          <osmand:speed>10.1</osmand:speed>
        </extensions>
      </trkpt>
      <trkpt lat="48.827224" lon="2.3071082">
        <ele>111</ele>
        <time>2026-02-05T20:28:40Z</time>
        <hdop>3</hdop>
        <extensions>
          <osmand:provider>fused</osmand:provider>
          <osmand:heading>52.0</osmand:heading>
          <osmand:speed>11</osmand:speed>
        </extensions>
      </trkpt>
      <trkpt lat="48.8271943" lon="2.3072621">
        <ele>111.1</ele>
        <time>2026-02-05T20:28:41Z</time>
        <hdop>3</hdop>
        <extensions>
          <osmand:provider>fused</osmand:provider>
          <osmand:heading>52.0</osmand:heading>
          <osmand:speed>11.4</osmand:speed>
        </extensions>
      </trkpt>
      <trkpt lat="48.8271616" lon="2.3074152">
        <ele>111.2</ele>
        <time>2026-02-05T20:28:42Z</time>
        <hdop>3</hdop>
        <extensions>
          <osmand:provider>fused</osmand:provider>
          <osmand:heading>52.0</osmand:heading>
          <osmand:speed>11.8</osmand:speed>
        </extensions>
      </trkpt>
      <trkpt lat="48.8271275" lon="2.3075726">
        <ele>111.8</ele>
        <time>2026-02-05T20:28:43Z</time>
        <hdop>3</hdop>
        <extensions>
          <osmand:provider>fused</osmand:provider>
          <osmand:heading>52.0</osmand:heading>
          <osmand:speed>12.5</osmand:speed>
        </extensions>
      </trkpt>
      <trkpt lat="48.8270929" lon="2.3077382">
        <ele>112</ele>
        <time>2026-02-05T20:28:44Z</time>
        <hdop>3</hdop>
        <extensions>
          <osmand:provider>fused</osmand:provider>
          <osmand:heading>54.0</osmand:heading>
          <osmand:speed>12.9</osmand:speed>
        </extensions>
      </trkpt>
      <trkpt lat="48.8270556" lon="2.3079011">
        <ele>112.2</ele>
        <time>2026-02-05T20:28:45Z</time>
        <hdop>3</hdop>
        <extensions>
          <osmand:provider>fused</osmand:provider>
          <osmand:heading>55.0</osmand:heading>
          <osmand:speed>13.5</osmand:speed>
        </extensions>
      </trkpt>
      <trkpt lat="48.8270161" lon="2.3080785">
        <ele>112.5</ele>
        <time>2026-02-05T20:28:46Z</time>
        <hdop>3</hdop>
        <extensions>
          <osmand:provider>fused</osmand:provider>
          <osmand:heading>55.0</osmand:heading>
          <osmand:speed>14</osmand:speed>
        </extensions>
      </trkpt>
      <trkpt lat="48.8269757" lon="2.3082719">
        <ele>112.7</ele>
        <time>2026-02-05T20:28:47Z</time>
        <hdop>3</hdop>
        <extensions>
          <osmand:provider>fused</osmand:provider>
          <osmand:heading>55.0</osmand:heading>
          <osmand:speed>14.5</osmand:speed>
        </extensions>
      </trkpt>
      <trkpt lat="48.8269317" lon="2.3084691">
        <ele>113</ele>
        <time>2026-02-05T20:28:48Z</time>
        <hdop>3</hdop>
        <extensions>
          <osmand:provider>fused</osmand:provider>
          <osmand:heading>55.0</osmand:heading>
          <osmand:speed>14.2</osmand:speed>
        </extensions>
      </trkpt>
      <trkpt lat="48.8268949" lon="2.3086663">
        <ele>113.2</ele>
        <time>2026-02-05T20:28:49Z</time>
        <hdop>3</hdop>
        <extensions>
          <osmand:provider>fused</osmand:provider>
          <osmand:heading>55.0</osmand:heading>
          <osmand:speed>14.3</osmand:speed>
        </extensions>
      </trkpt>
      <trkpt lat="48.8268612" lon="2.3088592">
        <ele>113.2</ele>
        <time>2026-02-05T20:28:50Z</time>
        <hdop>2.9</hdop>
        <extensions>
          <osmand:provider>fused</osmand:provider>
          <osmand:heading>55.0</osmand:heading>
          <osmand:speed>14.4</osmand:speed>
        </extensions>
      </trkpt>
      <trkpt lat="48.826817" lon="2.3090479">
        <ele>113.3</ele>
        <time>2026-02-05T20:28:51Z</time>
        <hdop>2.9</hdop>
        <extensions>
          <osmand:provider>fused</osmand:provider>
          <osmand:heading>55.0</osmand:heading>
          <osmand:speed>14</osmand:speed>
        </extensions>
      </trkpt>
      <trkpt lat="48.8267781" lon="2.3092278">
        <ele>113.3</ele>
        <time>2026-02-05T20:28:52Z</time>
        <hdop>2.9</hdop>
        <extensions>
          <osmand:provider>fused</osmand:provider>
          <osmand:heading>55.0</osmand:heading>
          <osmand:speed>13.8</osmand:speed>
        </extensions>
      </trkpt>
      <trkpt lat="48.8267389" lon="2.3094106">
        <ele>113.3</ele>
        <time>2026-02-05T20:28:53Z</time>
        <hdop>2.9</hdop>
        <extensions>
          <osmand:provider>fused</osmand:provider>
          <osmand:heading>55.0</osmand:heading>
          <osmand:speed>13.9</osmand:speed>
        </extensions>
      </trkpt>
      <trkpt lat="48.8267029" lon="2.3095787">
        <ele>113.3</ele>
        <time>2026-02-05T20:28:54Z</time>
        <hdop>2.9</hdop>
        <extensions>
          <osmand:provider>fused</osmand:provider>
          <osmand:heading>56.0</osmand:heading>
          <osmand:speed>12.6</osmand:speed>
        </extensions>
      </trkpt>
      <trkpt lat="48.8266673" lon="2.3097199">
        <ele>113.2</ele>
        <time>2026-02-05T20:28:55Z</time>
        <hdop>2.9</hdop>
        <extensions>
          <osmand:provider>fused</osmand:provider>
          <osmand:heading>57.0</osmand:heading>
          <osmand:speed>10.5</osmand:speed>
        </extensions>
      </trkpt>
      <trkpt lat="48.8266535" lon="2.3098153">
        <ele>113</ele>
        <time>2026-02-05T20:28:56Z</time>
        <hdop>3.1</hdop>
        <extensions>
          <osmand:provider>fused</osmand:provider>
          <osmand:heading>57.0</osmand:heading>
          <osmand:speed>5.3</osmand:speed>
        </extensions>
      </trkpt>
      <trkpt lat="48.8266538" lon="2.3098555">
        <ele>112.8</ele>
        <time>2026-02-05T20:28:57Z</time>
        <hdop>3.2</hdop>
        <extensions>
          <osmand:provider>fused</osmand:provider>
          <osmand:heading>57.0</osmand:heading>
          <osmand:speed>3.2</osmand:speed>
        </extensions>
      </trkpt>
      <trkpt lat="48.8266463" lon="2.3098766">
        <ele>112.6</ele>
        <time>2026-02-05T20:28:58Z</time>
        <hdop>3.2</hdop>
        <extensions>
          <osmand:provider>fused</osmand:provider>
          <osmand:heading>57.0</osmand:heading>
          <osmand:speed>1.6</osmand:speed>
        </extensions>
      </trkpt>
      <trkpt lat="48.8266507" lon="2.3098839">
        <ele>110.3</ele>
        <time>2026-02-05T20:28:59Z</time>
        <hdop>3.3</hdop>
        <extensions>
          <osmand:provider>fused</osmand:provider>
          <osmand:heading>57.0</osmand:heading>
          <osmand:speed>0.4</osmand:speed>
        </extensions>
      </trkpt>
      <trkpt lat="48.8266509" lon="2.30987">
        <ele>110.3</ele>
        <time>2026-02-05T20:29:00Z</time>
        <hdop>3.5</hdop>
        <extensions>
          <osmand:provider>fused</osmand:provider>
          <osmand:heading>56.0</osmand:heading>
          <osmand:speed>0.2</osmand:speed>
        </extensions>
      </trkpt>
      <trkpt lat="48.8266491" lon="2.3098644">
        <ele>110.3</ele>
        <time>2026-02-05T20:29:01Z</time>
        <hdop>3.5</hdop>
        <extensions>
          <osmand:provider>fused</osmand:provider>
          <osmand:heading>56.0</osmand:heading>
          <osmand:speed>0.1</osmand:speed>
        </extensions>
      </trkpt>
      <trkpt lat="48.8266489" lon="2.3098646">
        <ele>110.3</ele>
        <time>2026-02-05T20:29:02Z</time>
        <hdop>3.5</hdop>
        <extensions>
          <osmand:provider>fused</osmand:provider>
          <osmand:heading>56.0</osmand:heading>
        </extensions>
      </trkpt>
      <trkpt lat="48.8266491" lon="2.3098643">
        <ele>110.3</ele>
        <time>2026-02-05T20:29:03Z</time>
        <hdop>3.5</hdop>
        <extensions>
          <osmand:provider>fused</osmand:provider>
          <osmand:heading>56.0</osmand:heading>
        </extensions>
      </trkpt>
      <trkpt lat="48.8266492" lon="2.3098644">
        <ele>110.3</ele>
        <time>2026-02-05T20:29:04Z</time>
        <hdop>3.5</hdop>
        <extensions>
          <osmand:provider>fused</osmand:provider>
          <osmand:heading>56.0</osmand:heading>
        </extensions>
      </trkpt>
      <trkpt lat="48.8266493" lon="2.3098644">
        <ele>110.3</ele>
        <time>2026-02-05T20:29:05Z</time>
        <hdop>3.5</hdop>
        <extensions>
          <osmand:provider>fused</osmand:provider>
          <osmand:heading>55.0</osmand:heading>
        </extensions>
      </trkpt>
      <trkpt lat="48.8266495" lon="2.3098645">
        <ele>110.4</ele>
        <time>2026-02-05T20:29:06Z</time>
        <hdop>3.5</hdop>
        <extensions>
          <osmand:provider>fused</osmand:provider>
          <osmand:heading>55.0</osmand:heading>
        </extensions>
      </trkpt>
      <trkpt lat="48.8266495" lon="2.3098647">
        <ele>110.4</ele>
        <time>2026-02-05T20:29:07Z</time>
        <hdop>3.5</hdop>
        <extensions>
          <osmand:provider>fused</osmand:provider>
          <osmand:heading>55.0</osmand:heading>
        </extensions>
      </trkpt>
      <trkpt lat="48.8266496" lon="2.3098648">
        <ele>110.4</ele>
        <time>2026-02-05T20:29:08Z</time>
        <hdop>3.5</hdop>
        <extensions>
          <osmand:provider>fused</osmand:provider>
          <osmand:heading>55.0</osmand:heading>
        </extensions>
      </trkpt>
      <trkpt lat="48.8266497" lon="2.3098651">
        <ele>110.4</ele>
        <time>2026-02-05T20:29:09Z</time>
        <hdop>3.4</hdop>
        <extensions>
          <osmand:provider>fused</osmand:provider>
          <osmand:heading>55.0</osmand:heading>
        </extensions>
      </trkpt>
      <trkpt lat="48.8266498" lon="2.3098652">
        <ele>110.4</ele>
        <time>2026-02-05T20:29:10Z</time>
        <hdop>3.4</hdop>
        <extensions>
          <osmand:provider>fused</osmand:provider>
          <osmand:heading>55.0</osmand:heading>
        </extensions>
      </trkpt>
      <trkpt lat="48.8266496" lon="2.3098657">
        <ele>110.4</ele>
        <time>2026-02-05T20:29:11Z</time>
        <hdop>3.3</hdop>
        <extensions>
          <osmand:provider>fused</osmand:provider>
          <osmand:heading>56.0</osmand:heading>
        </extensions>
      </trkpt>
      <trkpt lat="48.8266473" lon="2.3098691">
        <ele>110.4</ele>
        <time>2026-02-05T20:29:12Z</time>
        <hdop>3.2</hdop>
        <extensions>
          <osmand:provider>fused</osmand:provider>
          <osmand:heading>64.0</osmand:heading>
          <osmand:speed>0.2</osmand:speed>
        </extensions>
      </trkpt>
      <trkpt lat="48.8266524" lon="2.309871">
        <ele>110.3</ele>
        <time>2026-02-05T20:29:13Z</time>
        <hdop>3.2</hdop>
        <extensions>
          <osmand:provider>fused</osmand:provider>
          <osmand:heading>65.0</osmand:heading>
          <osmand:speed>0.2</osmand:speed>
        </extensions>
      </trkpt>
      <trkpt lat="48.8266574" lon="2.3098727">
        <ele>110.3</ele>
        <time>2026-02-05T20:29:14Z</time>
        <hdop>3.2</hdop>
        <extensions>
          <osmand:provider>fused</osmand:provider>
          <osmand:heading>65.0</osmand:heading>
          <osmand:speed>0.1</osmand:speed>
        </extensions>
      </trkpt>
      <trkpt lat="48.826657" lon="2.3098727">
        <ele>110.3</ele>
        <time>2026-02-05T20:29:15Z</time>
        <hdop>3.2</hdop>
        <extensions>
          <osmand:provider>fused</osmand:provider>
          <osmand:heading>65.0</osmand:heading>
        </extensions>
      </trkpt>
      <trkpt lat="48.82666" lon="2.3098749">
        <ele>110.3</ele>
        <time>2026-02-05T20:29:16Z</time>
        <hdop>3.3</hdop>
        <extensions>
          <osmand:provider>fused</osmand:provider>
          <osmand:heading>66.0</osmand:heading>
          <osmand:speed>0.1</osmand:speed>
        </extensions>
      </trkpt>
      <trkpt lat="48.8266604" lon="2.3098779">
        <ele>110.3</ele>
        <time>2026-02-05T20:29:17Z</time>
        <hdop>3.3</hdop>
        <extensions>
          <osmand:provider>fused</osmand:provider>
          <osmand:heading>66.0</osmand:heading>
          <osmand:speed>0.2</osmand:speed>
        </extensions>
      </trkpt>
      <trkpt lat="48.8266604" lon="2.3098834">
        <ele>110.4</ele>
        <time>2026-02-05T20:29:20Z</time>
        <hdop>3.7</hdop>
        <extensions>
          <osmand:provider>fused</osmand:provider>
          <osmand:heading>68.0</osmand:heading>
          <osmand:speed>0.3</osmand:speed>
        </extensions>
      </trkpt>
      <trkpt lat="48.8266571" lon="2.3098837">
        <ele>110.4</ele>
        <time>2026-02-05T20:29:21Z</time>
        <hdop>3.8</hdop>
        <extensions>
          <osmand:provider>fused</osmand:provider>
          <osmand:heading>65.0</osmand:heading>
          <osmand:speed>0</osmand:speed>
        </extensions>
      </trkpt>
      <trkpt lat="48.8266573" lon="2.309884">
        <ele>110.4</ele>
        <time>2026-02-05T20:29:22Z</time>
        <hdop>3.8</hdop>
        <extensions>
          <osmand:provider>fused</osmand:provider>
          <osmand:heading>66.0</osmand:heading>
        </extensions>
      </trkpt>
      <trkpt lat="48.8266571" lon="2.3098844">
        <ele>110.4</ele>
        <time>2026-02-05T20:29:23Z</time>
        <hdop>3.9</hdop>
        <extensions>
          <osmand:provider>fused</osmand:provider>
          <osmand:heading>66.0</osmand:heading>
        </extensions>
      </trkpt>
      <trkpt lat="48.8266565" lon="2.3098849">
        <ele>110.4</ele>
        <time>2026-02-05T20:29:24Z</time>
        <hdop>3.8</hdop>
        <extensions>
          <osmand:provider>fused</osmand:provider>
          <osmand:heading>63.0</osmand:heading>
        </extensions>
      </trkpt>
      <trkpt lat="48.8266566" lon="2.3098897">
        <ele>110.4</ele>
        <time>2026-02-05T20:29:25Z</time>
        <hdop>3.8</hdop>
        <extensions>
          <osmand:provider>fused</osmand:provider>
          <osmand:heading>60.0</osmand:heading>
          <osmand:speed>0.1</osmand:speed>
        </extensions>
      </trkpt>
      <trkpt lat="48.8266535" lon="2.309884">
        <ele>110.4</ele>
        <time>2026-02-05T20:29:26Z</time>
        <hdop>3.8</hdop>
        <extensions>
          <osmand:provider>fused</osmand:provider>
          <osmand:heading>62.0</osmand:heading>
          <osmand:speed>0.1</osmand:speed>
        </extensions>
      </trkpt>
      <trkpt lat="48.8266483" lon="2.3098697">
        <ele>110.4</ele>
        <time>2026-02-05T20:29:27Z</time>
        <hdop>3.7</hdop>
        <extensions>
          <osmand:provider>fused</osmand:provider>
          <osmand:heading>64.0</osmand:heading>
          <osmand:speed>0.4</osmand:speed>
        </extensions>
      </trkpt>
      <trkpt lat="48.8266429" lon="2.3098799">
        <ele>110.4</ele>
        <time>2026-02-05T20:29:28Z</time>
        <hdop>3.6</hdop>
        <extensions>
          <osmand:provider>fused</osmand:provider>
          <osmand:heading>64.0</osmand:heading>
          <osmand:speed>1.3</osmand:speed>
        </extensions>
      </trkpt>
      <trkpt lat="48.8266365" lon="2.3099052">
        <ele>110.4</ele>
        <time>2026-02-05T20:29:29Z</time>
        <hdop>3.6</hdop>
        <extensions>
          <osmand:provider>fused</osmand:provider>
          <osmand:heading>64.0</osmand:heading>
          <osmand:speed>2.6</osmand:speed>
        </extensions>
      </trkpt>
      <trkpt lat="48.8266344" lon="2.3099431">
        <ele>110.4</ele>
        <time>2026-02-05T20:29:30Z</time>
        <hdop>3.6</hdop>
        <extensions>
          <osmand:provider>fused</osmand:provider>
          <osmand:heading>65.0</osmand:heading>
          <osmand:speed>3.1</osmand:speed>
        </extensions>
      </trkpt>
      <trkpt lat="48.8266336" lon="2.3100046">
        <ele>110.4</ele>
        <time>2026-02-05T20:29:31Z</time>
        <hdop>3.5</hdop>
        <extensions>
          <osmand:provider>fused</osmand:provider>
          <osmand:heading>65.0</osmand:heading>
          <osmand:speed>4.2</osmand:speed>
        </extensions>
      </trkpt>
      <trkpt lat="48.8266216" lon="2.3100632">
        <ele>110.4</ele>
        <time>2026-02-05T20:29:32Z</time>
        <hdop>3.5</hdop>
        <extensions>
          <osmand:provider>fused</osmand:provider>
          <osmand:heading>65.0</osmand:heading>
          <osmand:speed>5</osmand:speed>
        </extensions>
      </trkpt>
      <trkpt lat="48.8266041" lon="2.3101386">
        <ele>110.4</ele>
        <time>2026-02-05T20:29:33Z</time>
        <hdop>3.5</hdop>
        <extensions>
          <osmand:provider>fused</osmand:provider>
          <osmand:heading>66.0</osmand:heading>
          <osmand:speed>5.8</osmand:speed>
        </extensions>
      </trkpt>
      <trkpt lat="48.8265854" lon="2.3102215">
        <ele>110.4</ele>
        <time>2026-02-05T20:29:34Z</time>
        <hdop>3.5</hdop>
        <extensions>
          <osmand:provider>fused</osmand:provider>
          <osmand:heading>66.0</osmand:heading>
          <osmand:speed>6.5</osmand:speed>
        </extensions>
      </trkpt>
      <trkpt lat="48.8265693" lon="2.3103055">
        <ele>110.4</ele>
        <time>2026-02-05T20:29:35Z</time>
        <hdop>3.5</hdop>
        <extensions>
          <osmand:provider>fused</osmand:provider>
          <osmand:heading>67.0</osmand:heading>
          <osmand:speed>5.9</osmand:speed>
        </extensions>
      </trkpt>
      <trkpt lat="48.8265502" lon="2.3103776">
        <ele>110.4</ele>
        <time>2026-02-05T20:29:36Z</time>
        <hdop>3.4</hdop>
        <extensions>
          <osmand:provider>fused</osmand:provider>
          <osmand:heading>67.0</osmand:heading>
          <osmand:speed>4.9</osmand:speed>
        </extensions>
      </trkpt>
      <trkpt lat="48.8265307" lon="2.3104292">
        <ele>110.4</ele>
        <time>2026-02-05T20:29:37Z</time>
        <hdop>3.3</hdop>
        <extensions>
          <osmand:provider>fused</osmand:provider>
          <osmand:heading>67.0</osmand:heading>
          <osmand:speed>4</osmand:speed>
        </extensions>
      </trkpt>
      <trkpt lat="48.8265246" lon="2.3104761">
        <ele>110.4</ele>
        <time>2026-02-05T20:29:38Z</time>
        <hdop>3.2</hdop>
        <extensions>
          <osmand:provider>fused</osmand:provider>
          <osmand:heading>68.0</osmand:heading>
          <osmand:speed>2.2</osmand:speed>
        </extensions>
      </trkpt>
      <trkpt lat="48.8265178" lon="2.3104961">
        <ele>110.4</ele>
        <time>2026-02-05T20:29:39Z</time>
        <hdop>3.2</hdop>
        <extensions>
          <osmand:provider>fused</osmand:provider>
          <osmand:heading>68.0</osmand:heading>
          <osmand:speed>1</osmand:speed>
        </extensions>
      </trkpt>
      <trkpt lat="48.826518" lon="2.3104937">
        <ele>110.6</ele>
        <time>2026-02-05T20:29:40Z</time>
        <hdop>3.1</hdop>
        <extensions>
          <osmand:provider>fused</osmand:provider>
          <osmand:heading>68.0</osmand:heading>
          <osmand:speed>0.4</osmand:speed>
        </extensions>
      </trkpt>
      <trkpt lat="48.826514" lon="2.3104844">
        <ele>110.6</ele>
        <time>2026-02-05T20:29:41Z</time>
        <hdop>3</hdop>
        <extensions>
          <osmand:provider>fused</osmand:provider>
          <osmand:heading>68.0</osmand:heading>
          <osmand:speed>0.2</osmand:speed>
        </extensions>
      </trkpt>
      <trkpt lat="48.826514" lon="2.3104836">
        <ele>110.6</ele>
        <time>2026-02-05T20:29:42Z</time>
        <hdop>3</hdop>
        <extensions>
          <osmand:provider>fused</osmand:provider>
          <osmand:heading>68.0</osmand:heading>
        </extensions>
      </trkpt>
      <trkpt lat="48.8265138" lon="2.3104836">
        <ele>110.6</ele>
        <time>2026-02-05T20:29:43Z</time>
        <hdop>3</hdop>
        <extensions>
          <osmand:provider>fused</osmand:provider>
          <osmand:heading>68.0</osmand:heading>
        </extensions>
      </trkpt>
      <trkpt lat="48.8265136" lon="2.3104835">
        <ele>110.6</ele>
        <time>2026-02-05T20:29:44Z</time>
        <hdop>3</hdop>
        <extensions>
          <osmand:provider>fused</osmand:provider>
          <osmand:heading>68.0</osmand:heading>
        </extensions>
      </trkpt>
      <trkpt lat="48.8265138" lon="2.3104834">
        <ele>110.6</ele>
        <time>2026-02-05T20:29:45Z</time>
        <hdop>3</hdop>
        <extensions>
          <osmand:provider>fused</osmand:provider>
          <osmand:heading>67.0</osmand:heading>
        </extensions>
      </trkpt>
      <trkpt lat="48.8265136" lon="2.3104835">
        <ele>110.6</ele>
        <time>2026-02-05T20:29:46Z</time>
        <hdop>3</hdop>
        <extensions>
          <osmand:provider>fused</osmand:provider>
          <osmand:heading>67.0</osmand:heading>
        </extensions>
      </trkpt>
      <trkpt lat="48.8265134" lon="2.3104838">
        <ele>110.6</ele>
        <time>2026-02-05T20:29:47Z</time>
        <hdop>3</hdop>
        <extensions>
          <osmand:provider>fused</osmand:provider>
          <osmand:heading>68.0</osmand:heading>
        </extensions>
      </trkpt>
      <trkpt lat="48.8265131" lon="2.3104839">
        <ele>110.6</ele>
        <time>2026-02-05T20:29:48Z</time>
        <hdop>3</hdop>
        <extensions>
          <osmand:provider>fused</osmand:provider>
          <osmand:heading>67.0</osmand:heading>
        </extensions>
      </trkpt>
      <trkpt lat="48.8265131" lon="2.3104838">
        <ele>110.6</ele>
        <time>2026-02-05T20:29:49Z</time>
        <hdop>3</hdop>
        <extensions>
          <osmand:provider>fused</osmand:provider>
          <osmand:heading>67.0</osmand:heading>
        </extensions>
      </trkpt>
      <trkpt lat="48.8265066" lon="2.3104797">
        <ele>110.6</ele>
        <time>2026-02-05T20:29:50Z</time>
        <hdop>3</hdop>
        <extensions>
          <osmand:provider>fused</osmand:provider>
          <osmand:heading>67.0</osmand:heading>
          <osmand:speed>0.1</osmand:speed>
        </extensions>
      </trkpt>
      <trkpt lat="48.8265043" lon="2.310482">
        <ele>110.6</ele>
        <time>2026-02-05T20:29:51Z</time>
        <hdop>3</hdop>
        <extensions>
          <osmand:provider>fused</osmand:provider>
          <osmand:heading>67.0</osmand:heading>
          <osmand:speed>0.3</osmand:speed>
        </extensions>
      </trkpt>
      <trkpt lat="48.8264984" lon="2.3104904">
        <ele>110.6</ele>
        <time>2026-02-05T20:29:52Z</time>
        <hdop>3</hdop>
        <extensions>
          <osmand:provider>fused</osmand:provider>
          <osmand:heading>67.0</osmand:heading>
          <osmand:speed>1.6</osmand:speed>
        </extensions>
      </trkpt>
      <trkpt lat="48.8264908" lon="2.3105208">
        <ele>110.6</ele>
        <time>2026-02-05T20:29:53Z</time>
        <hdop>3</hdop>
        <extensions>
          <osmand:provider>fused</osmand:provider>
          <osmand:heading>67.0</osmand:heading>
          <osmand:speed>2.7</osmand:speed>
        </extensions>
      </trkpt>
      <trkpt lat="48.8264829" lon="2.3105579">
        <ele>110.6</ele>
        <time>2026-02-05T20:29:54Z</time>
        <hdop>3</hdop>
        <extensions>
          <osmand:provider>fused</osmand:provider>
          <osmand:heading>67.0</osmand:heading>
          <osmand:speed>3.2</osmand:speed>
        </extensions>
      </trkpt>
      <trkpt lat="48.8264702" lon="2.3106141">
        <ele>110.6</ele>
        <time>2026-02-05T20:29:55Z</time>
        <hdop>3</hdop>
        <extensions>
          <osmand:provider>fused</osmand:provider>
          <osmand:heading>66.0</osmand:heading>
          <osmand:speed>4.3</osmand:speed>
        </extensions>
      </trkpt>
      <trkpt lat="48.8264644" lon="2.3106903">
        <ele>110.6</ele>
        <time>2026-02-05T20:29:56Z</time>
        <hdop>3</hdop>
        <extensions>
          <osmand:provider>fused</osmand:provider>
          <osmand:heading>66.0</osmand:heading>
          <osmand:speed>5.3</osmand:speed>
        </extensions>
      </trkpt>
      <trkpt lat="48.8264507" lon="2.3107781">
        <ele>110.6</ele>
        <time>2026-02-05T20:29:57Z</time>
        <hdop>3</hdop>
        <extensions>
          <osmand:provider>fused</osmand:provider>
          <osmand:heading>66.0</osmand:heading>
          <osmand:speed>6.3</osmand:speed>
        </extensions>
      </trkpt>
      <trkpt lat="48.8264299" lon="2.3108612">
        <ele>110.6</ele>
        <time>2026-02-05T20:29:58Z</time>
        <hdop>3</hdop>
        <extensions>
          <osmand:provider>fused</osmand:provider>
          <osmand:heading>66.0</osmand:heading>
          <osmand:speed>7</osmand:speed>
        </extensions>
      </trkpt>
      <trkpt lat="48.826411" lon="2.3109594">
        <ele>110.6</ele>
        <time>2026-02-05T20:29:59Z</time>
        <hdop>2.9</hdop>
        <extensions>
          <osmand:provider>fused</osmand:provider>
          <osmand:heading>66.0</osmand:heading>
          <osmand:speed>7.6</osmand:speed>
        </extensions>
      </trkpt>
      <trkpt lat="48.8263877" lon="2.3110697">
        <ele>110.6</ele>
        <time>2026-02-05T20:30:00Z</time>
        <hdop>2.9</hdop>
        <extensions>
          <osmand:provider>fused</osmand:provider>
          <osmand:heading>66.0</osmand:heading>
          <osmand:speed>8.4</osmand:speed>
        </extensions>
      </trkpt>
      <trkpt lat="48.8263657" lon="2.3111839">
        <ele>110.6</ele>
        <time>2026-02-05T20:30:01Z</time>
        <hdop>2.9</hdop>
        <extensions>
          <osmand:provider>fused</osmand:provider>
          <osmand:heading>66.0</osmand:heading>
          <osmand:speed>9.2</osmand:speed>
        </extensions>
      </trkpt>
      <trkpt lat="48.826338" lon="2.3113116">
        <ele>110.6</ele>
        <time>2026-02-05T20:30:02Z</time>
        <hdop>2.9</hdop>
        <extensions>
          <osmand:provider>fused</osmand:provider>
          <osmand:heading>67.0</osmand:heading>
          <osmand:speed>9.9</osmand:speed>
        </extensions>
      </trkpt>
      <trkpt lat="48.8263064" lon="2.311439">
        <ele>110.6</ele>
        <time>2026-02-05T20:30:03Z</time>
        <hdop>2.9</hdop>
        <extensions>
          <osmand:provider>fused</osmand:provider>
          <osmand:heading>68.0</osmand:heading>
          <osmand:speed>10.2</osmand:speed>
        </extensions>
      </trkpt>
      <trkpt lat="48.8262776" lon="2.3115687">
        <ele>112.3</ele>
        <time>2026-02-05T20:30:04Z</time>
        <hdop>2.9</hdop>
        <extensions>
          <osmand:provider>fused</osmand:provider>
          <osmand:heading>69.0</osmand:heading>
          <osmand:speed>9.3</osmand:speed>
        </extensions>
      </trkpt>
      <trkpt lat="48.8262528" lon="2.3116778">
        <ele>112.3</ele>
        <time>2026-02-05T20:30:05Z</time>
        <hdop>3</hdop>
        <extensions>
          <osmand:provider>fused</osmand:provider>
          <osmand:heading>70.0</osmand:heading>
          <osmand:speed>8.3</osmand:speed>
        </extensions>
      </trkpt>
      <trkpt lat="48.8262279" lon="2.311784">
        <ele>112.3</ele>
        <time>2026-02-05T20:30:06Z</time>
        <hdop>3.1</hdop>
        <extensions>
          <osmand:provider>fused</osmand:provider>
          <osmand:heading>71.0</osmand:heading>
          <osmand:speed>7.2</osmand:speed>
        </extensions>
      </trkpt>
      <trkpt lat="48.8262122" lon="2.3118611">
        <ele>112.3</ele>
        <time>2026-02-05T20:30:07Z</time>
        <hdop>3.1</hdop>
        <extensions>
          <osmand:provider>fused</osmand:provider>
          <osmand:heading>71.0</osmand:heading>
          <osmand:speed>5.9</osmand:speed>
        </extensions>
      </trkpt>
      <trkpt lat="48.8261922" lon="2.311932">
        <ele>112.3</ele>
        <time>2026-02-05T20:30:08Z</time>
        <hdop>3.1</hdop>
        <extensions>
          <osmand:provider>fused</osmand:provider>
          <osmand:heading>71.0</osmand:heading>
          <osmand:speed>4.8</osmand:speed>
        </extensions>
      </trkpt>
      <trkpt lat="48.8261835" lon="2.3119948">
        <ele>112.3</ele>
        <time>2026-02-05T20:30:09Z</time>
        <hdop>3.1</hdop>
        <extensions>
          <osmand:provider>fused</osmand:provider>
          <osmand:heading>71.0</osmand:heading>
          <osmand:speed>3.8</osmand:speed>
        </extensions>
      </trkpt>
      <trkpt lat="48.8261765" lon="2.3120448">
        <ele>110.6</ele>
        <time>2026-02-05T20:30:10Z</time>
        <hdop>3.1</hdop>
        <extensions>
          <osmand:provider>fused</osmand:provider>
          <osmand:heading>71.0</osmand:heading>
          <osmand:speed>3.2</osmand:speed>
        </extensions>
      </trkpt>
      <trkpt lat="48.8261668" lon="2.3120786">
        <ele>110.6</ele>
        <time>2026-02-05T20:30:11Z</time>
        <hdop>3.1</hdop>
        <extensions>
          <osmand:provider>fused</osmand:provider>
          <osmand:heading>70.0</osmand:heading>
          <osmand:speed>2.8</osmand:speed>
        </extensions>
      </trkpt>
      <trkpt lat="48.8261577" lon="2.3121183">
        <ele>110.9</ele>
        <time>2026-02-05T20:30:12Z</time>
        <hdop>3</hdop>
        <extensions>
          <osmand:provider>fused</osmand:provider>
          <osmand:heading>69.0</osmand:heading>
          <osmand:speed>3.1</osmand:speed>
        </extensions>
      </trkpt>
      <trkpt lat="48.8261517" lon="2.3121772">
        <ele>110.9</ele>
        <time>2026-02-05T20:30:13Z</time>
        <hdop>3</hdop>
        <extensions>
          <osmand:provider>fused</osmand:provider>
          <osmand:heading>69.0</osmand:heading>
          <osmand:speed>4.8</osmand:speed>
        </extensions>
      </trkpt>
      <trkpt lat="48.8261314" lon="2.312243">
        <ele>110.9</ele>
        <time>2026-02-05T20:30:14Z</time>
        <hdop>3</hdop>
        <extensions>
          <osmand:provider>fused</osmand:provider>
          <osmand:heading>69.0</osmand:heading>
          <osmand:speed>5.2</osmand:speed>
        </extensions>
      </trkpt>
      <trkpt lat="48.8261187" lon="2.3123188">
        <ele>110.9</ele>
        <time>2026-02-05T20:30:15Z</time>
        <hdop>2.9</hdop>
        <extensions>
          <osmand:provider>fused</osmand:provider>
          <osmand:heading>69.0</osmand:heading>
          <osmand:speed>6</osmand:speed>
        </extensions>
      </trkpt>
      <trkpt lat="48.8261077" lon="2.3123981">
        <ele>110.9</ele>
        <time>2026-02-05T20:30:16Z</time>
        <hdop>2.8</hdop>
        <extensions>
          <osmand:provider>fused</osmand:provider>
          <osmand:heading>70.0</osmand:heading>
          <osmand:speed>7</osmand:speed>
        </extensions>
      </trkpt>
      <trkpt lat="48.8260866" lon="2.3124895">
        <ele>110.9</ele>
        <time>2026-02-05T20:30:17Z</time>
        <hdop>2.8</hdop>
        <extensions>
          <osmand:provider>fused</osmand:provider>
          <osmand:heading>71.0</osmand:heading>
          <osmand:speed>7</osmand:speed>
        </extensions>
      </trkpt>
      <trkpt lat="48.8260634" lon="2.3125673">
        <ele>110.9</ele>
        <time>2026-02-05T20:30:18Z</time>
        <hdop>2.7</hdop>
        <extensions>
          <osmand:provider>fused</osmand:provider>
          <osmand:heading>73.0</osmand:heading>
          <osmand:speed>5.9</osmand:speed>
        </extensions>
      </trkpt>
      <trkpt lat="48.8260602" lon="2.3126379">
        <ele>110.9</ele>
        <time>2026-02-05T20:30:19Z</time>
        <hdop>2.5</hdop>
        <extensions>
          <osmand:provider>fused</osmand:provider>
          <osmand:heading>73.0</osmand:heading>
          <osmand:speed>4.7</osmand:speed>
        </extensions>
      </trkpt>
      <trkpt lat="48.8260596" lon="2.3126897">
        <ele>110.9</ele>
        <time>2026-02-05T20:30:20Z</time>
        <hdop>2.5</hdop>
        <extensions>
          <osmand:provider>fused</osmand:provider>
          <osmand:heading>70.0</osmand:heading>
          <osmand:speed>3.7</osmand:speed>
        </extensions>
      </trkpt>
      <trkpt lat="48.8260658" lon="2.3127294">
        <ele>110.9</ele>
        <time>2026-02-05T20:30:21Z</time>
        <hdop>2.6</hdop>
        <extensions>
          <osmand:provider>fused</osmand:provider>
          <osmand:heading>65.0</osmand:heading>
          <osmand:speed>3.3</osmand:speed>
        </extensions>
      </trkpt>
      <trkpt lat="48.8260878" lon="2.3127603">
        <ele>110.9</ele>
        <time>2026-02-05T20:30:22Z</time>
        <hdop>2.7</hdop>
        <extensions>
          <osmand:provider>fused</osmand:provider>
          <osmand:heading>54.0</osmand:heading>
          <osmand:speed>3.2</osmand:speed>
        </extensions>
      </trkpt>
      <trkpt lat="48.8261141" lon="2.3127877">
        <ele>110.7</ele>
        <time>2026-02-05T20:30:23Z</time>
        <hdop>2.8</hdop>
        <extensions>
          <osmand:provider>fused</osmand:provider>
          <osmand:heading>38.0</osmand:heading>
          <osmand:speed>4</osmand:speed>
        </extensions>
      </trkpt>
      <trkpt lat="48.8261498" lon="2.3128162">
        <ele>110.7</ele>
        <time>2026-02-05T20:30:24Z</time>
        <hdop>2.9</hdop>
        <extensions>
          <osmand:provider>fused</osmand:provider>
          <osmand:heading>28.0</osmand:heading>
          <osmand:speed>4.7</osmand:speed>
        </extensions>
      </trkpt>
      <trkpt lat="48.8262005" lon="2.3128586">
        <ele>110.7</ele>
        <time>2026-02-05T20:30:25Z</time>
        <hdop>3</hdop>
        <extensions>
          <osmand:provider>fused</osmand:provider>
          <osmand:heading>19.0</osmand:heading>
          <osmand:speed>5.8</osmand:speed>
        </extensions>
      </trkpt>
      <trkpt lat="48.8262534" lon="2.3129068">
        <ele>110.7</ele>
        <time>2026-02-05T20:30:26Z</time>
        <hdop>3.1</hdop>
        <extensions>
          <osmand:provider>fused</osmand:provider>
          <osmand:heading>14.0</osmand:heading>
          <osmand:speed>6.6</osmand:speed>
        </extensions>
      </trkpt>
      <trkpt lat="48.8262989" lon="2.3129527">
        <ele>110.7</ele>
        <time>2026-02-05T20:30:27Z</time>
        <hdop>3.1</hdop>
        <extensions>
          <osmand:provider>fused</osmand:provider>
          <osmand:heading>14.0</osmand:heading>
          <osmand:speed>6.4</osmand:speed>
        </extensions>
      </trkpt>
      <trkpt lat="48.8263323" lon="2.3129905">
        <ele>110.7</ele>
        <time>2026-02-05T20:30:28Z</time>
        <hdop>3.1</hdop>
        <extensions>
          <osmand:provider>fused</osmand:provider>
          <osmand:heading>17.0</osmand:heading>
          <osmand:speed>3.7</osmand:speed>
        </extensions>
      </trkpt>
      <trkpt lat="48.8263547" lon="2.3130164">
        <ele>110.7</ele>
        <time>2026-02-05T20:30:29Z</time>
        <hdop>2.9</hdop>
        <extensions>
          <osmand:provider>fused</osmand:provider>
          <osmand:heading>20.0</osmand:heading>
          <osmand:speed>2.6</osmand:speed>
        </extensions>
      </trkpt>
      <trkpt lat="48.8263632" lon="2.313035">
        <ele>110.7</ele>
        <time>2026-02-05T20:30:30Z</time>
        <hdop>2.9</hdop>
        <extensions>
          <osmand:provider>fused</osmand:provider>
          <osmand:heading>20.0</osmand:heading>
          <osmand:speed>1.1</osmand:speed>
        </extensions>
      </trkpt>
      <trkpt lat="48.8263665" lon="2.3130448">
        <ele>110.7</ele>
        <time>2026-02-05T20:30:31Z</time>
        <hdop>2.9</hdop>
        <extensions>
          <osmand:provider>fused</osmand:provider>
          <osmand:heading>21.0</osmand:heading>
          <osmand:speed>0.3</osmand:speed>
        </extensions>
      </trkpt>
      <trkpt lat="48.8263647" lon="2.3130537">
        <ele>110.5</ele>
        <time>2026-02-05T20:30:32Z</time>
        <hdop>3</hdop>
        <extensions>
          <osmand:provider>fused</osmand:provider>
          <osmand:heading>20.0</osmand:heading>
          <osmand:speed>0.2</osmand:speed>
        </extensions>
      </trkpt>
      <trkpt lat="48.8263615" lon="2.3130519">
        <ele>110.5</ele>
        <time>2026-02-05T20:30:33Z</time>
        <hdop>3</hdop>
        <extensions>
          <osmand:provider>fused</osmand:provider>
          <osmand:heading>20.0</osmand:heading>
          <osmand:speed>0.1</osmand:speed>
        </extensions>
      </trkpt>
      <trkpt lat="48.8263615" lon="2.3130519">
        <ele>110.5</ele>
        <time>2026-02-05T20:30:34Z</time>
        <hdop>3</hdop>
        <extensions>
          <osmand:provider>fused</osmand:provider>
          <osmand:heading>20.0</osmand:heading>
        </extensions>
      </trkpt>
      <trkpt lat="48.8263612" lon="2.3130521">
        <ele>110.5</ele>
        <time>2026-02-05T20:30:35Z</time>
        <hdop>3.2</hdop>
        <extensions>
          <osmand:provider>fused</osmand:provider>
          <osmand:heading>20.0</osmand:heading>
        </extensions>
      </trkpt>
      <trkpt lat="48.8263611" lon="2.3130522">
        <ele>110.5</ele>
        <time>2026-02-05T20:30:36Z</time>
        <hdop>3.3</hdop>
        <extensions>
          <osmand:provider>fused</osmand:provider>
          <osmand:heading>20.0</osmand:heading>
        </extensions>
      </trkpt>
      <trkpt lat="48.8263609" lon="2.3130523">
        <ele>110.5</ele>
        <time>2026-02-05T20:30:37Z</time>
        <hdop>3.3</hdop>
        <extensions>
          <osmand:provider>fused</osmand:provider>
          <osmand:heading>20.0</osmand:heading>
        </extensions>
      </trkpt>
      <trkpt lat="48.8263608" lon="2.3130526">
        <ele>110.5</ele>
        <time>2026-02-05T20:30:38Z</time>
        <hdop>3.3</hdop>
        <extensions>
          <osmand:provider>fused</osmand:provider>
          <osmand:heading>20.0</osmand:heading>
        </extensions>
      </trkpt>
      <trkpt lat="48.8263606" lon="2.3130531">
        <ele>110.5</ele>
        <time>2026-02-05T20:30:39Z</time>
        <hdop>3.2</hdop>
        <extensions>
          <osmand:provider>fused</osmand:provider>
          <osmand:heading>20.0</osmand:heading>
        </extensions>
      </trkpt>
      <trkpt lat="48.8263605" lon="2.3130532">
        <ele>110.5</ele>
        <time>2026-02-05T20:30:40Z</time>
        <hdop>3.2</hdop>
        <extensions>
          <osmand:provider>fused</osmand:provider>
          <osmand:heading>20.0</osmand:heading>
        </extensions>
      </trkpt>
      <trkpt lat="48.8263604" lon="2.3130535">
        <ele>110.5</ele>
        <time>2026-02-05T20:30:41Z</time>
        <hdop>3.2</hdop>
        <extensions>
          <osmand:provider>fused</osmand:provider>
          <osmand:heading>20.0</osmand:heading>
        </extensions>
      </trkpt>
      <trkpt lat="48.8263603" lon="2.3130538">
        <ele>110.5</ele>
        <time>2026-02-05T20:30:42Z</time>
        <hdop>3.2</hdop>
        <extensions>
          <osmand:provider>fused</osmand:provider>
          <osmand:heading>20.0</osmand:heading>
        </extensions>
      </trkpt>
      <trkpt lat="48.8263601" lon="2.3130542">
        <ele>110.5</ele>
        <time>2026-02-05T20:30:43Z</time>
        <hdop>3.1</hdop>
        <extensions>
          <osmand:provider>fused</osmand:provider>
          <osmand:heading>20.0</osmand:heading>
        </extensions>
      </trkpt>
      <trkpt lat="48.8263606" lon="2.3130624">
        <ele>110.5</ele>
        <time>2026-02-05T20:30:44Z</time>
        <hdop>3.2</hdop>
        <extensions>
          <osmand:provider>fused</osmand:provider>
          <osmand:heading>20.0</osmand:heading>
          <osmand:speed>0.3</osmand:speed>
        </extensions>
      </trkpt>
      <trkpt lat="48.8263688" lon="2.3130651">
        <ele>110.5</ele>
        <time>2026-02-05T20:30:45Z</time>
        <hdop>3.2</hdop>
        <extensions>
          <osmand:provider>fused</osmand:provider>
          <osmand:heading>19.0</osmand:heading>
          <osmand:speed>0.7</osmand:speed>
        </extensions>
      </trkpt>
      <trkpt lat="48.8263725" lon="2.3130791">
        <ele>110.5</ele>
        <time>2026-02-05T20:30:46Z</time>
        <hdop>3.2</hdop>
        <extensions>
          <osmand:provider>fused</osmand:provider>
          <osmand:heading>19.0</osmand:heading>
          <osmand:speed>0.8</osmand:speed>
        </extensions>
      </trkpt>
      <trkpt lat="48.8263761" lon="2.3131135">
        <ele>110.5</ele>
        <time>2026-02-05T20:30:47Z</time>
        <hdop>3.1</hdop>
        <extensions>
          <osmand:provider>fused</osmand:provider>
          <osmand:heading>19.0</osmand:heading>
          <osmand:speed>2.4</osmand:speed>
        </extensions>
      </trkpt>
      <trkpt lat="48.8263965" lon="2.3131406">
        <ele>110.5</ele>
        <time>2026-02-05T20:30:48Z</time>
        <hdop>3.1</hdop>
        <extensions>
          <osmand:provider>fused</osmand:provider>
          <osmand:heading>19.0</osmand:heading>
          <osmand:speed>3.5</osmand:speed>
        </extensions>
      </trkpt>
      <trkpt lat="48.8264243" lon="2.3131741">
        <ele>110.5</ele>
        <time>2026-02-05T20:30:49Z</time>
        <hdop>3.2</hdop>
        <extensions>
          <osmand:provider>fused</osmand:provider>
          <osmand:heading>18.0</osmand:heading>
          <osmand:speed>4.4</osmand:speed>
        </extensions>
      </trkpt>
      <trkpt lat="48.8264664" lon="2.313239">
        <ele>110.5</ele>
        <time>2026-02-05T20:30:50Z</time>
        <hdop>3.2</hdop>
        <extensions>
          <osmand:provider>fused</osmand:provider>
          <osmand:heading>18.0</osmand:heading>
          <osmand:speed>5.6</osmand:speed>
        </extensions>
      </trkpt>
      <trkpt lat="48.826509" lon="2.3132989">
        <ele>110.3</ele>
        <time>2026-02-05T20:30:51Z</time>
        <hdop>3.2</hdop>
        <extensions>
          <osmand:provider>fused</osmand:provider>
          <osmand:heading>17.0</osmand:heading>
          <osmand:speed>6.6</osmand:speed>
        </extensions>
      </trkpt>
      <trkpt lat="48.826556" lon="2.3133626">
        <ele>110.3</ele>
        <time>2026-02-05T20:30:52Z</time>
        <hdop>3.3</hdop>
        <extensions>
          <osmand:provider>fused</osmand:provider>
          <osmand:heading>18.0</osmand:heading>
          <osmand:speed>7</osmand:speed>
        </extensions>
      </trkpt>
      <trkpt lat="48.826602" lon="2.3134336">
        <ele>110.3</ele>
        <time>2026-02-05T20:30:53Z</time>
        <hdop>3.3</hdop>
        <extensions>
          <osmand:provider>fused</osmand:provider>
          <osmand:heading>17.0</osmand:heading>
          <osmand:speed>7.1</osmand:speed>
        </extensions>
      </trkpt>
      <trkpt lat="48.8266508" lon="2.3134938">
        <ele>110.3</ele>
        <time>2026-02-05T20:30:54Z</time>
        <hdop>3.4</hdop>
        <extensions>
          <osmand:provider>fused</osmand:provider>
          <osmand:heading>18.0</osmand:heading>
          <osmand:speed>7.4</osmand:speed>
        </extensions>
      </trkpt>
      <trkpt lat="48.8266986" lon="2.3135548">
        <ele>110.3</ele>
        <time>2026-02-05T20:30:55Z</time>
        <hdop>3.4</hdop>
        <extensions>
          <osmand:provider>fused</osmand:provider>
          <osmand:heading>15.0</osmand:heading>
          <osmand:speed>7.9</osmand:speed>
        </extensions>
      </trkpt>
      <trkpt lat="48.8267623" lon="2.3136261">
        <ele>110.3</ele>
        <time>2026-02-05T20:30:56Z</time>
        <hdop>3.3</hdop>
        <extensions>
          <osmand:provider>fused</osmand:provider>
          <osmand:heading>13.0</osmand:heading>
          <osmand:speed>8.8</osmand:speed>
        </extensions>
      </trkpt>
      <trkpt lat="48.8268238" lon="2.3137134">
        <ele>110.3</ele>
        <time>2026-02-05T20:30:57Z</time>
        <hdop>3.2</hdop>
        <extensions>
          <osmand:provider>fused</osmand:provider>
          <osmand:heading>14.0</osmand:heading>
          <osmand:speed>9.6</osmand:speed>
        </extensions>
      </trkpt>
      <trkpt lat="48.8268859" lon="2.3138151">
        <ele>110.3</ele>
        <time>2026-02-05T20:30:58Z</time>
        <hdop>3.2</hdop>
        <extensions>
          <osmand:provider>fused</osmand:provider>
          <osmand:heading>17.0</osmand:heading>
          <osmand:speed>9.7</osmand:speed>
        </extensions>
      </trkpt>
      <trkpt lat="48.8269363" lon="2.3139055">
        <ele>110.3</ele>
        <time>2026-02-05T20:30:59Z</time>
        <hdop>3</hdop>
        <extensions>
          <osmand:provider>fused</osmand:provider>
          <osmand:heading>18.0</osmand:heading>
          <osmand:speed>7.7</osmand:speed>
        </extensions>
      </trkpt>
      <trkpt lat="48.8269853" lon="2.3139685">
        <ele>110.3</ele>
        <time>2026-02-05T20:31:00Z</time>
        <hdop>2.9</hdop>
        <extensions>
          <osmand:provider>fused</osmand:provider>
          <osmand:heading>19.0</osmand:heading>
          <osmand:speed>6.3</osmand:speed>
        </extensions>
      </trkpt>
      <trkpt lat="48.827024" lon="2.3140395">
        <ele>110.3</ele>
        <time>2026-02-05T20:31:01Z</time>
        <hdop>2.8</hdop>
        <extensions>
          <osmand:provider>fused</osmand:provider>
          <osmand:heading>18.0</osmand:heading>
          <osmand:speed>5.7</osmand:speed>
        </extensions>
      </trkpt>
      <trkpt lat="48.8270632" lon="2.3140952">
        <ele>110.3</ele>
        <time>2026-02-05T20:31:02Z</time>
        <hdop>2.7</hdop>
        <extensions>
          <osmand:provider>fused</osmand:provider>
          <osmand:heading>17.0</osmand:heading>
          <osmand:speed>6.2</osmand:speed>
        </extensions>
      </trkpt>
      <trkpt lat="48.8271084" lon="2.3141574">
        <ele>110.3</ele>
        <time>2026-02-05T20:31:03Z</time>
        <hdop>2.6</hdop>
        <extensions>
          <osmand:provider>fused</osmand:provider>
          <osmand:heading>17.0</osmand:heading>
          <osmand:speed>7.3</osmand:speed>
        </extensions>
      </trkpt>
      <trkpt lat="48.8271576" lon="2.3142363">
        <ele>110.3</ele>
        <time>2026-02-05T20:31:04Z</time>
        <hdop>2.6</hdop>
        <extensions>
          <osmand:provider>fused</osmand:provider>
          <osmand:heading>17.0</osmand:heading>
          <osmand:speed>8.1</osmand:speed>
        </extensions>
      </trkpt>
      <trkpt lat="48.8272078" lon="2.314309">
        <ele>110.3</ele>
        <time>2026-02-05T20:31:05Z</time>
        <hdop>2.6</hdop>
        <extensions>
          <osmand:provider>fused</osmand:provider>
          <osmand:heading>17.0</osmand:heading>
          <osmand:speed>7.6</osmand:speed>
        </extensions>
      </trkpt>
      <trkpt lat="48.8272551" lon="2.3143798">
        <ele>110.3</ele>
        <time>2026-02-05T20:31:06Z</time>
        <hdop>2.5</hdop>
        <extensions>
          <osmand:provider>fused</osmand:provider>
          <osmand:heading>17.0</osmand:heading>
          <osmand:speed>7.6</osmand:speed>
        </extensions>
      </trkpt>
      <trkpt lat="48.8273052" lon="2.314456">
        <ele>110.3</ele>
        <time>2026-02-05T20:31:07Z</time>
        <hdop>2.5</hdop>
        <extensions>
          <osmand:provider>fused</osmand:provider>
          <osmand:heading>17.0</osmand:heading>
          <osmand:speed>7.7</osmand:speed>
        </extensions>
      </trkpt>
      <trkpt lat="48.8273578" lon="2.3145343">
        <ele>110.3</ele>
        <time>2026-02-05T20:31:08Z</time>
        <hdop>2.5</hdop>
        <extensions>
          <osmand:provider>fused</osmand:provider>
          <osmand:heading>18.0</osmand:heading>
          <osmand:speed>8.7</osmand:speed>
        </extensions>
      </trkpt>
      <trkpt lat="48.8274209" lon="2.3146253">
        <ele>110.3</ele>
        <time>2026-02-05T20:31:09Z</time>
        <hdop>2.5</hdop>
        <extensions>
          <osmand:provider>fused</osmand:provider>
          <osmand:heading>17.0</osmand:heading>
          <osmand:speed>9.5</osmand:speed>
        </extensions>
      </trkpt>
      <trkpt lat="48.827483" lon="2.3147299">
        <ele>110.3</ele>
        <time>2026-02-05T20:31:10Z</time>
        <hdop>2.6</hdop>
        <extensions>
          <osmand:provider>fused</osmand:provider>
          <osmand:heading>17.0</osmand:heading>
          <osmand:speed>10.4</osmand:speed>
        </extensions>
      </trkpt>
      <trkpt lat="48.8275426" lon="2.3148455">
        <ele>110.3</ele>
        <time>2026-02-05T20:31:11Z</time>
        <hdop>2.7</hdop>
        <extensions>
          <osmand:provider>fused</osmand:provider>
          <osmand:heading>18.0</osmand:heading>
          <osmand:speed>10.7</osmand:speed>
        </extensions>
      </trkpt>
      <trkpt lat="48.8276129" lon="2.3149542">
        <ele>109.4</ele>
        <time>2026-02-05T20:31:12Z</time>
        <hdop>2.8</hdop>
        <extensions>
          <osmand:provider>fused</osmand:provider>
          <osmand:heading>17.0</osmand:heading>
          <osmand:speed>11.1</osmand:speed>
        </extensions>
      </trkpt>
      <trkpt lat="48.8276783" lon="2.315061">
        <ele>109.4</ele>
        <time>2026-02-05T20:31:13Z</time>
        <hdop>2.9</hdop>
        <extensions>
          <osmand:provider>fused</osmand:provider>
          <osmand:heading>18.0</osmand:heading>
          <osmand:speed>10.8</osmand:speed>
        </extensions>
      </trkpt>
      <trkpt lat="48.8277379" lon="2.3151692">
        <ele>109.4</ele>
        <time>2026-02-05T20:31:14Z</time>
        <hdop>3.1</hdop>
        <extensions>
          <osmand:provider>fused</osmand:provider>
          <osmand:heading>20.0</osmand:heading>
          <osmand:speed>9.2</osmand:speed>
        </extensions>
      </trkpt>
      <trkpt lat="48.827792" lon="2.3152617">
        <ele>109.4</ele>
        <time>2026-02-05T20:31:15Z</time>
        <hdop>3.2</hdop>
        <extensions>
          <osmand:provider>fused</osmand:provider>
          <osmand:heading>20.0</osmand:heading>
          <osmand:speed>7.5</osmand:speed>
        </extensions>
      </trkpt>
      <trkpt lat="48.827833" lon="2.3153309">
        <ele>109.4</ele>
        <time>2026-02-05T20:31:16Z</time>
        <hdop>3.4</hdop>
        <extensions>
          <osmand:provider>fused</osmand:provider>
          <osmand:heading>20.0</osmand:heading>
          <osmand:speed>6.1</osmand:speed>
        </extensions>
      </trkpt>
      <trkpt lat="48.8278721" lon="2.3153745">
        <ele>109.4</ele>
        <time>2026-02-05T20:31:17Z</time>
        <hdop>3.4</hdop>
        <extensions>
          <osmand:provider>fused</osmand:provider>
          <osmand:heading>21.0</osmand:heading>
          <osmand:speed>4.5</osmand:speed>
        </extensions>
      </trkpt>
      <trkpt lat="48.8279086" lon="2.3153955">
        <ele>109.4</ele>
        <time>2026-02-05T20:31:18Z</time>
        <hdop>3.5</hdop>
        <extensions>
          <osmand:provider>fused</osmand:provider>
          <osmand:heading>22.0</osmand:heading>
          <osmand:speed>2.6</osmand:speed>
        </extensions>
      </trkpt>
      <trkpt lat="48.8279197" lon="2.315411">
        <ele>109.4</ele>
        <time>2026-02-05T20:31:19Z</time>
        <hdop>3.5</hdop>
        <extensions>
          <osmand:provider>fused</osmand:provider>
          <osmand:heading>22.0</osmand:heading>
          <osmand:speed>1</osmand:speed>
        </extensions>
      </trkpt>
      <trkpt lat="48.8279202" lon="2.3154148">
        <ele>109.4</ele>
        <time>2026-02-05T20:31:20Z</time>
        <hdop>3.4</hdop>
        <extensions>
          <osmand:provider>fused</osmand:provider>
          <osmand:heading>22.0</osmand:heading>
          <osmand:speed>0.1</osmand:speed>
        </extensions>
      </trkpt>
      <trkpt lat="48.8279209" lon="2.3154132">
        <ele>109.1</ele>
        <time>2026-02-05T20:31:21Z</time>
        <hdop>3.3</hdop>
        <extensions>
          <osmand:provider>fused</osmand:provider>
          <osmand:heading>21.0</osmand:heading>
          <osmand:speed>0.3</osmand:speed>
        </extensions>
      </trkpt>
      <trkpt lat="48.827921" lon="2.3154132">
        <ele>109.1</ele>
        <time>2026-02-05T20:31:22Z</time>
        <hdop>3.2</hdop>
        <extensions>
          <osmand:provider>fused</osmand:provider>
          <osmand:heading>21.0</osmand:heading>
        </extensions>
      </trkpt>
      <trkpt lat="48.8279213" lon="2.315413">
        <ele>109.1</ele>
        <time>2026-02-05T20:31:23Z</time>
        <hdop>3.2</hdop>
        <extensions>
          <osmand:provider>fused</osmand:provider>
          <osmand:heading>21.0</osmand:heading>
        </extensions>
      </trkpt>
      <trkpt lat="48.8279211" lon="2.315413">
        <ele>109.1</ele>
        <time>2026-02-05T20:31:24Z</time>
        <hdop>3.2</hdop>
        <extensions>
          <osmand:provider>fused</osmand:provider>
          <osmand:heading>21.0</osmand:heading>
        </extensions>
      </trkpt>
      <trkpt lat="48.8279212" lon="2.3154132">
        <ele>109.1</ele>
        <time>2026-02-05T20:31:25Z</time>
        <hdop>3.3</hdop>
        <extensions>
          <osmand:provider>fused</osmand:provider>
          <osmand:heading>21.0</osmand:heading>
        </extensions>
      </trkpt>
      <trkpt lat="48.8279213" lon="2.3154132">
        <ele>109.1</ele>
        <time>2026-02-05T20:31:26Z</time>
        <hdop>3.4</hdop>
        <extensions>
          <osmand:provider>fused</osmand:provider>
          <osmand:heading>21.0</osmand:heading>
        </extensions>
      </trkpt>
      <trkpt lat="48.8279214" lon="2.3154132">
        <ele>109.1</ele>
        <time>2026-02-05T20:31:27Z</time>
        <hdop>3.3</hdop>
        <extensions>
          <osmand:provider>fused</osmand:provider>
          <osmand:heading>19.0</osmand:heading>
        </extensions>
      </trkpt>
      <trkpt lat="48.8279215" lon="2.3154131">
        <ele>109.1</ele>
        <time>2026-02-05T20:31:28Z</time>
        <hdop>3.4</hdop>
        <extensions>
          <osmand:provider>fused</osmand:provider>
          <osmand:heading>18.0</osmand:heading>
        </extensions>
      </trkpt>
      <trkpt lat="48.8279216" lon="2.3154131">
        <ele>109.1</ele>
        <time>2026-02-05T20:31:29Z</time>
        <hdop>3.3</hdop>
        <extensions>
          <osmand:provider>fused</osmand:provider>
          <osmand:heading>17.0</osmand:heading>
        </extensions>
      </trkpt>
      <trkpt lat="48.8279256" lon="2.3154152">
        <ele>109.1</ele>
        <time>2026-02-05T20:31:30Z</time>
        <hdop>3.2</hdop>
        <extensions>
          <osmand:provider>fused</osmand:provider>
          <osmand:heading>16.0</osmand:heading>
          <osmand:speed>0.4</osmand:speed>
        </extensions>
      </trkpt>
      <trkpt lat="48.8279358" lon="2.315426">
        <ele>109.1</ele>
        <time>2026-02-05T20:31:31Z</time>
        <hdop>3.2</hdop>
        <extensions>
          <osmand:provider>fused</osmand:provider>
          <osmand:heading>16.0</osmand:heading>
          <osmand:speed>1.2</osmand:speed>
        </extensions>
      </trkpt>
      <trkpt lat="48.8279539" lon="2.3154373">
        <ele>109.1</ele>
        <time>2026-02-05T20:31:32Z</time>
        <hdop>3.3</hdop>
        <extensions>
          <osmand:provider>fused</osmand:provider>
          <osmand:heading>15.0</osmand:heading>
          <osmand:speed>2.6</osmand:speed>
        </extensions>
      </trkpt>
      <trkpt lat="48.8279708" lon="2.3154648">
        <ele>109.1</ele>
        <time>2026-02-05T20:31:33Z</time>
        <hdop>3.3</hdop>
        <extensions>
          <osmand:provider>fused</osmand:provider>
          <osmand:heading>15.0</osmand:heading>
          <osmand:speed>3.3</osmand:speed>
        </extensions>
      </trkpt>
      <trkpt lat="48.8279923" lon="2.3154945">
        <ele>109.1</ele>
        <time>2026-02-05T20:31:34Z</time>
        <hdop>3.3</hdop>
        <extensions>
          <osmand:provider>fused</osmand:provider>
          <osmand:heading>15.0</osmand:heading>
          <osmand:speed>4.3</osmand:speed>
        </extensions>
      </trkpt>
      <trkpt lat="48.8280301" lon="2.3155447">
        <ele>109.1</ele>
        <time>2026-02-05T20:31:35Z</time>
        <hdop>3.3</hdop>
        <extensions>
          <osmand:provider>fused</osmand:provider>
          <osmand:heading>15.0</osmand:heading>
          <osmand:speed>5</osmand:speed>
        </extensions>
      </trkpt>
      <trkpt lat="48.8280645" lon="2.3156051">
        <ele>109.1</ele>
        <time>2026-02-05T20:31:36Z</time>
        <hdop>3.4</hdop>
        <extensions>
          <osmand:provider>fused</osmand:provider>
          <osmand:heading>14.0</osmand:heading>
          <osmand:speed>5.6</osmand:speed>
        </extensions>
      </trkpt>
      <trkpt lat="48.8281037" lon="2.3156618">
        <ele>109.1</ele>
        <time>2026-02-05T20:31:37Z</time>
        <hdop>3.3</hdop>
        <extensions>
          <osmand:provider>fused</osmand:provider>
          <osmand:heading>14.0</osmand:heading>
          <osmand:speed>6.7</osmand:speed>
        </extensions>
      </trkpt>
      <trkpt lat="48.8281438" lon="2.3157349">
        <ele>109.1</ele>
        <time>2026-02-05T20:31:38Z</time>
        <hdop>3.2</hdop>
        <extensions>
          <osmand:provider>fused</osmand:provider>
          <osmand:heading>14.0</osmand:heading>
          <osmand:speed>7.3</osmand:speed>
        </extensions>
      </trkpt>
      <trkpt lat="48.8281955" lon="2.3158193">
        <ele>109.1</ele>
        <time>2026-02-05T20:31:39Z</time>
        <hdop>3.2</hdop>
        <extensions>
          <osmand:provider>fused</osmand:provider>
          <osmand:heading>14.0</osmand:heading>
          <osmand:speed>8.2</osmand:speed>
        </extensions>
      </trkpt>
      <trkpt lat="48.8282518" lon="2.3159012">
        <ele>109.1</ele>
        <time>2026-02-05T20:31:40Z</time>
        <hdop>3.1</hdop>
        <extensions>
          <osmand:provider>fused</osmand:provider>
          <osmand:heading>14.0</osmand:heading>
          <osmand:speed>9</osmand:speed>
        </extensions>
      </trkpt>
      <trkpt lat="48.8283124" lon="2.3159883">
        <ele>109.1</ele>
        <time>2026-02-05T20:31:41Z</time>
        <hdop>3</hdop>
        <extensions>
          <osmand:provider>fused</osmand:provider>
          <osmand:heading>15.0</osmand:heading>
          <osmand:speed>9.1</osmand:speed>
        </extensions>
      </trkpt>
      <trkpt lat="48.8283699" lon="2.3160737">
        <ele>109.1</ele>
        <time>2026-02-05T20:31:42Z</time>
        <hdop>3</hdop>
        <extensions>
          <osmand:provider>fused</osmand:provider>
          <osmand:heading>15.0</osmand:heading>
          <osmand:speed>8.8</osmand:speed>
        </extensions>
      </trkpt>
      <trkpt lat="48.8284193" lon="2.3161523">
        <ele>109.1</ele>
        <time>2026-02-05T20:31:43Z</time>
        <hdop>3</hdop>
        <extensions>
          <osmand:provider>fused</osmand:provider>
          <osmand:heading>16.0</osmand:heading>
          <osmand:speed>7.5</osmand:speed>
        </extensions>
      </trkpt>
      <trkpt lat="48.8284647" lon="2.3162215">
        <ele>109.1</ele>
        <time>2026-02-05T20:31:44Z</time>
        <hdop>3</hdop>
        <extensions>
          <osmand:provider>fused</osmand:provider>
          <osmand:heading>17.0</osmand:heading>
          <osmand:speed>6.6</osmand:speed>
        </extensions>
      </trkpt>
      <trkpt lat="48.8284994" lon="2.3162861">
        <ele>109.1</ele>
        <time>2026-02-05T20:31:45Z</time>
        <hdop>3</hdop>
        <extensions>
          <osmand:provider>fused</osmand:provider>
          <osmand:heading>19.0</osmand:heading>
          <osmand:speed>5.4</osmand:speed>
        </extensions>
      </trkpt>
      <trkpt lat="48.8285315" lon="2.3163406">
        <ele>109.1</ele>
        <time>2026-02-05T20:31:46Z</time>
        <hdop>2.9</hdop>
        <extensions>
          <osmand:provider>fused</osmand:provider>
          <osmand:heading>20.0</osmand:heading>
          <osmand:speed>5.5</osmand:speed>
        </extensions>
      </trkpt>
      <trkpt lat="48.8285679" lon="2.3164011">
        <ele>109.1</ele>
        <time>2026-02-05T20:31:47Z</time>
        <hdop>2.9</hdop>
        <extensions>
          <osmand:provider>fused</osmand:provider>
          <osmand:heading>19.0</osmand:heading>
          <osmand:speed>6.8</osmand:speed>
        </extensions>
      </trkpt>
      <trkpt lat="48.828616" lon="2.3164653">
        <ele>109.1</ele>
        <time>2026-02-05T20:31:48Z</time>
        <hdop>2.9</hdop>
        <extensions>
          <osmand:provider>fused</osmand:provider>
          <osmand:heading>18.0</osmand:heading>
          <osmand:speed>7.7</osmand:speed>
        </extensions>
      </trkpt>
      <trkpt lat="48.8286748" lon="2.3165365">
        <ele>109.1</ele>
        <time>2026-02-05T20:31:49Z</time>
        <hdop>2.9</hdop>
        <extensions>
          <osmand:provider>fused</osmand:provider>
          <osmand:heading>18.0</osmand:heading>
          <osmand:speed>8.4</osmand:speed>
        </extensions>
      </trkpt>
      <trkpt lat="48.8287361" lon="2.3166155">
        <ele>109.1</ele>
        <time>2026-02-05T20:31:50Z</time>
        <hdop>2.9</hdop>
        <extensions>
          <osmand:provider>fused</osmand:provider>
          <osmand:heading>18.0</osmand:heading>
          <osmand:speed>9.1</osmand:speed>
        </extensions>
      </trkpt>
      <trkpt lat="48.8287944" lon="2.3166981">
        <ele>109.1</ele>
        <time>2026-02-05T20:31:51Z</time>
        <hdop>3</hdop>
        <extensions>
          <osmand:provider>fused</osmand:provider>
          <osmand:heading>18.0</osmand:heading>
          <osmand:speed>9.6</osmand:speed>
        </extensions>
      </trkpt>
      <trkpt lat="48.8288449" lon="2.3168051">
        <ele>109.1</ele>
        <time>2026-02-05T20:31:52Z</time>
        <hdop>3</hdop>
        <extensions>
          <osmand:provider>fused</osmand:provider>
          <osmand:heading>18.0</osmand:heading>
          <osmand:speed>9.9</osmand:speed>
        </extensions>
      </trkpt>
      <trkpt lat="48.8289025" lon="2.3168967">
        <ele>109.1</ele>
        <time>2026-02-05T20:31:53Z</time>
        <hdop>3.1</hdop>
        <extensions>
          <osmand:provider>fused</osmand:provider>
          <osmand:heading>18.0</osmand:heading>
          <osmand:speed>8.6</osmand:speed>
        </extensions>
      </trkpt>
      <trkpt lat="48.8289025" lon="2.3168967">
        <ele>109.2</ele>
        <time>2026-02-05T20:31:53Z</time>
        <hdop>4.4</hdop>
        <extensions>
          <osmand:provider>fused</osmand:provider>
          <osmand:heading>18.0</osmand:heading>
        </extensions>
      </trkpt>
      <trkpt lat="48.8289551" lon="2.3169864">
        <ele>109.2</ele>
        <time>2026-02-05T20:31:54Z</time>
        <hdop>4.2</hdop>
        <extensions>
          <osmand:provider>fused</osmand:provider>
          <osmand:heading>18.0</osmand:heading>
          <osmand:speed>7.8</osmand:speed>
        </extensions>
      </trkpt>
      <trkpt lat="48.8290087" lon="2.3170622">
        <ele>109.2</ele>
        <time>2026-02-05T20:31:55Z</time>
        <hdop>4.2</hdop>
        <extensions>
          <osmand:provider>fused</osmand:provider>
          <osmand:heading>18.0</osmand:heading>
          <osmand:speed>8.7</osmand:speed>
        </extensions>
      </trkpt>
      <trkpt lat="48.829074" lon="2.3171529">
        <ele>109.2</ele>
        <time>2026-02-05T20:31:56Z</time>
        <hdop>4.2</hdop>
        <extensions>
          <osmand:provider>fused</osmand:provider>
          <osmand:heading>18.0</osmand:heading>
          <osmand:speed>9.6</osmand:speed>
        </extensions>
      </trkpt>
      <trkpt lat="48.8291355" lon="2.3172523">
        <ele>109.2</ele>
        <time>2026-02-05T20:31:57Z</time>
        <hdop>4.2</hdop>
        <extensions>
          <osmand:provider>fused</osmand:provider>
          <osmand:heading>18.0</osmand:heading>
          <osmand:speed>10.2</osmand:speed>
        </extensions>
      </trkpt>
      <trkpt lat="48.829199" lon="2.3173532">
        <ele>109.2</ele>
        <time>2026-02-05T20:31:58Z</time>
        <hdop>4.4</hdop>
        <extensions>
          <osmand:provider>fused</osmand:provider>
          <osmand:heading>18.0</osmand:heading>
          <osmand:speed>10.6</osmand:speed>
        </extensions>
      </trkpt>
      <trkpt lat="48.8292684" lon="2.3174568">
        <ele>109.2</ele>
        <time>2026-02-05T20:31:59Z</time>
        <hdop>3</hdop>
        <extensions>
          <osmand:provider>fused</osmand:provider>
          <osmand:heading>18.0</osmand:heading>
          <osmand:speed>11</osmand:speed>
        </extensions>
      </trkpt>
      <trkpt lat="48.8293381" lon="2.3175531">
        <ele>109.2</ele>
        <time>2026-02-05T20:32:00Z</time>
        <hdop>3</hdop>
        <extensions>
          <osmand:provider>fused</osmand:provider>
          <osmand:heading>18.0</osmand:heading>
          <osmand:speed>10.4</osmand:speed>
        </extensions>
      </trkpt>
      <trkpt lat="48.829404" lon="2.3176425">
        <ele>109.2</ele>
        <time>2026-02-05T20:32:01Z</time>
        <hdop>3.1</hdop>
        <extensions>
          <osmand:provider>fused</osmand:provider>
          <osmand:heading>18.0</osmand:heading>
          <osmand:speed>9.7</osmand:speed>
        </extensions>
      </trkpt>
      <trkpt lat="48.8294675" lon="2.3177246">
        <ele>109.2</ele>
        <time>2026-02-05T20:32:02Z</time>
        <hdop>3.1</hdop>
        <extensions>
          <osmand:provider>fused</osmand:provider>
          <osmand:heading>18.0</osmand:heading>
          <osmand:speed>8.6</osmand:speed>
        </extensions>
      </trkpt>
      <trkpt lat="48.8295152" lon="2.3178035">
        <ele>109.2</ele>
        <time>2026-02-05T20:32:03Z</time>
        <hdop>3.1</hdop>
        <extensions>
          <osmand:provider>fused</osmand:provider>
          <osmand:heading>18.0</osmand:heading>
          <osmand:speed>7.4</osmand:speed>
        </extensions>
      </trkpt>
      <trkpt lat="48.8295512" lon="2.3178659">
        <ele>109.2</ele>
        <time>2026-02-05T20:32:04Z</time>
        <hdop>3.1</hdop>
        <extensions>
          <osmand:provider>fused</osmand:provider>
          <osmand:heading>19.0</osmand:heading>
          <osmand:speed>6</osmand:speed>
        </extensions>
      </trkpt>
      <trkpt lat="48.829587" lon="2.3179173">
        <ele>109.2</ele>
        <time>2026-02-05T20:32:05Z</time>
        <hdop>3.1</hdop>
        <extensions>
          <osmand:provider>fused</osmand:provider>
          <osmand:heading>18.0</osmand:heading>
          <osmand:speed>4.7</osmand:speed>
        </extensions>
      </trkpt>
      <trkpt lat="48.8296132" lon="2.3179544">
        <ele>109.2</ele>
        <time>2026-02-05T20:32:06Z</time>
        <hdop>3</hdop>
        <extensions>
          <osmand:provider>fused</osmand:provider>
          <osmand:heading>16.0</osmand:heading>
          <osmand:speed>4.5</osmand:speed>
        </extensions>
      </trkpt>
      <trkpt lat="48.8296526" lon="2.3179833">
        <ele>109.2</ele>
        <time>2026-02-05T20:32:07Z</time>
        <hdop>3</hdop>
        <extensions>
          <osmand:provider>fused</osmand:provider>
          <osmand:heading>14.0</osmand:heading>
          <osmand:speed>4.9</osmand:speed>
        </extensions>
      </trkpt>
      <trkpt lat="48.8296854" lon="2.3180425">
        <ele>109.2</ele>
        <time>2026-02-05T20:32:08Z</time>
        <hdop>2.9</hdop>
        <extensions>
          <osmand:provider>fused</osmand:provider>
          <osmand:heading>11.0</osmand:heading>
          <osmand:speed>5.7</osmand:speed>
        </extensions>
      </trkpt>
      <trkpt lat="48.8297277" lon="2.3181176">
        <ele>108</ele>
        <time>2026-02-05T20:32:09Z</time>
        <hdop>2.9</hdop>
        <extensions>
          <osmand:provider>fused</osmand:provider>
          <osmand:heading>10.0</osmand:heading>
          <osmand:speed>7.4</osmand:speed>
        </extensions>
      </trkpt>
      <trkpt lat="48.8297763" lon="2.3181926">
        <ele>108</ele>
        <time>2026-02-05T20:32:10Z</time>
        <hdop>2.9</hdop>
        <extensions>
          <osmand:provider>fused</osmand:provider>
          <osmand:heading>14.0</osmand:heading>
          <osmand:speed>7.4</osmand:speed>
        </extensions>
      </trkpt>
      <trkpt lat="48.8298359" lon="2.3182828">
        <ele>108</ele>
        <time>2026-02-05T20:32:11Z</time>
        <hdop>2.9</hdop>
        <extensions>
          <osmand:provider>fused</osmand:provider>
          <osmand:heading>18.0</osmand:heading>
          <osmand:speed>8.9</osmand:speed>
        </extensions>
      </trkpt>
      <trkpt lat="48.8299024" lon="2.3183662">
        <ele>108</ele>
        <time>2026-02-05T20:32:12Z</time>
        <hdop>2.9</hdop>
        <extensions>
          <osmand:provider>fused</osmand:provider>
          <osmand:heading>19.0</osmand:heading>
          <osmand:speed>9.4</osmand:speed>
        </extensions>
      </trkpt>
      <trkpt lat="48.8299685" lon="2.31845">
        <ele>108</ele>
        <time>2026-02-05T20:32:13Z</time>
        <hdop>3</hdop>
        <extensions>
          <osmand:provider>fused</osmand:provider>
          <osmand:heading>20.0</osmand:heading>
          <osmand:speed>9.8</osmand:speed>
        </extensions>
      </trkpt>
      <trkpt lat="48.8300355" lon="2.3185433">
        <ele>108</ele>
        <time>2026-02-05T20:32:14Z</time>
        <hdop>3</hdop>
        <extensions>
          <osmand:provider>fused</osmand:provider>
          <osmand:heading>21.0</osmand:heading>
          <osmand:speed>10.5</osmand:speed>
        </extensions>
      </trkpt>
      <trkpt lat="48.8300998" lon="2.3186381">
        <ele>108</ele>
        <time>2026-02-05T20:32:15Z</time>
        <hdop>3</hdop>
        <extensions>
          <osmand:provider>fused</osmand:provider>
          <osmand:heading>21.0</osmand:heading>
          <osmand:speed>10.7</osmand:speed>
        </extensions>
      </trkpt>
      <trkpt lat="48.8301677" lon="2.3187362">
        <ele>108</ele>
        <time>2026-02-05T20:32:16Z</time>
        <hdop>3</hdop>
        <extensions>
          <osmand:provider>fused</osmand:provider>
          <osmand:heading>21.0</osmand:heading>
          <osmand:speed>9.5</osmand:speed>
        </extensions>
      </trkpt>
      <trkpt lat="48.8302256" lon="2.3188264">
        <ele>108</ele>
        <time>2026-02-05T20:32:17Z</time>
        <hdop>3</hdop>
        <extensions>
          <osmand:provider>fused</osmand:provider>
          <osmand:heading>22.0</osmand:heading>
          <osmand:speed>8.4</osmand:speed>
        </extensions>
      </trkpt>
      <trkpt lat="48.8302759" lon="2.3188964">
        <ele>108</ele>
        <time>2026-02-05T20:32:18Z</time>
        <hdop>3.1</hdop>
        <extensions>
          <osmand:provider>fused</osmand:provider>
          <osmand:heading>22.0</osmand:heading>
          <osmand:speed>7.2</osmand:speed>
        </extensions>
      </trkpt>
      <trkpt lat="48.8303134" lon="2.3189657">
        <ele>108</ele>
        <time>2026-02-05T20:32:19Z</time>
        <hdop>3.2</hdop>
        <extensions>
          <osmand:provider>fused</osmand:provider>
          <osmand:heading>22.0</osmand:heading>
          <osmand:speed>6.7</osmand:speed>
        </extensions>
      </trkpt>
      <trkpt lat="48.8303573" lon="2.3190264">
        <ele>108</ele>
        <time>2026-02-05T20:32:20Z</time>
        <hdop>3.2</hdop>
        <extensions>
          <osmand:provider>fused</osmand:provider>
          <osmand:heading>22.0</osmand:heading>
          <osmand:speed>5.6</osmand:speed>
        </extensions>
      </trkpt>
      <trkpt lat="48.8303811" lon="2.3190633">
        <ele>108</ele>
        <time>2026-02-05T20:32:21Z</time>
        <hdop>3.3</hdop>
        <extensions>
          <osmand:provider>fused</osmand:provider>
          <osmand:heading>22.0</osmand:heading>
          <osmand:speed>3.9</osmand:speed>
        </extensions>
      </trkpt>
      <trkpt lat="48.8304039" lon="2.3190896">
        <ele>108</ele>
        <time>2026-02-05T20:32:22Z</time>
        <hdop>3.5</hdop>
        <extensions>
          <osmand:provider>fused</osmand:provider>
          <osmand:heading>22.0</osmand:heading>
          <osmand:speed>2.9</osmand:speed>
        </extensions>
      </trkpt>
      <trkpt lat="48.8304236" lon="2.3191002">
        <ele>107.5</ele>
        <time>2026-02-05T20:32:23Z</time>
        <hdop>3.6</hdop>
        <extensions>
          <osmand:provider>fused</osmand:provider>
          <osmand:heading>22.0</osmand:heading>
          <osmand:speed>1.2</osmand:speed>
        </extensions>
      </trkpt>
      <trkpt lat="48.8304279" lon="2.3191172">
        <ele>107.5</ele>
        <time>2026-02-05T20:32:24Z</time>
        <hdop>3.6</hdop>
        <extensions>
          <osmand:provider>fused</osmand:provider>
          <osmand:heading>22.0</osmand:heading>
          <osmand:speed>0.4</osmand:speed>
        </extensions>
      </trkpt>
      <trkpt lat="48.8304286" lon="2.3191144">
        <ele>107.5</ele>
        <time>2026-02-05T20:32:25Z</time>
        <hdop>3.6</hdop>
        <extensions>
          <osmand:provider>fused</osmand:provider>
          <osmand:heading>22.0</osmand:heading>
          <osmand:speed>0.3</osmand:speed>
        </extensions>
      </trkpt>
      <trkpt lat="48.8304294" lon="2.3191116">
        <ele>107.5</ele>
        <time>2026-02-05T20:32:26Z</time>
        <hdop>3.6</hdop>
        <extensions>
          <osmand:provider>fused</osmand:provider>
          <osmand:heading>21.0</osmand:heading>
          <osmand:speed>0.2</osmand:speed>
        </extensions>
      </trkpt>
      <trkpt lat="48.8304295" lon="2.3191044">
        <ele>107.5</ele>
        <time>2026-02-05T20:32:27Z</time>
        <hdop>3.5</hdop>
        <extensions>
          <osmand:provider>fused</osmand:provider>
          <osmand:heading>21.0</osmand:heading>
          <osmand:speed>0.1</osmand:speed>
        </extensions>
      </trkpt>
      <trkpt lat="48.8304296" lon="2.3191046">
        <ele>107.5</ele>
        <time>2026-02-05T20:32:28Z</time>
        <hdop>3.5</hdop>
        <extensions>
          <osmand:provider>fused</osmand:provider>
          <osmand:heading>21.0</osmand:heading>
        </extensions>
      </trkpt>
      <trkpt lat="48.8304295" lon="2.3191044">
        <ele>107.5</ele>
        <time>2026-02-05T20:32:29Z</time>
        <hdop>3.5</hdop>
        <extensions>
          <osmand:provider>fused</osmand:provider>
          <osmand:heading>21.0</osmand:heading>
        </extensions>
      </trkpt>
      <trkpt lat="48.8304295" lon="2.3191045">
        <ele>107.5</ele>
        <time>2026-02-05T20:32:30Z</time>
        <hdop>3.5</hdop>
        <extensions>
          <osmand:provider>fused</osmand:provider>
          <osmand:heading>21.0</osmand:heading>
        </extensions>
      </trkpt>
      <trkpt lat="48.8304295" lon="2.3191046">
        <ele>107.5</ele>
        <time>2026-02-05T20:32:31Z</time>
        <hdop>3.5</hdop>
        <extensions>
          <osmand:provider>fused</osmand:provider>
          <osmand:heading>21.0</osmand:heading>
        </extensions>
      </trkpt>
      <trkpt lat="48.8304298" lon="2.3191042">
        <ele>107.5</ele>
        <time>2026-02-05T20:32:32Z</time>
        <hdop>3.5</hdop>
        <extensions>
          <osmand:provider>fused</osmand:provider>
          <osmand:heading>21.0</osmand:heading>
        </extensions>
      </trkpt>
      <trkpt lat="48.8304299" lon="2.3191042">
        <ele>107.5</ele>
        <time>2026-02-05T20:32:33Z</time>
        <hdop>3.5</hdop>
        <extensions>
          <osmand:provider>fused</osmand:provider>
          <osmand:heading>21.0</osmand:heading>
        </extensions>
      </trkpt>
      <trkpt lat="48.83043" lon="2.3191043">
        <ele>107.5</ele>
        <time>2026-02-05T20:32:34Z</time>
        <hdop>3.5</hdop>
        <extensions>
          <osmand:provider>fused</osmand:provider>
          <osmand:heading>21.0</osmand:heading>
        </extensions>
      </trkpt>
      <trkpt lat="48.8304301" lon="2.3191043">
        <ele>107.5</ele>
        <time>2026-02-05T20:32:35Z</time>
        <hdop>3.5</hdop>
        <extensions>
          <osmand:provider>fused</osmand:provider>
          <osmand:heading>21.0</osmand:heading>
        </extensions>
      </trkpt>
      <trkpt lat="48.8304302" lon="2.3191043">
        <ele>107.5</ele>
        <time>2026-02-05T20:32:36Z</time>
        <hdop>3.5</hdop>
        <extensions>
          <osmand:provider>fused</osmand:provider>
          <osmand:heading>21.0</osmand:heading>
        </extensions>
      </trkpt>
      <trkpt lat="48.8304301" lon="2.3191045">
        <ele>107.5</ele>
        <time>2026-02-05T20:32:37Z</time>
        <hdop>3.5</hdop>
        <extensions>
          <osmand:provider>fused</osmand:provider>
          <osmand:heading>20.0</osmand:heading>
        </extensions>
      </trkpt>
      <trkpt lat="48.8304301" lon="2.3191045">
        <ele>107.5</ele>
        <time>2026-02-05T20:32:38Z</time>
        <hdop>3.5</hdop>
        <extensions>
          <osmand:provider>fused</osmand:provider>
          <osmand:heading>18.0</osmand:heading>
        </extensions>
      </trkpt>
      <trkpt lat="48.8304303" lon="2.3191023">
        <ele>107.5</ele>
        <time>2026-02-05T20:32:39Z</time>
        <hdop>3.5</hdop>
        <extensions>
          <osmand:provider>fused</osmand:provider>
          <osmand:heading>17.0</osmand:heading>
          <osmand:speed>0</osmand:speed>
        </extensions>
      </trkpt>
      <trkpt lat="48.8304303" lon="2.3191022">
        <ele>107.5</ele>
        <time>2026-02-05T20:32:40Z</time>
        <hdop>3.4</hdop>
        <extensions>
          <osmand:provider>fused</osmand:provider>
          <osmand:heading>16.0</osmand:heading>
        </extensions>
      </trkpt>
      <trkpt lat="48.830434" lon="2.3190994">
        <ele>107.5</ele>
        <time>2026-02-05T20:32:41Z</time>
        <hdop>3.4</hdop>
        <extensions>
          <osmand:provider>fused</osmand:provider>
          <osmand:heading>16.0</osmand:heading>
          <osmand:speed>0.1</osmand:speed>
        </extensions>
      </trkpt>
      <trkpt lat="48.8304414" lon="2.3190926">
        <ele>107.5</ele>
        <time>2026-02-05T20:32:42Z</time>
        <hdop>3.3</hdop>
        <extensions>
          <osmand:provider>fused</osmand:provider>
          <osmand:heading>16.0</osmand:heading>
          <osmand:speed>0.2</osmand:speed>
        </extensions>
      </trkpt>
      <trkpt lat="48.8304412" lon="2.3190928">
        <ele>107.5</ele>
        <time>2026-02-05T20:32:43Z</time>
        <hdop>3.3</hdop>
        <extensions>
          <osmand:provider>fused</osmand:provider>
          <osmand:heading>16.0</osmand:heading>
          <osmand:speed>0</osmand:speed>
        </extensions>
      </trkpt>
      <trkpt lat="48.8304406" lon="2.3190918">
        <ele>107.5</ele>
        <time>2026-02-05T20:32:44Z</time>
        <hdop>3.3</hdop>
        <extensions>
          <osmand:provider>fused</osmand:provider>
          <osmand:heading>16.0</osmand:heading>
        </extensions>
      </trkpt>
      <trkpt lat="48.8304407" lon="2.3190916">
        <ele>107.5</ele>
        <time>2026-02-05T20:32:45Z</time>
        <hdop>3.4</hdop>
        <extensions>
          <osmand:provider>fused</osmand:provider>
          <osmand:heading>16.0</osmand:heading>
        </extensions>
      </trkpt>
      <trkpt lat="48.8304407" lon="2.3190914">
        <ele>107.5</ele>
        <time>2026-02-05T20:32:46Z</time>
        <hdop>3.4</hdop>
        <extensions>
          <osmand:provider>fused</osmand:provider>
          <osmand:heading>16.0</osmand:heading>
        </extensions>
      </trkpt>
      <trkpt lat="48.8304406" lon="2.3190914">
        <ele>107.5</ele>
        <time>2026-02-05T20:32:47Z</time>
        <hdop>3.5</hdop>
        <extensions>
          <osmand:provider>fused</osmand:provider>
          <osmand:heading>16.0</osmand:heading>
        </extensions>
      </trkpt>
      <trkpt lat="48.8304406" lon="2.3190913">
        <ele>107.5</ele>
        <time>2026-02-05T20:32:48Z</time>
        <hdop>3.4</hdop>
        <extensions>
          <osmand:provider>fused</osmand:provider>
          <osmand:heading>16.0</osmand:heading>
        </extensions>
      </trkpt>
      <trkpt lat="48.8304407" lon="2.3190911">
        <ele>107.5</ele>
        <time>2026-02-05T20:32:49Z</time>
        <hdop>3.3</hdop>
        <extensions>
          <osmand:provider>fused</osmand:provider>
          <osmand:heading>16.0</osmand:heading>
        </extensions>
      </trkpt>
      <trkpt lat="48.8304407" lon="2.3190912">
        <ele>107.5</ele>
        <time>2026-02-05T20:32:50Z</time>
        <hdop>3.2</hdop>
        <extensions>
          <osmand:provider>fused</osmand:provider>
          <osmand:heading>15.0</osmand:heading>
        </extensions>
      </trkpt>
      <trkpt lat="48.8304446" lon="2.3190883">
        <ele>107.5</ele>
        <time>2026-02-05T20:32:51Z</time>
        <hdop>3.2</hdop>
        <extensions>
          <osmand:provider>fused</osmand:provider>
          <osmand:heading>15.0</osmand:heading>
          <osmand:speed>0.4</osmand:speed>
        </extensions>
      </trkpt>
      <trkpt lat="48.8304493" lon="2.3190884">
        <ele>107.5</ele>
        <time>2026-02-05T20:32:52Z</time>
        <hdop>3.2</hdop>
        <extensions>
          <osmand:provider>fused</osmand:provider>
          <osmand:heading>15.0</osmand:heading>
          <osmand:speed>0.5</osmand:speed>
        </extensions>
      </trkpt>
      <trkpt lat="48.8304495" lon="2.3190992">
        <ele>107.5</ele>
        <time>2026-02-05T20:32:53Z</time>
        <hdop>3.1</hdop>
        <extensions>
          <osmand:provider>fused</osmand:provider>
          <osmand:heading>15.0</osmand:heading>
          <osmand:speed>0.4</osmand:speed>
        </extensions>
      </trkpt>
      <trkpt lat="48.8304521" lon="2.319102">
        <ele>107.5</ele>
        <time>2026-02-05T20:32:54Z</time>
        <hdop>3.1</hdop>
        <extensions>
          <osmand:provider>fused</osmand:provider>
          <osmand:heading>15.0</osmand:heading>
          <osmand:speed>0.4</osmand:speed>
        </extensions>
      </trkpt>
      <trkpt lat="48.8304577" lon="2.3191092">
        <ele>107.5</ele>
        <time>2026-02-05T20:32:55Z</time>
        <hdop>3.1</hdop>
        <extensions>
          <osmand:provider>fused</osmand:provider>
          <osmand:heading>16.0</osmand:heading>
          <osmand:speed>0.4</osmand:speed>
        </extensions>
      </trkpt>
      <trkpt lat="48.8304606" lon="2.3191062">
        <ele>107.5</ele>
        <time>2026-02-05T20:32:56Z</time>
        <hdop>3.2</hdop>
        <extensions>
          <osmand:provider>fused</osmand:provider>
          <osmand:heading>16.0</osmand:heading>
          <osmand:speed>0.3</osmand:speed>
        </extensions>
      </trkpt>
      <trkpt lat="48.8304606" lon="2.3191155">
        <ele>107.5</ele>
        <time>2026-02-05T20:32:57Z</time>
        <hdop>3.1</hdop>
        <extensions>
          <osmand:provider>fused</osmand:provider>
          <osmand:heading>15.0</osmand:heading>
          <osmand:speed>0.3</osmand:speed>
        </extensions>
      </trkpt>
      <trkpt lat="48.830469" lon="2.3191217">
        <ele>107.5</ele>
        <time>2026-02-05T20:32:58Z</time>
        <hdop>3.1</hdop>
        <extensions>
          <osmand:provider>fused</osmand:provider>
          <osmand:heading>15.0</osmand:heading>
          <osmand:speed>1.2</osmand:speed>
        </extensions>
      </trkpt>
      <trkpt lat="48.8304748" lon="2.3191327">
        <ele>107.5</ele>
        <time>2026-02-05T20:32:59Z</time>
        <hdop>3.1</hdop>
        <extensions>
          <osmand:provider>fused</osmand:provider>
          <osmand:heading>14.0</osmand:heading>
          <osmand:speed>1.3</osmand:speed>
        </extensions>
      </trkpt>
      <trkpt lat="48.8304909" lon="2.3191498">
        <ele>107.5</ele>
        <time>2026-02-05T20:33:00Z</time>
        <hdop>3.1</hdop>
        <extensions>
          <osmand:provider>fused</osmand:provider>
          <osmand:heading>14.0</osmand:heading>
          <osmand:speed>2.3</osmand:speed>
        </extensions>
      </trkpt>
      <trkpt lat="48.8305086" lon="2.3191697">
        <ele>107.5</ele>
        <time>2026-02-05T20:33:01Z</time>
        <hdop>3.1</hdop>
        <extensions>
          <osmand:provider>fused</osmand:provider>
          <osmand:heading>14.0</osmand:heading>
          <osmand:speed>3</osmand:speed>
        </extensions>
      </trkpt>
      <trkpt lat="48.8305336" lon="2.3192045">
        <ele>107.5</ele>
        <time>2026-02-05T20:33:02Z</time>
        <hdop>3</hdop>
        <extensions>
          <osmand:provider>fused</osmand:provider>
          <osmand:heading>14.0</osmand:heading>
          <osmand:speed>3.9</osmand:speed>
        </extensions>
      </trkpt>
      <trkpt lat="48.8305624" lon="2.3192511">
        <ele>107.5</ele>
        <time>2026-02-05T20:33:03Z</time>
        <hdop>3</hdop>
        <extensions>
          <osmand:provider>fused</osmand:provider>
          <osmand:heading>13.0</osmand:heading>
          <osmand:speed>5.4</osmand:speed>
        </extensions>
      </trkpt>
      <trkpt lat="48.8305907" lon="2.3192988">
        <ele>107.5</ele>
        <time>2026-02-05T20:33:04Z</time>
        <hdop>3</hdop>
        <extensions>
          <osmand:provider>fused</osmand:provider>
          <osmand:heading>13.0</osmand:heading>
          <osmand:speed>6</osmand:speed>
        </extensions>
      </trkpt>
      <trkpt lat="48.8306224" lon="2.3193541">
        <ele>107.5</ele>
        <time>2026-02-05T20:33:05Z</time>
        <hdop>3</hdop>
        <extensions>
          <osmand:provider>fused</osmand:provider>
          <osmand:heading>14.0</osmand:heading>
          <osmand:speed>5.8</osmand:speed>
        </extensions>
      </trkpt>
      <trkpt lat="48.8306646" lon="2.319403">
        <ele>107.5</ele>
        <time>2026-02-05T20:33:06Z</time>
        <hdop>3</hdop>
        <extensions>
          <osmand:provider>fused</osmand:provider>
          <osmand:heading>15.0</osmand:heading>
          <osmand:speed>5.5</osmand:speed>
        </extensions>
      </trkpt>
      <trkpt lat="48.8307098" lon="2.3194428">
        <ele>107.5</ele>
        <time>2026-02-05T20:33:07Z</time>
        <hdop>3</hdop>
        <extensions>
          <osmand:provider>fused</osmand:provider>
          <osmand:heading>14.0</osmand:heading>
          <osmand:speed>4.7</osmand:speed>
        </extensions>
      </trkpt>
      <trkpt lat="48.8307467" lon="2.3194635">
        <ele>107.5</ele>
        <time>2026-02-05T20:33:08Z</time>
        <hdop>3</hdop>
        <extensions>
          <osmand:provider>fused</osmand:provider>
          <osmand:heading>12.0</osmand:heading>
          <osmand:speed>3.9</osmand:speed>
        </extensions>
      </trkpt>
      <trkpt lat="48.8307758" lon="2.3194728">
        <ele>107.5</ele>
        <time>2026-02-05T20:33:09Z</time>
        <hdop>3.1</hdop>
        <extensions>
          <osmand:provider>fused</osmand:provider>
          <osmand:heading>9.0</osmand:heading>
          <osmand:speed>2.9</osmand:speed>
        </extensions>
      </trkpt>
      <trkpt lat="48.8307952" lon="2.3194847">
        <ele>107.8</ele>
        <time>2026-02-05T20:33:10Z</time>
        <hdop>3.2</hdop>
        <extensions>
          <osmand:provider>fused</osmand:provider>
          <osmand:heading>5.0</osmand:heading>
          <osmand:speed>1.8</osmand:speed>
        </extensions>
      </trkpt>
      <trkpt lat="48.8308046" lon="2.3194892">
        <ele>107.8</ele>
        <time>2026-02-05T20:33:11Z</time>
        <hdop>3.4</hdop>
        <extensions>
          <osmand:provider>fused</osmand:provider>
          <osmand:heading>4.0</osmand:heading>
          <osmand:speed>0.4</osmand:speed>
        </extensions>
      </trkpt>
      <trkpt lat="48.8308066" lon="2.3194895">
        <ele>107.8</ele>
        <time>2026-02-05T20:33:12Z</time>
        <hdop>3.6</hdop>
        <extensions>
          <osmand:provider>fused</osmand:provider>
          <osmand:heading>2.0</osmand:heading>
          <osmand:speed>0.2</osmand:speed>
        </extensions>
      </trkpt>
      <trkpt lat="48.8308095" lon="2.3194934">
        <ele>107.8</ele>
        <time>2026-02-05T20:33:13Z</time>
        <hdop>3.9</hdop>
        <extensions>
          <osmand:provider>fused</osmand:provider>
          <osmand:heading>2.0</osmand:heading>
          <osmand:speed>0.1</osmand:speed>
        </extensions>
      </trkpt>
      <trkpt lat="48.830811" lon="2.319498">
        <ele>107.8</ele>
        <time>2026-02-05T20:33:14Z</time>
        <hdop>4</hdop>
        <extensions>
          <osmand:provider>fused</osmand:provider>
          <osmand:heading>1.0</osmand:heading>
          <osmand:speed>0.1</osmand:speed>
        </extensions>
      </trkpt>
      <trkpt lat="48.8308103" lon="2.3194959">
        <ele>107.8</ele>
        <time>2026-02-05T20:33:15Z</time>
        <hdop>4</hdop>
        <extensions>
          <osmand:provider>fused</osmand:provider>
          <osmand:heading>1.0</osmand:heading>
          <osmand:speed>0.1</osmand:speed>
        </extensions>
      </trkpt>
      <trkpt lat="48.8308077" lon="2.3194932">
        <ele>107.8</ele>
        <time>2026-02-05T20:33:16Z</time>
        <hdop>4</hdop>
        <extensions>
          <osmand:provider>fused</osmand:provider>
          <osmand:heading>1.0</osmand:heading>
          <osmand:speed>0.4</osmand:speed>
        </extensions>
      </trkpt>
      <trkpt lat="48.8308097" lon="2.3194964">
        <ele>107.9</ele>
        <time>2026-02-05T20:33:17Z</time>
        <hdop>3.9</hdop>
        <extensions>
          <osmand:provider>fused</osmand:provider>
          <osmand:heading>1.0</osmand:heading>
          <osmand:speed>0.2</osmand:speed>
        </extensions>
      </trkpt>
      <trkpt lat="48.8308038" lon="2.3195025">
        <ele>107.9</ele>
        <time>2026-02-05T20:33:18Z</time>
        <hdop>3.9</hdop>
        <extensions>
          <osmand:provider>fused</osmand:provider>
          <osmand:heading>1.0</osmand:heading>
          <osmand:speed>0.1</osmand:speed>
        </extensions>
      </trkpt>
      <trkpt lat="48.8308037" lon="2.3195028">
        <ele>107.9</ele>
        <time>2026-02-05T20:33:19Z</time>
        <hdop>3.8</hdop>
        <extensions>
          <osmand:provider>fused</osmand:provider>
          <osmand:heading>1.0</osmand:heading>
          <osmand:speed>0</osmand:speed>
        </extensions>
      </trkpt>
      <trkpt lat="48.8308034" lon="2.3195027">
        <ele>107.9</ele>
        <time>2026-02-05T20:33:20Z</time>
        <hdop>3.7</hdop>
        <extensions>
          <osmand:provider>fused</osmand:provider>
          <osmand:heading>1.0</osmand:heading>
          <osmand:speed>0</osmand:speed>
        </extensions>
      </trkpt>
      <trkpt lat="48.830801" lon="2.3195083">
        <ele>107.9</ele>
        <time>2026-02-05T20:33:21Z</time>
        <hdop>3.8</hdop>
        <extensions>
          <osmand:provider>fused</osmand:provider>
          <osmand:heading>0.0</osmand:heading>
          <osmand:speed>0.3</osmand:speed>
        </extensions>
      </trkpt>
      <trkpt lat="48.8308095" lon="2.3195158">
        <ele>107.9</ele>
        <time>2026-02-05T20:33:22Z</time>
        <hdop>3.7</hdop>
        <extensions>
          <osmand:provider>fused</osmand:provider>
          <osmand:heading>0.0</osmand:heading>
          <osmand:speed>1.2</osmand:speed>
        </extensions>
      </trkpt>
      <trkpt lat="48.8308244" lon="2.3195244">
        <ele>107.9</ele>
        <time>2026-02-05T20:33:23Z</time>
        <hdop>3.8</hdop>
        <extensions>
          <osmand:provider>fused</osmand:provider>
          <osmand:heading>360.0</osmand:heading>
          <osmand:speed>2.1</osmand:speed>
        </extensions>
      </trkpt>
      <trkpt lat="48.830845" lon="2.3195324">
        <ele>107.9</ele>
        <time>2026-02-05T20:33:24Z</time>
        <hdop>3.8</hdop>
        <extensions>
          <osmand:provider>fused</osmand:provider>
          <osmand:heading>359.0</osmand:heading>
          <osmand:speed>2.2</osmand:speed>
        </extensions>
      </trkpt>
      <trkpt lat="48.830864" lon="2.3195335">
        <ele>107.9</ele>
        <time>2026-02-05T20:33:25Z</time>
        <hdop>3.8</hdop>
        <extensions>
          <osmand:provider>fused</osmand:provider>
          <osmand:heading>358.0</osmand:heading>
          <osmand:speed>2.1</osmand:speed>
        </extensions>
      </trkpt>
      <trkpt lat="48.8308897" lon="2.3195373">
        <ele>107.9</ele>
        <time>2026-02-05T20:33:26Z</time>
        <hdop>3.9</hdop>
        <extensions>
          <osmand:provider>fused</osmand:provider>
          <osmand:heading>358.0</osmand:heading>
          <osmand:speed>3.3</osmand:speed>
        </extensions>
      </trkpt>
      <trkpt lat="48.8309271" lon="2.3195568">
        <ele>107.9</ele>
        <time>2026-02-05T20:33:27Z</time>
        <hdop>4.1</hdop>
        <extensions>
          <osmand:provider>fused</osmand:provider>
          <osmand:heading>359.0</osmand:heading>
          <osmand:speed>4.7</osmand:speed>
        </extensions>
      </trkpt>
      <trkpt lat="48.8309923" lon="2.3196029">
        <ele>107.9</ele>
        <time>2026-02-05T20:33:28Z</time>
        <hdop>4.2</hdop>
        <extensions>
          <osmand:provider>fused</osmand:provider>
          <osmand:heading>2.0</osmand:heading>
          <osmand:speed>6.2</osmand:speed>
        </extensions>
      </trkpt>
      <trkpt lat="48.8310699" lon="2.319654">
        <ele>107.9</ele>
        <time>2026-02-05T20:33:29Z</time>
        <hdop>4.2</hdop>
        <extensions>
          <osmand:provider>fused</osmand:provider>
          <osmand:heading>5.0</osmand:heading>
          <osmand:speed>7.2</osmand:speed>
        </extensions>
      </trkpt>
      <trkpt lat="48.8311507" lon="2.3197135">
        <ele>107.9</ele>
        <time>2026-02-05T20:33:30Z</time>
        <hdop>4.2</hdop>
        <extensions>
          <osmand:provider>fused</osmand:provider>
          <osmand:heading>6.0</osmand:heading>
          <osmand:speed>8.1</osmand:speed>
        </extensions>
      </trkpt>
      <trkpt lat="48.8312352" lon="2.319762">
        <ele>107.9</ele>
        <time>2026-02-05T20:33:31Z</time>
        <hdop>4.2</hdop>
        <extensions>
          <osmand:provider>fused</osmand:provider>
          <osmand:heading>6.0</osmand:heading>
          <osmand:speed>9</osmand:speed>
        </extensions>
      </trkpt>
      <trkpt lat="48.8313245" lon="2.3198165">
        <ele>107.9</ele>
        <time>2026-02-05T20:33:32Z</time>
        <hdop>4</hdop>
        <extensions>
          <osmand:provider>fused</osmand:provider>
          <osmand:heading>4.0</osmand:heading>
          <osmand:speed>9.2</osmand:speed>
        </extensions>
      </trkpt>
      <trkpt lat="48.8314072" lon="2.319865">
        <ele>107.9</ele>
        <time>2026-02-05T20:33:33Z</time>
        <hdop>3.8</hdop>
        <extensions>
          <osmand:provider>fused</osmand:provider>
          <osmand:heading>4.0</osmand:heading>
          <osmand:speed>9.5</osmand:speed>
        </extensions>
      </trkpt>
      <trkpt lat="48.831486" lon="2.3199123">
        <ele>107.9</ele>
        <time>2026-02-05T20:33:34Z</time>
        <hdop>3.8</hdop>
        <extensions>
          <osmand:provider>fused</osmand:provider>
          <osmand:heading>5.0</osmand:heading>
          <osmand:speed>9.3</osmand:speed>
        </extensions>
      </trkpt>
      <trkpt lat="48.8315585" lon="2.3199572">
        <ele>107.9</ele>
        <time>2026-02-05T20:33:35Z</time>
        <hdop>3.6</hdop>
        <extensions>
          <osmand:provider>fused</osmand:provider>
          <osmand:heading>5.0</osmand:heading>
          <osmand:speed>8.2</osmand:speed>
        </extensions>
      </trkpt>
      <trkpt lat="48.8316297" lon="2.3199993">
        <ele>107.9</ele>
        <time>2026-02-05T20:33:36Z</time>
        <hdop>3.5</hdop>
        <extensions>
          <osmand:provider>fused</osmand:provider>
          <osmand:heading>5.0</osmand:heading>
          <osmand:speed>7.5</osmand:speed>
        </extensions>
      </trkpt>
      <trkpt lat="48.8316942" lon="2.3200476">
        <ele>107.9</ele>
        <time>2026-02-05T20:33:37Z</time>
        <hdop>3.4</hdop>
        <extensions>
          <osmand:provider>fused</osmand:provider>
          <osmand:heading>5.0</osmand:heading>
          <osmand:speed>7.8</osmand:speed>
        </extensions>
      </trkpt>
      <trkpt lat="48.8317663" lon="2.320104">
        <ele>109.5</ele>
        <time>2026-02-05T20:33:38Z</time>
        <hdop>3.3</hdop>
        <extensions>
          <osmand:provider>fused</osmand:provider>
          <osmand:heading>6.0</osmand:heading>
          <osmand:speed>9.4</osmand:speed>
        </extensions>
      </trkpt>
      <trkpt lat="48.8318495" lon="2.3201702">
        <ele>109.7</ele>
        <time>2026-02-05T20:33:39Z</time>
        <hdop>3.2</hdop>
        <extensions>
          <osmand:provider>fused</osmand:provider>
          <osmand:heading>8.0</osmand:heading>
          <osmand:speed>9.6</osmand:speed>
        </extensions>
      </trkpt>
      <trkpt lat="48.8319359" lon="2.3202403">
        <ele>109.8</ele>
        <time>2026-02-05T20:33:40Z</time>
        <hdop>3.2</hdop>
        <extensions>
          <osmand:provider>fused</osmand:provider>
          <osmand:heading>9.0</osmand:heading>
          <osmand:speed>10.7</osmand:speed>
        </extensions>
      </trkpt>
      <trkpt lat="48.8320211" lon="2.3203112">
        <ele>109.9</ele>
        <time>2026-02-05T20:33:41Z</time>
        <hdop>3.2</hdop>
        <extensions>
          <osmand:provider>fused</osmand:provider>
          <osmand:heading>9.0</osmand:heading>
          <osmand:speed>10.8</osmand:speed>
        </extensions>
      </trkpt>
      <trkpt lat="48.8321156" lon="2.3203799">
        <ele>109.8</ele>
        <time>2026-02-05T20:33:42Z</time>
        <hdop>3.2</hdop>
        <extensions>
          <osmand:provider>fused</osmand:provider>
          <osmand:heading>10.0</osmand:heading>
          <osmand:speed>11.3</osmand:speed>
        </extensions>
      </trkpt>
      <trkpt lat="48.8322117" lon="2.3204401">
        <ele>109.9</ele>
        <time>2026-02-05T20:33:43Z</time>
        <hdop>3.2</hdop>
        <extensions>
          <osmand:provider>fused</osmand:provider>
          <osmand:heading>10.0</osmand:heading>
          <osmand:speed>11.3</osmand:speed>
        </extensions>
      </trkpt>
      <trkpt lat="48.8322117" lon="2.3204401">
        <ele>110</ele>
        <time>2026-02-05T20:33:43Z</time>
        <hdop>4.5</hdop>
        <extensions>
          <osmand:provider>fused</osmand:provider>
          <osmand:heading>6.0</osmand:heading>
        </extensions>
      </trkpt>
      <trkpt lat="48.8323104" lon="2.3205046">
        <ele>110</ele>
        <time>2026-02-05T20:33:44Z</time>
        <hdop>4.4</hdop>
        <extensions>
          <osmand:provider>fused</osmand:provider>
          <osmand:heading>5.0</osmand:heading>
          <osmand:speed>11.6</osmand:speed>
        </extensions>
      </trkpt>
      <trkpt lat="48.8324078" lon="2.32057">
        <ele>110.4</ele>
        <time>2026-02-05T20:33:45Z</time>
        <hdop>4.6</hdop>
        <extensions>
          <osmand:provider>fused</osmand:provider>
          <osmand:heading>4.0</osmand:heading>
          <osmand:speed>12.1</osmand:speed>
        </extensions>
      </trkpt>
      <trkpt lat="48.832514" lon="2.3206463">
        <ele>110.5</ele>
        <time>2026-02-05T20:33:46Z</time>
        <hdop>4.6</hdop>
        <extensions>
          <osmand:provider>fused</osmand:provider>
          <osmand:heading>3.0</osmand:heading>
          <osmand:speed>12.5</osmand:speed>
        </extensions>
      </trkpt>
      <trkpt lat="48.8326277" lon="2.320719">
        <ele>110.6</ele>
        <time>2026-02-05T20:33:47Z</time>
        <hdop>4.6</hdop>
        <extensions>
          <osmand:provider>fused</osmand:provider>
          <osmand:heading>1.0</osmand:heading>
          <osmand:speed>12.6</osmand:speed>
        </extensions>
      </trkpt>
      <trkpt lat="48.8327304" lon="2.3207843">
        <ele>110.8</ele>
        <time>2026-02-05T20:33:48Z</time>
        <hdop>4.6</hdop>
        <extensions>
          <osmand:provider>fused</osmand:provider>
          <osmand:heading>5.0</osmand:heading>
          <osmand:speed>11.9</osmand:speed>
        </extensions>
      </trkpt>
      <trkpt lat="48.8328305" lon="2.3208494">
        <ele>111</ele>
        <time>2026-02-05T20:33:49Z</time>
        <hdop>3.4</hdop>
        <extensions>
          <osmand:provider>fused</osmand:provider>
          <osmand:heading>7.0</osmand:heading>
          <osmand:speed>11.3</osmand:speed>
        </extensions>
      </trkpt>
      <trkpt lat="48.83292" lon="2.3209063">
        <ele>111</ele>
        <time>2026-02-05T20:33:50Z</time>
        <hdop>3.4</hdop>
        <extensions>
          <osmand:provider>fused</osmand:provider>
          <osmand:heading>8.0</osmand:heading>
          <osmand:speed>10.2</osmand:speed>
        </extensions>
      </trkpt>
      <trkpt lat="48.8329994" lon="2.3209457">
        <ele>111</ele>
        <time>2026-02-05T20:33:51Z</time>
        <hdop>3.3</hdop>
        <extensions>
          <osmand:provider>fused</osmand:provider>
          <osmand:heading>9.0</osmand:heading>
          <osmand:speed>9.4</osmand:speed>
        </extensions>
      </trkpt>
      <trkpt lat="48.8330797" lon="2.3209925">
        <ele>111</ele>
        <time>2026-02-05T20:33:52Z</time>
        <hdop>3.2</hdop>
        <extensions>
          <osmand:provider>fused</osmand:provider>
          <osmand:heading>8.0</osmand:heading>
          <osmand:speed>8.7</osmand:speed>
        </extensions>
      </trkpt>
      <trkpt lat="48.8331503" lon="2.3210451">
        <ele>110.9</ele>
        <time>2026-02-05T20:33:53Z</time>
        <hdop>3.2</hdop>
        <extensions>
          <osmand:provider>fused</osmand:provider>
          <osmand:heading>6.0</osmand:heading>
          <osmand:speed>8.3</osmand:speed>
        </extensions>
      </trkpt>
      <trkpt lat="48.8332259" lon="2.3210947">
        <ele>110.8</ele>
        <time>2026-02-05T20:33:54Z</time>
        <hdop>3.3</hdop>
        <extensions>
          <osmand:provider>fused</osmand:provider>
          <osmand:heading>12.0</osmand:heading>
          <osmand:speed>9.5</osmand:speed>
        </extensions>
      </trkpt>
      <trkpt lat="48.8333066" lon="2.3211573">
        <ele>110.7</ele>
        <time>2026-02-05T20:33:55Z</time>
        <hdop>3.3</hdop>
        <extensions>
          <osmand:provider>fused</osmand:provider>
          <osmand:heading>16.0</osmand:heading>
          <osmand:speed>10.3</osmand:speed>
        </extensions>
      </trkpt>
      <trkpt lat="48.8333982" lon="2.3212238">
        <ele>110.6</ele>
        <time>2026-02-05T20:33:56Z</time>
        <hdop>3.4</hdop>
        <extensions>
          <osmand:provider>fused</osmand:provider>
          <osmand:heading>19.0</osmand:heading>
          <osmand:speed>11</osmand:speed>
        </extensions>
      </trkpt>
      <trkpt lat="48.8334897" lon="2.3212877">
        <ele>110.6</ele>
        <time>2026-02-05T20:33:57Z</time>
        <hdop>3.7</hdop>
        <extensions>
          <osmand:provider>fused</osmand:provider>
          <osmand:heading>20.0</osmand:heading>
          <osmand:speed>10.9</osmand:speed>
        </extensions>
      </trkpt>
      <trkpt lat="48.8335804" lon="2.3213563">
        <ele>110.4</ele>
        <time>2026-02-05T20:33:58Z</time>
        <hdop>3.9</hdop>
        <extensions>
          <osmand:provider>fused</osmand:provider>
          <osmand:heading>19.0</osmand:heading>
          <osmand:speed>10.5</osmand:speed>
        </extensions>
      </trkpt>
      <trkpt lat="48.8336616" lon="2.3214205">
        <ele>110.3</ele>
        <time>2026-02-05T20:33:59Z</time>
        <hdop>3.9</hdop>
        <extensions>
          <osmand:provider>fused</osmand:provider>
          <osmand:heading>16.0</osmand:heading>
          <osmand:speed>10.1</osmand:speed>
        </extensions>
      </trkpt>
      <trkpt lat="48.8337384" lon="2.3214958">
        <ele>110.2</ele>
        <time>2026-02-05T20:34:00Z</time>
        <hdop>4</hdop>
        <extensions>
          <osmand:provider>fused</osmand:provider>
          <osmand:heading>13.0</osmand:heading>
          <osmand:speed>9.8</osmand:speed>
        </extensions>
      </trkpt>
      <trkpt lat="48.8338108" lon="2.3215572">
        <ele>110.1</ele>
        <time>2026-02-05T20:34:01Z</time>
        <hdop>3.9</hdop>
        <extensions>
          <osmand:provider>fused</osmand:provider>
          <osmand:heading>12.0</osmand:heading>
          <osmand:speed>9</osmand:speed>
        </extensions>
      </trkpt>
      <trkpt lat="48.8338698" lon="2.321614">
        <ele>110</ele>
        <time>2026-02-05T20:34:02Z</time>
        <hdop>3.8</hdop>
        <extensions>
          <osmand:provider>fused</osmand:provider>
          <osmand:heading>13.0</osmand:heading>
          <osmand:speed>7.8</osmand:speed>
        </extensions>
      </trkpt>
      <trkpt lat="48.8339305" lon="2.3216635">
        <ele>109.9</ele>
        <time>2026-02-05T20:34:03Z</time>
        <hdop>3.7</hdop>
        <extensions>
          <osmand:provider>fused</osmand:provider>
          <osmand:heading>15.0</osmand:heading>
          <osmand:speed>6.8</osmand:speed>
        </extensions>
      </trkpt>
      <trkpt lat="48.833982" lon="2.3217037">
        <ele>109.8</ele>
        <time>2026-02-05T20:34:04Z</time>
        <hdop>3.6</hdop>
        <extensions>
          <osmand:provider>fused</osmand:provider>
          <osmand:heading>15.0</osmand:heading>
          <osmand:speed>6.3</osmand:speed>
        </extensions>
      </trkpt>
      <trkpt lat="48.834028" lon="2.3217327">
        <ele>109.6</ele>
        <time>2026-02-05T20:34:05Z</time>
        <hdop>3.5</hdop>
        <extensions>
          <osmand:provider>fused</osmand:provider>
          <osmand:heading>14.0</osmand:heading>
          <osmand:speed>5.2</osmand:speed>
        </extensions>
      </trkpt>
      <trkpt lat="48.8340639" lon="2.3217701">
        <ele>109.5</ele>
        <time>2026-02-05T20:34:06Z</time>
        <hdop>3.4</hdop>
        <extensions>
          <osmand:provider>fused</osmand:provider>
          <osmand:heading>9.0</osmand:heading>
          <osmand:speed>4.6</osmand:speed>
        </extensions>
      </trkpt>
      <trkpt lat="48.8340823" lon="2.3218103">
        <ele>109.5</ele>
        <time>2026-02-05T20:34:07Z</time>
        <hdop>3.3</hdop>
        <extensions>
          <osmand:provider>fused</osmand:provider>
          <osmand:heading>3.0</osmand:heading>
          <osmand:speed>4.4</osmand:speed>
        </extensions>
      </trkpt>
      <trkpt lat="48.8341039" lon="2.321824">
        <ele>109.5</ele>
        <time>2026-02-05T20:34:08Z</time>
        <hdop>3.3</hdop>
        <extensions>
          <osmand:provider>fused</osmand:provider>
          <osmand:heading>359.0</osmand:heading>
          <osmand:speed>2.7</osmand:speed>
        </extensions>
      </trkpt>
      <trkpt lat="48.8341219" lon="2.3218205">
        <ele>109.5</ele>
        <time>2026-02-05T20:34:09Z</time>
        <hdop>3.3</hdop>
        <extensions>
          <osmand:provider>fused</osmand:provider>
          <osmand:heading>356.0</osmand:heading>
          <osmand:speed>1.8</osmand:speed>
        </extensions>
      </trkpt>
      <trkpt lat="48.8341356" lon="2.3218203">
        <ele>109.5</ele>
        <time>2026-02-05T20:34:10Z</time>
        <hdop>3.2</hdop>
        <extensions>
          <osmand:provider>fused</osmand:provider>
          <osmand:heading>354.0</osmand:heading>
          <osmand:speed>1.3</osmand:speed>
        </extensions>
      </trkpt>
      <trkpt lat="48.8341437" lon="2.3218236">
        <ele>109.5</ele>
        <time>2026-02-05T20:34:11Z</time>
        <hdop>3.2</hdop>
        <extensions>
          <osmand:provider>fused</osmand:provider>
          <osmand:heading>354.0</osmand:heading>
          <osmand:speed>0.9</osmand:speed>
        </extensions>
      </trkpt>
      <trkpt lat="48.8341423" lon="2.3218238">
        <ele>109.6</ele>
        <time>2026-02-05T20:34:12Z</time>
        <hdop>3.1</hdop>
        <extensions>
          <osmand:provider>fused</osmand:provider>
          <osmand:heading>353.0</osmand:heading>
        </extensions>
      </trkpt>
      <trkpt lat="48.8341419" lon="2.3218236">
        <ele>109.6</ele>
        <time>2026-02-05T20:34:13Z</time>
        <hdop>3.2</hdop>
        <extensions>
          <osmand:provider>fused</osmand:provider>
          <osmand:heading>353.0</osmand:heading>
        </extensions>
      </trkpt>
      <trkpt lat="48.8341414" lon="2.3218233">
        <ele>109.6</ele>
        <time>2026-02-05T20:34:14Z</time>
        <hdop>3.2</hdop>
        <extensions>
          <osmand:provider>fused</osmand:provider>
          <osmand:heading>353.0</osmand:heading>
        </extensions>
      </trkpt>
      <trkpt lat="48.8341413" lon="2.3218231">
        <ele>109.6</ele>
        <time>2026-02-05T20:34:15Z</time>
        <hdop>3.3</hdop>
        <extensions>
          <osmand:provider>fused</osmand:provider>
          <osmand:heading>352.0</osmand:heading>
        </extensions>
      </trkpt>
      <trkpt lat="48.834136" lon="2.3218189">
        <ele>109.6</ele>
        <time>2026-02-05T20:34:16Z</time>
        <hdop>3.3</hdop>
        <extensions>
          <osmand:provider>fused</osmand:provider>
          <osmand:heading>352.0</osmand:heading>
          <osmand:speed>0.1</osmand:speed>
        </extensions>
      </trkpt>
      <trkpt lat="48.8341302" lon="2.3218124">
        <ele>109.6</ele>
        <time>2026-02-05T20:34:17Z</time>
        <hdop>3.5</hdop>
        <extensions>
          <osmand:provider>fused</osmand:provider>
          <osmand:heading>352.0</osmand:heading>
          <osmand:speed>0.2</osmand:speed>
        </extensions>
      </trkpt>
      <trkpt lat="48.8341298" lon="2.3218125">
        <ele>109.6</ele>
        <time>2026-02-05T20:34:18Z</time>
        <hdop>3.5</hdop>
        <extensions>
          <osmand:provider>fused</osmand:provider>
          <osmand:heading>352.0</osmand:heading>
        </extensions>
      </trkpt>
      <trkpt lat="48.8341296" lon="2.3218125">
        <ele>109.6</ele>
        <time>2026-02-05T20:34:19Z</time>
        <hdop>3.4</hdop>
        <extensions>
          <osmand:provider>fused</osmand:provider>
          <osmand:heading>352.0</osmand:heading>
        </extensions>
      </trkpt>
      <trkpt lat="48.8341294" lon="2.3218124">
        <ele>109.6</ele>
        <time>2026-02-05T20:34:20Z</time>
        <hdop>3.3</hdop>
        <extensions>
          <osmand:provider>fused</osmand:provider>
          <osmand:heading>352.0</osmand:heading>
        </extensions>
      </trkpt>
      <trkpt lat="48.8341294" lon="2.3218123">
        <ele>109.6</ele>
        <time>2026-02-05T20:34:21Z</time>
        <hdop>3.2</hdop>
        <extensions>
          <osmand:provider>fused</osmand:provider>
          <osmand:heading>352.0</osmand:heading>
        </extensions>
      </trkpt>
      <trkpt lat="48.8341292" lon="2.3218122">
        <ele>109.6</ele>
        <time>2026-02-05T20:34:22Z</time>
        <hdop>3.1</hdop>
        <extensions>
          <osmand:provider>fused</osmand:provider>
          <osmand:heading>352.0</osmand:heading>
        </extensions>
      </trkpt>
      <trkpt lat="48.8341293" lon="2.321812">
        <ele>109.6</ele>
        <time>2026-02-05T20:34:23Z</time>
        <hdop>3</hdop>
        <extensions>
          <osmand:provider>fused</osmand:provider>
          <osmand:heading>352.0</osmand:heading>
        </extensions>
      </trkpt>
      <trkpt lat="48.8341296" lon="2.3218115">
        <ele>109.6</ele>
        <time>2026-02-05T20:34:24Z</time>
        <hdop>3</hdop>
        <extensions>
          <osmand:provider>fused</osmand:provider>
          <osmand:heading>352.0</osmand:heading>
        </extensions>
      </trkpt>
      <trkpt lat="48.8341297" lon="2.3218113">
        <ele>109.5</ele>
        <time>2026-02-05T20:34:25Z</time>
        <hdop>3</hdop>
        <extensions>
          <osmand:provider>fused</osmand:provider>
          <osmand:heading>352.0</osmand:heading>
        </extensions>
      </trkpt>
      <trkpt lat="48.8341298" lon="2.3218111">
        <ele>109.5</ele>
        <time>2026-02-05T20:34:26Z</time>
        <hdop>3.1</hdop>
        <extensions>
          <osmand:provider>fused</osmand:provider>
          <osmand:heading>352.0</osmand:heading>
        </extensions>
      </trkpt>
      <trkpt lat="48.8341299" lon="2.3218108">
        <ele>109.5</ele>
        <time>2026-02-05T20:34:27Z</time>
        <hdop>3.2</hdop>
        <extensions>
          <osmand:provider>fused</osmand:provider>
          <osmand:heading>352.0</osmand:heading>
        </extensions>
      </trkpt>
      <trkpt lat="48.83413" lon="2.3218106">
        <ele>109.5</ele>
        <time>2026-02-05T20:34:28Z</time>
        <hdop>3.2</hdop>
        <extensions>
          <osmand:provider>fused</osmand:provider>
          <osmand:heading>352.0</osmand:heading>
        </extensions>
      </trkpt>
      <trkpt lat="48.8341301" lon="2.3218106">
        <ele>109.5</ele>
        <time>2026-02-05T20:34:29Z</time>
        <hdop>3.2</hdop>
        <extensions>
          <osmand:provider>fused</osmand:provider>
          <osmand:heading>352.0</osmand:heading>
        </extensions>
      </trkpt>
      <trkpt lat="48.8341302" lon="2.3218104">
        <ele>109.5</ele>
        <time>2026-02-05T20:34:30Z</time>
        <hdop>3.3</hdop>
        <extensions>
          <osmand:provider>fused</osmand:provider>
          <osmand:heading>352.0</osmand:heading>
        </extensions>
      </trkpt>
      <trkpt lat="48.8341302" lon="2.3218102">
        <ele>109.5</ele>
        <time>2026-02-05T20:34:31Z</time>
        <hdop>3.3</hdop>
        <extensions>
          <osmand:provider>fused</osmand:provider>
          <osmand:heading>352.0</osmand:heading>
        </extensions>
      </trkpt>
      <trkpt lat="48.8341309" lon="2.3218035">
        <ele>109.5</ele>
        <time>2026-02-05T20:34:32Z</time>
        <hdop>3.2</hdop>
        <extensions>
          <osmand:provider>fused</osmand:provider>
          <osmand:heading>352.0</osmand:heading>
          <osmand:speed>0.2</osmand:speed>
        </extensions>
      </trkpt>
      <trkpt lat="48.8341321" lon="2.3217977">
        <ele>109.5</ele>
        <time>2026-02-05T20:34:33Z</time>
        <hdop>3.2</hdop>
        <extensions>
          <osmand:provider>fused</osmand:provider>
          <osmand:heading>351.0</osmand:heading>
          <osmand:speed>0.9</osmand:speed>
        </extensions>
      </trkpt>
      <trkpt lat="48.8341478" lon="2.3217963">
        <ele>109.5</ele>
        <time>2026-02-05T20:34:34Z</time>
        <hdop>3.2</hdop>
        <extensions>
          <osmand:provider>fused</osmand:provider>
          <osmand:heading>351.0</osmand:heading>
          <osmand:speed>2.3</osmand:speed>
        </extensions>
      </trkpt>
      <trkpt lat="48.8341739" lon="2.3217996">
        <ele>109.5</ele>
        <time>2026-02-05T20:34:35Z</time>
        <hdop>3.2</hdop>
        <extensions>
          <osmand:provider>fused</osmand:provider>
          <osmand:heading>351.0</osmand:heading>
          <osmand:speed>3</osmand:speed>
        </extensions>
      </trkpt>
      <trkpt lat="48.8342092" lon="2.3217939">
        <ele>109.5</ele>
        <time>2026-02-05T20:34:36Z</time>
        <hdop>3.2</hdop>
        <extensions>
          <osmand:provider>fused</osmand:provider>
          <osmand:heading>350.0</osmand:heading>
          <osmand:speed>3.5</osmand:speed>
        </extensions>
      </trkpt>
      <trkpt lat="48.8342445" lon="2.3217975">
        <ele>109.5</ele>
        <time>2026-02-05T20:34:37Z</time>
        <hdop>3.1</hdop>
        <extensions>
          <osmand:provider>fused</osmand:provider>
          <osmand:heading>350.0</osmand:heading>
          <osmand:speed>3.4</osmand:speed>
        </extensions>
      </trkpt>
      <trkpt lat="48.8342841" lon="2.3217914">
        <ele>109.5</ele>
        <time>2026-02-05T20:34:38Z</time>
        <hdop>3.2</hdop>
        <extensions>
          <osmand:provider>fused</osmand:provider>
          <osmand:heading>350.0</osmand:heading>
          <osmand:speed>4.3</osmand:speed>
        </extensions>
      </trkpt>
      <trkpt lat="48.8343409" lon="2.3218041">
        <ele>110.1</ele>
        <time>2026-02-05T20:34:39Z</time>
        <hdop>3.3</hdop>
        <extensions>
          <osmand:provider>fused</osmand:provider>
          <osmand:heading>351.0</osmand:heading>
          <osmand:speed>5.5</osmand:speed>
        </extensions>
      </trkpt>
      <trkpt lat="48.8343973" lon="2.3217996">
        <ele>110.1</ele>
        <time>2026-02-05T20:34:40Z</time>
        <hdop>3.3</hdop>
        <extensions>
          <osmand:provider>fused</osmand:provider>
          <osmand:heading>353.0</osmand:heading>
          <osmand:speed>7.4</osmand:speed>
        </extensions>
      </trkpt>
      <trkpt lat="48.8344686" lon="2.321796">
        <ele>110.1</ele>
        <time>2026-02-05T20:34:41Z</time>
        <hdop>3.4</hdop>
        <extensions>
          <osmand:provider>fused</osmand:provider>
          <osmand:heading>354.0</osmand:heading>
          <osmand:speed>8.3</osmand:speed>
        </extensions>
      </trkpt>
      <trkpt lat="48.8345525" lon="2.3217963">
        <ele>110.1</ele>
        <time>2026-02-05T20:34:42Z</time>
        <hdop>3.7</hdop>
        <extensions>
          <osmand:provider>fused</osmand:provider>
          <osmand:heading>355.0</osmand:heading>
          <osmand:speed>9.1</osmand:speed>
        </extensions>
      </trkpt>
      <trkpt lat="48.8346329" lon="2.3217848">
        <ele>110.1</ele>
        <time>2026-02-05T20:34:43Z</time>
        <hdop>3.8</hdop>
        <extensions>
          <osmand:provider>fused</osmand:provider>
          <osmand:heading>356.0</osmand:heading>
          <osmand:speed>9</osmand:speed>
        </extensions>
      </trkpt>
      <trkpt lat="48.8347223" lon="2.3217797">
        <ele>110.1</ele>
        <time>2026-02-05T20:34:44Z</time>
        <hdop>3.9</hdop>
        <extensions>
          <osmand:provider>fused</osmand:provider>
          <osmand:heading>357.0</osmand:heading>
          <osmand:speed>9.3</osmand:speed>
        </extensions>
      </trkpt>
      <trkpt lat="48.8347998" lon="2.3217897">
        <ele>110.1</ele>
        <time>2026-02-05T20:34:45Z</time>
        <hdop>4.2</hdop>
        <extensions>
          <osmand:provider>fused</osmand:provider>
          <osmand:heading>357.0</osmand:heading>
          <osmand:speed>8.4</osmand:speed>
        </extensions>
      </trkpt>
      <trkpt lat="48.8348709" lon="2.3217965">
        <ele>110.1</ele>
        <time>2026-02-05T20:34:46Z</time>
        <hdop>4.4</hdop>
        <extensions>
          <osmand:provider>fused</osmand:provider>
          <osmand:heading>357.0</osmand:heading>
          <osmand:speed>8.6</osmand:speed>
        </extensions>
      </trkpt>
      <trkpt lat="48.8349443" lon="2.3217962">
        <ele>110.1</ele>
        <time>2026-02-05T20:34:47Z</time>
        <hdop>4.5</hdop>
        <extensions>
          <osmand:provider>fused</osmand:provider>
          <osmand:heading>357.0</osmand:heading>
          <osmand:speed>8.4</osmand:speed>
        </extensions>
      </trkpt>
      <trkpt lat="48.8350231" lon="2.3217999">
        <ele>110.1</ele>
        <time>2026-02-05T20:34:48Z</time>
        <hdop>4.5</hdop>
        <extensions>
          <osmand:provider>fused</osmand:provider>
          <osmand:heading>357.0</osmand:heading>
          <osmand:speed>8.5</osmand:speed>
        </extensions>
      </trkpt>
      <trkpt lat="48.8351045" lon="2.321801">
        <ele>110.1</ele>
        <time>2026-02-05T20:34:49Z</time>
        <hdop>4.6</hdop>
        <extensions>
          <osmand:provider>fused</osmand:provider>
          <osmand:heading>356.0</osmand:heading>
          <osmand:speed>9</osmand:speed>
        </extensions>
      </trkpt>
      <trkpt lat="48.835189" lon="2.3218108">
        <ele>110.1</ele>
        <time>2026-02-05T20:34:50Z</time>
        <hdop>4.6</hdop>
        <extensions>
          <osmand:provider>fused</osmand:provider>
          <osmand:heading>356.0</osmand:heading>
          <osmand:speed>9.7</osmand:speed>
        </extensions>
      </trkpt>
      <trkpt lat="48.8352779" lon="2.3218162">
        <ele>110.1</ele>
        <time>2026-02-05T20:34:51Z</time>
        <hdop>4.6</hdop>
        <extensions>
          <osmand:provider>fused</osmand:provider>
          <osmand:heading>356.0</osmand:heading>
          <osmand:speed>10</osmand:speed>
        </extensions>
      </trkpt>
      <trkpt lat="48.8353615" lon="2.3218236">
        <ele>110.1</ele>
        <time>2026-02-05T20:34:52Z</time>
        <hdop>4.7</hdop>
        <extensions>
          <osmand:provider>fused</osmand:provider>
          <osmand:heading>356.0</osmand:heading>
          <osmand:speed>8.8</osmand:speed>
        </extensions>
      </trkpt>
      <trkpt lat="48.8354389" lon="2.3218248">
        <ele>110.1</ele>
        <time>2026-02-05T20:34:53Z</time>
        <hdop>4.8</hdop>
        <extensions>
          <osmand:provider>fused</osmand:provider>
          <osmand:heading>357.0</osmand:heading>
          <osmand:speed>8.1</osmand:speed>
        </extensions>
      </trkpt>
      <trkpt lat="48.8355135" lon="2.3218376">
        <ele>110.1</ele>
        <time>2026-02-05T20:34:54Z</time>
        <hdop>4.8</hdop>
        <extensions>
          <osmand:provider>fused</osmand:provider>
          <osmand:heading>356.0</osmand:heading>
          <osmand:speed>7.3</osmand:speed>
        </extensions>
      </trkpt>
      <trkpt lat="48.8355788" lon="2.3218485">
        <ele>110.1</ele>
        <time>2026-02-05T20:34:55Z</time>
        <hdop>4.9</hdop>
        <extensions>
          <osmand:provider>fused</osmand:provider>
          <osmand:heading>355.0</osmand:heading>
          <osmand:speed>6.6</osmand:speed>
        </extensions>
      </trkpt>
      <trkpt lat="48.8356319" lon="2.3218578">
        <ele>110.1</ele>
        <time>2026-02-05T20:34:56Z</time>
        <hdop>4.9</hdop>
        <extensions>
          <osmand:provider>fused</osmand:provider>
          <osmand:heading>355.0</osmand:heading>
          <osmand:speed>5.6</osmand:speed>
        </extensions>
      </trkpt>
      <trkpt lat="48.8356802" lon="2.3218563">
        <ele>110.1</ele>
        <time>2026-02-05T20:34:57Z</time>
        <hdop>5</hdop>
        <extensions>
          <osmand:provider>fused</osmand:provider>
          <osmand:heading>355.0</osmand:heading>
          <osmand:speed>4.8</osmand:speed>
        </extensions>
      </trkpt>
      <trkpt lat="48.8357268" lon="2.3218679">
        <ele>110.1</ele>
        <time>2026-02-05T20:34:58Z</time>
        <hdop>5</hdop>
        <extensions>
          <osmand:provider>fused</osmand:provider>
          <osmand:heading>354.0</osmand:heading>
          <osmand:speed>3.4</osmand:speed>
        </extensions>
      </trkpt>
      <trkpt lat="48.8357574" lon="2.3218685">
        <ele>110.7</ele>
        <time>2026-02-05T20:34:59Z</time>
        <hdop>5</hdop>
        <extensions>
          <osmand:provider>fused</osmand:provider>
          <osmand:heading>353.0</osmand:heading>
          <osmand:speed>2.3</osmand:speed>
        </extensions>
      </trkpt>
      <trkpt lat="48.8357761" lon="2.3218812">
        <ele>110.7</ele>
        <time>2026-02-05T20:35:00Z</time>
        <hdop>5</hdop>
        <extensions>
          <osmand:provider>fused</osmand:provider>
          <osmand:heading>352.0</osmand:heading>
          <osmand:speed>1.5</osmand:speed>
        </extensions>
      </trkpt>
      <trkpt lat="48.8357973" lon="2.321881">
        <ele>110.7</ele>
        <time>2026-02-05T20:35:01Z</time>
        <hdop>5</hdop>
        <extensions>
          <osmand:provider>fused</osmand:provider>
          <osmand:heading>351.0</osmand:heading>
          <osmand:speed>1.4</osmand:speed>
        </extensions>
      </trkpt>
      <trkpt lat="48.8358235" lon="2.321884">
        <ele>110.7</ele>
        <time>2026-02-05T20:35:02Z</time>
        <hdop>4.9</hdop>
        <extensions>
          <osmand:provider>fused</osmand:provider>
          <osmand:heading>351.0</osmand:heading>
          <osmand:speed>1.4</osmand:speed>
        </extensions>
      </trkpt>
      <trkpt lat="48.8358418" lon="2.3218898">
        <ele>110.7</ele>
        <time>2026-02-05T20:35:03Z</time>
        <hdop>4.8</hdop>
        <extensions>
          <osmand:provider>fused</osmand:provider>
          <osmand:heading>349.0</osmand:heading>
          <osmand:speed>1.7</osmand:speed>
        </extensions>
      </trkpt>
      <trkpt lat="48.8358751" lon="2.3218889">
        <ele>110.7</ele>
        <time>2026-02-05T20:35:04Z</time>
        <hdop>4.8</hdop>
        <extensions>
          <osmand:provider>fused</osmand:provider>
          <osmand:heading>349.0</osmand:heading>
          <osmand:speed>3.2</osmand:speed>
        </extensions>
      </trkpt>
      <trkpt lat="48.8359117" lon="2.3218961">
        <ele>110.7</ele>
        <time>2026-02-05T20:35:05Z</time>
        <hdop>4.6</hdop>
        <extensions>
          <osmand:provider>fused</osmand:provider>
          <osmand:heading>349.0</osmand:heading>
          <osmand:speed>3.4</osmand:speed>
        </extensions>
      </trkpt>
      <trkpt lat="48.8359471" lon="2.3219135">
        <ele>110.7</ele>
        <time>2026-02-05T20:35:06Z</time>
        <hdop>4.5</hdop>
        <extensions>
          <osmand:provider>fused</osmand:provider>
          <osmand:heading>352.0</osmand:heading>
          <osmand:speed>3.9</osmand:speed>
        </extensions>
      </trkpt>
      <trkpt lat="48.8359916" lon="2.3219238">
        <ele>110.7</ele>
        <time>2026-02-05T20:35:07Z</time>
        <hdop>4.4</hdop>
        <extensions>
          <osmand:provider>fused</osmand:provider>
          <osmand:heading>355.0</osmand:heading>
          <osmand:speed>5.9</osmand:speed>
        </extensions>
      </trkpt>
      <trkpt lat="48.8360458" lon="2.3219724">
        <ele>110.7</ele>
        <time>2026-02-05T20:35:08Z</time>
        <hdop>4.3</hdop>
        <extensions>
          <osmand:provider>fused</osmand:provider>
          <osmand:heading>360.0</osmand:heading>
          <osmand:speed>6.7</osmand:speed>
        </extensions>
      </trkpt>
      <trkpt lat="48.8360944" lon="2.3220344">
        <ele>110.7</ele>
        <time>2026-02-05T20:35:09Z</time>
        <hdop>4.1</hdop>
        <extensions>
          <osmand:provider>fused</osmand:provider>
          <osmand:heading>8.0</osmand:heading>
          <osmand:speed>7.5</osmand:speed>
        </extensions>
      </trkpt>
      <trkpt lat="48.8361381" lon="2.3221117">
        <ele>110.7</ele>
        <time>2026-02-05T20:35:10Z</time>
        <hdop>4.1</hdop>
        <extensions>
          <osmand:provider>fused</osmand:provider>
          <osmand:heading>13.0</osmand:heading>
          <osmand:speed>8</osmand:speed>
        </extensions>
      </trkpt>
      <trkpt lat="48.8361816" lon="2.3222011">
        <ele>110.7</ele>
        <time>2026-02-05T20:35:11Z</time>
        <hdop>3.9</hdop>
        <extensions>
          <osmand:provider>fused</osmand:provider>
          <osmand:heading>15.0</osmand:heading>
          <osmand:speed>7.9</osmand:speed>
        </extensions>
      </trkpt>
      <trkpt lat="48.8362204" lon="2.3222946">
        <ele>110.7</ele>
        <time>2026-02-05T20:35:12Z</time>
        <hdop>3.8</hdop>
        <extensions>
          <osmand:provider>fused</osmand:provider>
          <osmand:heading>18.0</osmand:heading>
          <osmand:speed>8.6</osmand:speed>
        </extensions>
      </trkpt>
      <trkpt lat="48.8362638" lon="2.3223897">
        <ele>110.7</ele>
        <time>2026-02-05T20:35:13Z</time>
        <hdop>3.6</hdop>
        <extensions>
          <osmand:provider>fused</osmand:provider>
          <osmand:heading>19.0</osmand:heading>
          <osmand:speed>8.1</osmand:speed>
        </extensions>
      </trkpt>
      <trkpt lat="48.836323" lon="2.3224656">
        <ele>110.7</ele>
        <time>2026-02-05T20:35:14Z</time>
        <hdop>3.6</hdop>
        <extensions>
          <osmand:provider>fused</osmand:provider>
          <osmand:heading>19.0</osmand:heading>
          <osmand:speed>7.7</osmand:speed>
        </extensions>
      </trkpt>
      <trkpt lat="48.8363733" lon="2.3225345">
        <ele>110.7</ele>
        <time>2026-02-05T20:35:15Z</time>
        <hdop>3.4</hdop>
        <extensions>
          <osmand:provider>fused</osmand:provider>
          <osmand:heading>19.0</osmand:heading>
          <osmand:speed>7.3</osmand:speed>
        </extensions>
      </trkpt>
      <trkpt lat="48.8364138" lon="2.3226107">
        <ele>110.7</ele>
        <time>2026-02-05T20:35:16Z</time>
        <hdop>3.3</hdop>
        <extensions>
          <osmand:provider>fused</osmand:provider>
          <osmand:heading>19.0</osmand:heading>
          <osmand:speed>7</osmand:speed>
        </extensions>
      </trkpt>
      <trkpt lat="48.8364547" lon="2.3226894">
        <ele>110.7</ele>
        <time>2026-02-05T20:35:17Z</time>
        <hdop>3.3</hdop>
        <extensions>
          <osmand:provider>fused</osmand:provider>
          <osmand:heading>20.0</osmand:heading>
          <osmand:speed>6.7</osmand:speed>
        </extensions>
      </trkpt>
      <trkpt lat="48.8364908" lon="2.3227615">
        <ele>110.7</ele>
        <time>2026-02-05T20:35:18Z</time>
        <hdop>3.2</hdop>
        <extensions>
          <osmand:provider>fused</osmand:provider>
          <osmand:heading>19.0</osmand:heading>
          <osmand:speed>6.5</osmand:speed>
        </extensions>
      </trkpt>
      <trkpt lat="48.8365342" lon="2.3228321">
        <ele>110.7</ele>
        <time>2026-02-05T20:35:19Z</time>
        <hdop>3.1</hdop>
        <extensions>
          <osmand:provider>fused</osmand:provider>
          <osmand:heading>19.0</osmand:heading>
          <osmand:speed>7.4</osmand:speed>
        </extensions>
      </trkpt>
      <trkpt lat="48.8365815" lon="2.3229067">
        <ele>109.8</ele>
        <time>2026-02-05T20:35:20Z</time>
        <hdop>3.1</hdop>
        <extensions>
          <osmand:provider>fused</osmand:provider>
          <osmand:heading>21.0</osmand:heading>
          <osmand:speed>7.6</osmand:speed>
        </extensions>
      </trkpt>
      <trkpt lat="48.8366258" lon="2.3229844">
        <ele>109.8</ele>
        <time>2026-02-05T20:35:21Z</time>
        <hdop>3.1</hdop>
        <extensions>
          <osmand:provider>fused</osmand:provider>
          <osmand:heading>22.0</osmand:heading>
          <osmand:speed>7.7</osmand:speed>
        </extensions>
      </trkpt>
      <trkpt lat="48.8366668" lon="2.3230595">
        <ele>109.8</ele>
        <time>2026-02-05T20:35:22Z</time>
        <hdop>3.1</hdop>
        <extensions>
          <osmand:provider>fused</osmand:provider>
          <osmand:heading>23.0</osmand:heading>
          <osmand:speed>7.5</osmand:speed>
        </extensions>
      </trkpt>
      <trkpt lat="48.8367205" lon="2.3231213">
        <ele>109.8</ele>
        <time>2026-02-05T20:35:23Z</time>
        <hdop>3</hdop>
        <extensions>
          <osmand:provider>fused</osmand:provider>
          <osmand:heading>24.0</osmand:heading>
          <osmand:speed>6.8</osmand:speed>
        </extensions>
      </trkpt>
      <trkpt lat="48.8367663" lon="2.3231828">
        <ele>109.8</ele>
        <time>2026-02-05T20:35:24Z</time>
        <hdop>3</hdop>
        <extensions>
          <osmand:provider>fused</osmand:provider>
          <osmand:heading>24.0</osmand:heading>
          <osmand:speed>6.4</osmand:speed>
        </extensions>
      </trkpt>
      <trkpt lat="48.8368033" lon="2.3232351">
        <ele>109.8</ele>
        <time>2026-02-05T20:35:25Z</time>
        <hdop>3</hdop>
        <extensions>
          <osmand:provider>fused</osmand:provider>
          <osmand:heading>23.0</osmand:heading>
          <osmand:speed>5.9</osmand:speed>
        </extensions>
      </trkpt>
      <trkpt lat="48.8368436" lon="2.323262">
        <ele>109.8</ele>
        <time>2026-02-05T20:35:26Z</time>
        <hdop>3</hdop>
        <extensions>
          <osmand:provider>fused</osmand:provider>
          <osmand:heading>18.0</osmand:heading>
          <osmand:speed>5.3</osmand:speed>
        </extensions>
      </trkpt>
      <trkpt lat="48.8368899" lon="2.3232588">
        <ele>109.8</ele>
        <time>2026-02-05T20:35:27Z</time>
        <hdop>3</hdop>
        <extensions>
          <osmand:provider>fused</osmand:provider>
          <osmand:heading>13.0</osmand:heading>
          <osmand:speed>4.6</osmand:speed>
        </extensions>
      </trkpt>
      <trkpt lat="48.8369443" lon="2.3232579">
        <ele>109.8</ele>
        <time>2026-02-05T20:35:28Z</time>
        <hdop>3</hdop>
        <extensions>
          <osmand:provider>fused</osmand:provider>
          <osmand:heading>4.0</osmand:heading>
          <osmand:speed>4.8</osmand:speed>
        </extensions>
      </trkpt>
      <trkpt lat="48.8369854" lon="2.323245">
        <ele>109.8</ele>
        <time>2026-02-05T20:35:29Z</time>
        <hdop>3</hdop>
        <extensions>
          <osmand:provider>fused</osmand:provider>
          <osmand:heading>357.0</osmand:heading>
          <osmand:speed>4</osmand:speed>
        </extensions>
      </trkpt>
      <trkpt lat="48.8370145" lon="2.32322">
        <ele>109.6</ele>
        <time>2026-02-05T20:35:30Z</time>
        <hdop>3</hdop>
        <extensions>
          <osmand:provider>fused</osmand:provider>
          <osmand:heading>354.0</osmand:heading>
          <osmand:speed>3.4</osmand:speed>
        </extensions>
      </trkpt>
      <trkpt lat="48.8370344" lon="2.3231984">
        <ele>109.6</ele>
        <time>2026-02-05T20:35:31Z</time>
        <hdop>3</hdop>
        <extensions>
          <osmand:provider>fused</osmand:provider>
          <osmand:heading>351.0</osmand:heading>
          <osmand:speed>2.3</osmand:speed>
        </extensions>
      </trkpt>
      <trkpt lat="48.8370507" lon="2.3231908">
        <ele>109.6</ele>
        <time>2026-02-05T20:35:32Z</time>
        <hdop>3</hdop>
        <extensions>
          <osmand:provider>fused</osmand:provider>
          <osmand:heading>349.0</osmand:heading>
          <osmand:speed>1.5</osmand:speed>
        </extensions>
      </trkpt>
      <trkpt lat="48.8370587" lon="2.323189">
        <ele>109.6</ele>
        <time>2026-02-05T20:35:33Z</time>
        <hdop>3</hdop>
        <extensions>
          <osmand:provider>fused</osmand:provider>
          <osmand:heading>348.0</osmand:heading>
          <osmand:speed>1</osmand:speed>
        </extensions>
      </trkpt>
      <trkpt lat="48.8370637" lon="2.3231812">
        <ele>109.6</ele>
        <time>2026-02-05T20:35:34Z</time>
        <hdop>3</hdop>
        <extensions>
          <osmand:provider>fused</osmand:provider>
          <osmand:heading>348.0</osmand:heading>
          <osmand:speed>0</osmand:speed>
        </extensions>
      </trkpt>
      <trkpt lat="48.8370601" lon="2.3231744">
        <ele>109.6</ele>
        <time>2026-02-05T20:35:35Z</time>
        <hdop>3</hdop>
        <extensions>
          <osmand:provider>fused</osmand:provider>
          <osmand:heading>347.0</osmand:heading>
          <osmand:speed>0.2</osmand:speed>
        </extensions>
      </trkpt>
      <trkpt lat="48.8370603" lon="2.3231741">
        <ele>109.5</ele>
        <time>2026-02-05T20:35:36Z</time>
        <hdop>3</hdop>
        <extensions>
          <osmand:provider>fused</osmand:provider>
          <osmand:heading>347.0</osmand:heading>
        </extensions>
      </trkpt>
      <trkpt lat="48.8370596" lon="2.3231728">
        <ele>109.5</ele>
        <time>2026-02-05T20:35:37Z</time>
        <hdop>3</hdop>
        <extensions>
          <osmand:provider>fused</osmand:provider>
          <osmand:heading>347.0</osmand:heading>
          <osmand:speed>0.2</osmand:speed>
        </extensions>
      </trkpt>
      <trkpt lat="48.8370621" lon="2.3231667">
        <ele>109.5</ele>
        <time>2026-02-05T20:35:38Z</time>
        <hdop>2.9</hdop>
        <extensions>
          <osmand:provider>fused</osmand:provider>
          <osmand:heading>347.0</osmand:heading>
          <osmand:speed>0.2</osmand:speed>
        </extensions>
      </trkpt>
      <trkpt lat="48.8370675" lon="2.3231569">
        <ele>109.5</ele>
        <time>2026-02-05T20:35:39Z</time>
        <hdop>2.8</hdop>
        <extensions>
          <osmand:provider>fused</osmand:provider>
          <osmand:heading>346.0</osmand:heading>
          <osmand:speed>1.2</osmand:speed>
        </extensions>
      </trkpt>
      <trkpt lat="48.8370754" lon="2.3231453">
        <ele>109.5</ele>
        <time>2026-02-05T20:35:40Z</time>
        <hdop>2.7</hdop>
        <extensions>
          <osmand:provider>fused</osmand:provider>
          <osmand:heading>346.0</osmand:heading>
          <osmand:speed>1.5</osmand:speed>
        </extensions>
      </trkpt>
      <trkpt lat="48.8370869" lon="2.323141">
        <ele>109.5</ele>
        <time>2026-02-05T20:35:41Z</time>
        <hdop>2.6</hdop>
        <extensions>
          <osmand:provider>fused</osmand:provider>
          <osmand:heading>346.0</osmand:heading>
          <osmand:speed>1.7</osmand:speed>
        </extensions>
      </trkpt>
      <trkpt lat="48.8370994" lon="2.3231304">
        <ele>109.5</ele>
        <time>2026-02-05T20:35:42Z</time>
        <hdop>2.6</hdop>
        <extensions>
          <osmand:provider>fused</osmand:provider>
          <osmand:heading>346.0</osmand:heading>
          <osmand:speed>1.8</osmand:speed>
        </extensions>
      </trkpt>
      <trkpt lat="48.8371137" lon="2.32312">
        <ele>109.5</ele>
        <time>2026-02-05T20:35:43Z</time>
        <hdop>2.6</hdop>
        <extensions>
          <osmand:provider>fused</osmand:provider>
          <osmand:heading>346.0</osmand:heading>
          <osmand:speed>2.2</osmand:speed>
        </extensions>
      </trkpt>
      <trkpt lat="48.837132" lon="2.3231026">
        <ele>109.5</ele>
        <time>2026-02-05T20:35:44Z</time>
        <hdop>2.7</hdop>
        <extensions>
          <osmand:provider>fused</osmand:provider>
          <osmand:heading>345.0</osmand:heading>
          <osmand:speed>2.3</osmand:speed>
        </extensions>
      </trkpt>
      <trkpt lat="48.8371605" lon="2.3230896">
        <ele>109.5</ele>
        <time>2026-02-05T20:35:45Z</time>
        <hdop>2.8</hdop>
        <extensions>
          <osmand:provider>fused</osmand:provider>
          <osmand:heading>345.0</osmand:heading>
          <osmand:speed>3.4</osmand:speed>
        </extensions>
      </trkpt>
      <trkpt lat="48.8371991" lon="2.3230678">
        <ele>109.5</ele>
        <time>2026-02-05T20:35:46Z</time>
        <hdop>2.9</hdop>
        <extensions>
          <osmand:provider>fused</osmand:provider>
          <osmand:heading>344.0</osmand:heading>
          <osmand:speed>4.3</osmand:speed>
        </extensions>
      </trkpt>
      <trkpt lat="48.837252" lon="2.3230407">
        <ele>109.5</ele>
        <time>2026-02-05T20:35:47Z</time>
        <hdop>3</hdop>
        <extensions>
          <osmand:provider>fused</osmand:provider>
          <osmand:heading>344.0</osmand:heading>
          <osmand:speed>4.9</osmand:speed>
        </extensions>
      </trkpt>
      <trkpt lat="48.8373071" lon="2.323024">
        <ele>109.5</ele>
        <time>2026-02-05T20:35:48Z</time>
        <hdop>3</hdop>
        <extensions>
          <osmand:provider>fused</osmand:provider>
          <osmand:heading>341.0</osmand:heading>
          <osmand:speed>5</osmand:speed>
        </extensions>
      </trkpt>
      <trkpt lat="48.8373728" lon="2.3230127">
        <ele>108.9</ele>
        <time>2026-02-05T20:35:49Z</time>
        <hdop>3</hdop>
        <extensions>
          <osmand:provider>fused</osmand:provider>
          <osmand:heading>341.0</osmand:heading>
          <osmand:speed>5.6</osmand:speed>
        </extensions>
      </trkpt>
      <trkpt lat="48.8374297" lon="2.3230012">
        <ele>108.9</ele>
        <time>2026-02-05T20:35:50Z</time>
        <hdop>3</hdop>
        <extensions>
          <osmand:provider>fused</osmand:provider>
          <osmand:heading>343.0</osmand:heading>
          <osmand:speed>6.5</osmand:speed>
        </extensions>
      </trkpt>
      <trkpt lat="48.8374918" lon="2.3229702">
        <ele>108.9</ele>
        <time>2026-02-05T20:35:51Z</time>
        <hdop>2.9</hdop>
        <extensions>
          <osmand:provider>fused</osmand:provider>
          <osmand:heading>345.0</osmand:heading>
          <osmand:speed>6.8</osmand:speed>
        </extensions>
      </trkpt>
      <trkpt lat="48.8375579" lon="2.3229332">
        <ele>108.9</ele>
        <time>2026-02-05T20:35:52Z</time>
        <hdop>2.8</hdop>
        <extensions>
          <osmand:provider>fused</osmand:provider>
          <osmand:heading>345.0</osmand:heading>
          <osmand:speed>6.9</osmand:speed>
        </extensions>
      </trkpt>
      <trkpt lat="48.8376275" lon="2.322912">
        <ele>108.9</ele>
        <time>2026-02-05T20:35:53Z</time>
        <hdop>2.7</hdop>
        <extensions>
          <osmand:provider>fused</osmand:provider>
          <osmand:heading>346.0</osmand:heading>
          <osmand:speed>7.5</osmand:speed>
        </extensions>
      </trkpt>
      <trkpt lat="48.8377033" lon="2.3228855">
        <ele>108.9</ele>
        <time>2026-02-05T20:35:54Z</time>
        <hdop>2.6</hdop>
        <extensions>
          <osmand:provider>fused</osmand:provider>
          <osmand:heading>346.0</osmand:heading>
          <osmand:speed>6.9</osmand:speed>
        </extensions>
      </trkpt>
      <trkpt lat="48.8377718" lon="2.3228599">
        <ele>108.9</ele>
        <time>2026-02-05T20:35:55Z</time>
        <hdop>2.6</hdop>
        <extensions>
          <osmand:provider>fused</osmand:provider>
          <osmand:heading>346.0</osmand:heading>
          <osmand:speed>6.9</osmand:speed>
        </extensions>
      </trkpt>
      <trkpt lat="48.8378373" lon="2.3228403">
        <ele>108.9</ele>
        <time>2026-02-05T20:35:56Z</time>
        <hdop>2.5</hdop>
        <extensions>
          <osmand:provider>fused</osmand:provider>
          <osmand:heading>347.0</osmand:heading>
          <osmand:speed>7.1</osmand:speed>
        </extensions>
      </trkpt>
      <trkpt lat="48.8379069" lon="2.3228043">
        <ele>108.9</ele>
        <time>2026-02-05T20:35:57Z</time>
        <hdop>2.5</hdop>
        <extensions>
          <osmand:provider>fused</osmand:provider>
          <osmand:heading>347.0</osmand:heading>
          <osmand:speed>7.6</osmand:speed>
        </extensions>
      </trkpt>
      <trkpt lat="48.8379749" lon="2.3227658">
        <ele>108.9</ele>
        <time>2026-02-05T20:35:58Z</time>
        <hdop>2.4</hdop>
        <extensions>
          <osmand:provider>fused</osmand:provider>
          <osmand:heading>346.0</osmand:heading>
          <osmand:speed>7.9</osmand:speed>
        </extensions>
      </trkpt>
      <trkpt lat="48.8380418" lon="2.3227368">
        <ele>108.9</ele>
        <time>2026-02-05T20:35:59Z</time>
        <hdop>2.3</hdop>
        <extensions>
          <osmand:provider>fused</osmand:provider>
          <osmand:heading>345.0</osmand:heading>
          <osmand:speed>7.7</osmand:speed>
        </extensions>
      </trkpt>
      <trkpt lat="48.8381144" lon="2.3227122">
        <ele>108.9</ele>
        <time>2026-02-05T20:36:00Z</time>
        <hdop>2.2</hdop>
        <extensions>
          <osmand:provider>fused</osmand:provider>
          <osmand:heading>345.0</osmand:heading>
          <osmand:speed>7.7</osmand:speed>
        </extensions>
      </trkpt>
      <trkpt lat="48.8381762" lon="2.322681">
        <ele>108.9</ele>
        <time>2026-02-05T20:36:01Z</time>
        <hdop>2.2</hdop>
        <extensions>
          <osmand:provider>fused</osmand:provider>
          <osmand:heading>344.0</osmand:heading>
          <osmand:speed>7.4</osmand:speed>
        </extensions>
      </trkpt>
      <trkpt lat="48.83824" lon="2.3226545">
        <ele>108.9</ele>
        <time>2026-02-05T20:36:02Z</time>
        <hdop>2.2</hdop>
        <extensions>
          <osmand:provider>fused</osmand:provider>
          <osmand:heading>343.0</osmand:heading>
          <osmand:speed>6.9</osmand:speed>
        </extensions>
      </trkpt>
      <trkpt lat="48.8382968" lon="2.3226363">
        <ele>108.9</ele>
        <time>2026-02-05T20:36:03Z</time>
        <hdop>2.3</hdop>
        <extensions>
          <osmand:provider>fused</osmand:provider>
          <osmand:heading>342.0</osmand:heading>
          <osmand:speed>6.5</osmand:speed>
        </extensions>
      </trkpt>
      <trkpt lat="48.8383552" lon="2.3226142">
        <ele>108.9</ele>
        <time>2026-02-05T20:36:04Z</time>
        <hdop>2.3</hdop>
        <extensions>
          <osmand:provider>fused</osmand:provider>
          <osmand:heading>342.0</osmand:heading>
          <osmand:speed>6.8</osmand:speed>
        </extensions>
      </trkpt>
      <trkpt lat="48.8384212" lon="2.3225965">
        <ele>108.9</ele>
        <time>2026-02-05T20:36:05Z</time>
        <hdop>2.4</hdop>
        <extensions>
          <osmand:provider>fused</osmand:provider>
          <osmand:heading>343.0</osmand:heading>
          <osmand:speed>7</osmand:speed>
        </extensions>
      </trkpt>
      <trkpt lat="48.8384894" lon="2.3225759">
        <ele>108.9</ele>
        <time>2026-02-05T20:36:06Z</time>
        <hdop>2.5</hdop>
        <extensions>
          <osmand:provider>fused</osmand:provider>
          <osmand:heading>347.0</osmand:heading>
          <osmand:speed>7.5</osmand:speed>
        </extensions>
      </trkpt>
      <trkpt lat="48.8385638" lon="2.3225509">
        <ele>108.9</ele>
        <time>2026-02-05T20:36:07Z</time>
        <hdop>2.5</hdop>
        <extensions>
          <osmand:provider>fused</osmand:provider>
          <osmand:heading>348.0</osmand:heading>
          <osmand:speed>8</osmand:speed>
        </extensions>
      </trkpt>
      <trkpt lat="48.8386382" lon="2.3225172">
        <ele>108.9</ele>
        <time>2026-02-05T20:36:08Z</time>
        <hdop>2.5</hdop>
        <extensions>
          <osmand:provider>fused</osmand:provider>
          <osmand:heading>348.0</osmand:heading>
          <osmand:speed>9.2</osmand:speed>
        </extensions>
      </trkpt>
      <trkpt lat="48.8387217" lon="2.3224805">
        <ele>108.9</ele>
        <time>2026-02-05T20:36:09Z</time>
        <hdop>2.5</hdop>
        <extensions>
          <osmand:provider>fused</osmand:provider>
          <osmand:heading>348.0</osmand:heading>
          <osmand:speed>9.5</osmand:speed>
        </extensions>
      </trkpt>
      <trkpt lat="48.8388099" lon="2.3224502">
        <ele>107.3</ele>
        <time>2026-02-05T20:36:10Z</time>
        <hdop>2.4</hdop>
        <extensions>
          <osmand:provider>fused</osmand:provider>
          <osmand:heading>346.0</osmand:heading>
          <osmand:speed>9.6</osmand:speed>
        </extensions>
      </trkpt>
      <trkpt lat="48.8388979" lon="2.3224271">
        <ele>107.2</ele>
        <time>2026-02-05T20:36:11Z</time>
        <hdop>2.4</hdop>
        <extensions>
          <osmand:provider>fused</osmand:provider>
          <osmand:heading>345.0</osmand:heading>
          <osmand:speed>9.4</osmand:speed>
        </extensions>
      </trkpt>
      <trkpt lat="48.8389782" lon="2.3224007">
        <ele>107.1</ele>
        <time>2026-02-05T20:36:12Z</time>
        <hdop>2.4</hdop>
        <extensions>
          <osmand:provider>fused</osmand:provider>
          <osmand:heading>345.0</osmand:heading>
          <osmand:speed>9.1</osmand:speed>
        </extensions>
      </trkpt>
      <trkpt lat="48.8390604" lon="2.3223727">
        <ele>107</ele>
        <time>2026-02-05T20:36:13Z</time>
        <hdop>2.4</hdop>
        <extensions>
          <osmand:provider>fused</osmand:provider>
          <osmand:heading>347.0</osmand:heading>
          <osmand:speed>8.8</osmand:speed>
        </extensions>
      </trkpt>
      <trkpt lat="48.8391429" lon="2.3223437">
        <ele>106.8</ele>
        <time>2026-02-05T20:36:14Z</time>
        <hdop>2.4</hdop>
        <extensions>
          <osmand:provider>fused</osmand:provider>
          <osmand:heading>346.0</osmand:heading>
          <osmand:speed>8.8</osmand:speed>
        </extensions>
      </trkpt>
      <trkpt lat="48.8392103" lon="2.3223123">
        <ele>105</ele>
        <time>2026-02-05T20:36:15Z</time>
        <hdop>2.4</hdop>
        <extensions>
          <osmand:provider>fused</osmand:provider>
          <osmand:heading>347.0</osmand:heading>
          <osmand:speed>8.6</osmand:speed>
        </extensions>
      </trkpt>
      <trkpt lat="48.8392839" lon="2.3222836">
        <ele>105</ele>
        <time>2026-02-05T20:36:16Z</time>
        <hdop>2.5</hdop>
        <extensions>
          <osmand:provider>fused</osmand:provider>
          <osmand:heading>346.0</osmand:heading>
          <osmand:speed>8.5</osmand:speed>
        </extensions>
      </trkpt>
      <trkpt lat="48.8393537" lon="2.3222527">
        <ele>105</ele>
        <time>2026-02-05T20:36:17Z</time>
        <hdop>2.5</hdop>
        <extensions>
          <osmand:provider>fused</osmand:provider>
          <osmand:heading>346.0</osmand:heading>
          <osmand:speed>8.4</osmand:speed>
        </extensions>
      </trkpt>
      <trkpt lat="48.8394242" lon="2.3222212">
        <ele>105</ele>
        <time>2026-02-05T20:36:18Z</time>
        <hdop>2.5</hdop>
        <extensions>
          <osmand:provider>fused</osmand:provider>
          <osmand:heading>346.0</osmand:heading>
          <osmand:speed>8.2</osmand:speed>
        </extensions>
      </trkpt>
      <trkpt lat="48.8394913" lon="2.322202">
        <ele>105</ele>
        <time>2026-02-05T20:36:19Z</time>
        <hdop>2.5</hdop>
        <extensions>
          <osmand:provider>fused</osmand:provider>
          <osmand:heading>346.0</osmand:heading>
          <osmand:speed>8</osmand:speed>
        </extensions>
      </trkpt>
      <trkpt lat="48.8395597" lon="2.3221769">
        <ele>105</ele>
        <time>2026-02-05T20:36:20Z</time>
        <hdop>2.5</hdop>
        <extensions>
          <osmand:provider>fused</osmand:provider>
          <osmand:heading>346.0</osmand:heading>
          <osmand:speed>7.9</osmand:speed>
        </extensions>
      </trkpt>
      <trkpt lat="48.839625" lon="2.3221416">
        <ele>105</ele>
        <time>2026-02-05T20:36:21Z</time>
        <hdop>2.4</hdop>
        <extensions>
          <osmand:provider>fused</osmand:provider>
          <osmand:heading>346.0</osmand:heading>
          <osmand:speed>7.8</osmand:speed>
        </extensions>
      </trkpt>
      <trkpt lat="48.8396917" lon="2.3221183">
        <ele>105</ele>
        <time>2026-02-05T20:36:22Z</time>
        <hdop>2.4</hdop>
        <extensions>
          <osmand:provider>fused</osmand:provider>
          <osmand:heading>346.0</osmand:heading>
          <osmand:speed>7.5</osmand:speed>
        </extensions>
      </trkpt>
      <trkpt lat="48.8397591" lon="2.3220894">
        <ele>105</ele>
        <time>2026-02-05T20:36:23Z</time>
        <hdop>2.3</hdop>
        <extensions>
          <osmand:provider>fused</osmand:provider>
          <osmand:heading>345.0</osmand:heading>
          <osmand:speed>7.4</osmand:speed>
        </extensions>
      </trkpt>
      <trkpt lat="48.8398291" lon="2.3220665">
        <ele>105</ele>
        <time>2026-02-05T20:36:24Z</time>
        <hdop>2.2</hdop>
        <extensions>
          <osmand:provider>fused</osmand:provider>
          <osmand:heading>345.0</osmand:heading>
          <osmand:speed>8.1</osmand:speed>
        </extensions>
      </trkpt>
      <trkpt lat="48.8399031" lon="2.3220337">
        <ele>103.3</ele>
        <time>2026-02-05T20:36:25Z</time>
        <hdop>2.2</hdop>
        <extensions>
          <osmand:provider>fused</osmand:provider>
          <osmand:heading>347.0</osmand:heading>
          <osmand:speed>8.8</osmand:speed>
        </extensions>
      </trkpt>
      <trkpt lat="48.8399806" lon="2.322006">
        <ele>103.1</ele>
        <time>2026-02-05T20:36:26Z</time>
        <hdop>2.2</hdop>
        <extensions>
          <osmand:provider>fused</osmand:provider>
          <osmand:heading>346.0</osmand:heading>
          <osmand:speed>9.5</osmand:speed>
        </extensions>
      </trkpt>
      <trkpt lat="48.8400653" lon="2.3219639">
        <ele>103</ele>
        <time>2026-02-05T20:36:27Z</time>
        <hdop>2.3</hdop>
        <extensions>
          <osmand:provider>fused</osmand:provider>
          <osmand:heading>344.0</osmand:heading>
          <osmand:speed>10.4</osmand:speed>
        </extensions>
      </trkpt>
      <trkpt lat="48.8401593" lon="2.3219241">
        <ele>102.9</ele>
        <time>2026-02-05T20:36:28Z</time>
        <hdop>2.5</hdop>
        <extensions>
          <osmand:provider>fused</osmand:provider>
          <osmand:heading>344.0</osmand:heading>
          <osmand:speed>10.7</osmand:speed>
        </extensions>
      </trkpt>
      <trkpt lat="48.8402483" lon="2.3218804">
        <ele>102.8</ele>
        <time>2026-02-05T20:36:29Z</time>
        <hdop>2.5</hdop>
        <extensions>
          <osmand:provider>fused</osmand:provider>
          <osmand:heading>344.0</osmand:heading>
          <osmand:speed>10.6</osmand:speed>
        </extensions>
      </trkpt>
      <trkpt lat="48.8403435" lon="2.3218416">
        <ele>102.7</ele>
        <time>2026-02-05T20:36:30Z</time>
        <hdop>2.6</hdop>
        <extensions>
          <osmand:provider>fused</osmand:provider>
          <osmand:heading>344.0</osmand:heading>
          <osmand:speed>10.6</osmand:speed>
        </extensions>
      </trkpt>
      <trkpt lat="48.8404354" lon="2.3218119">
        <ele>101.2</ele>
        <time>2026-02-05T20:36:31Z</time>
        <hdop>2.6</hdop>
        <extensions>
          <osmand:provider>fused</osmand:provider>
          <osmand:heading>346.0</osmand:heading>
          <osmand:speed>10</osmand:speed>
        </extensions>
      </trkpt>
      <trkpt lat="48.8405225" lon="2.3217843">
        <ele>101.2</ele>
        <time>2026-02-05T20:36:32Z</time>
        <hdop>2.7</hdop>
        <extensions>
          <osmand:provider>fused</osmand:provider>
          <osmand:heading>348.0</osmand:heading>
          <osmand:speed>9.3</osmand:speed>
        </extensions>
      </trkpt>
      <trkpt lat="48.8405999" lon="2.32177">
        <ele>101.2</ele>
        <time>2026-02-05T20:36:33Z</time>
        <hdop>2.7</hdop>
        <extensions>
          <osmand:provider>fused</osmand:provider>
          <osmand:heading>350.0</osmand:heading>
          <osmand:speed>8.4</osmand:speed>
        </extensions>
      </trkpt>
      <trkpt lat="48.8406739" lon="2.3217562">
        <ele>101.2</ele>
        <time>2026-02-05T20:36:34Z</time>
        <hdop>2.6</hdop>
        <extensions>
          <osmand:provider>fused</osmand:provider>
          <osmand:heading>351.0</osmand:heading>
          <osmand:speed>7.7</osmand:speed>
        </extensions>
      </trkpt>
      <trkpt lat="48.8407351" lon="2.3217366">
        <ele>101.2</ele>
        <time>2026-02-05T20:36:35Z</time>
        <hdop>2.6</hdop>
        <extensions>
          <osmand:provider>fused</osmand:provider>
          <osmand:heading>352.0</osmand:heading>
          <osmand:speed>6.8</osmand:speed>
        </extensions>
      </trkpt>
      <trkpt lat="48.840795" lon="2.321726">
        <ele>101.2</ele>
        <time>2026-02-05T20:36:36Z</time>
        <hdop>2.6</hdop>
        <extensions>
          <osmand:provider>fused</osmand:provider>
          <osmand:heading>352.0</osmand:heading>
          <osmand:speed>6.1</osmand:speed>
        </extensions>
      </trkpt>
      <trkpt lat="48.8408463" lon="2.3217173">
        <ele>101.2</ele>
        <time>2026-02-05T20:36:37Z</time>
        <hdop>2.6</hdop>
        <extensions>
          <osmand:provider>fused</osmand:provider>
          <osmand:heading>351.0</osmand:heading>
          <osmand:speed>4.9</osmand:speed>
        </extensions>
      </trkpt>
      <trkpt lat="48.8408875" lon="2.321705">
        <ele>101.2</ele>
        <time>2026-02-05T20:36:38Z</time>
        <hdop>2.5</hdop>
        <extensions>
          <osmand:provider>fused</osmand:provider>
          <osmand:heading>351.0</osmand:heading>
          <osmand:speed>3.8</osmand:speed>
        </extensions>
      </trkpt>
      <trkpt lat="48.8409129" lon="2.3216934">
        <ele>99.1</ele>
        <time>2026-02-05T20:36:39Z</time>
        <hdop>2.5</hdop>
        <extensions>
          <osmand:provider>fused</osmand:provider>
          <osmand:heading>351.0</osmand:heading>
          <osmand:speed>2.6</osmand:speed>
        </extensions>
      </trkpt>
      <trkpt lat="48.8409282" lon="2.3216851">
        <ele>98.7</ele>
        <time>2026-02-05T20:36:40Z</time>
        <hdop>2.6</hdop>
        <extensions>
          <osmand:provider>fused</osmand:provider>
          <osmand:heading>350.0</osmand:heading>
          <osmand:speed>1.5</osmand:speed>
        </extensions>
      </trkpt>
      <trkpt lat="48.8409384" lon="2.3216844">
        <ele>99.9</ele>
        <time>2026-02-05T20:36:41Z</time>
        <hdop>2.6</hdop>
        <extensions>
          <osmand:provider>fused</osmand:provider>
          <osmand:heading>350.0</osmand:heading>
          <osmand:speed>0.8</osmand:speed>
        </extensions>
      </trkpt>
      <trkpt lat="48.8409385" lon="2.3216757">
        <ele>99.9</ele>
        <time>2026-02-05T20:36:42Z</time>
        <hdop>2.7</hdop>
        <extensions>
          <osmand:provider>fused</osmand:provider>
          <osmand:heading>350.0</osmand:heading>
          <osmand:speed>0.2</osmand:speed>
        </extensions>
      </trkpt>
      <trkpt lat="48.8409363" lon="2.3216728">
        <ele>99.9</ele>
        <time>2026-02-05T20:36:43Z</time>
        <hdop>2.8</hdop>
        <extensions>
          <osmand:provider>fused</osmand:provider>
          <osmand:heading>349.0</osmand:heading>
          <osmand:speed>0.2</osmand:speed>
        </extensions>
      </trkpt>
      <trkpt lat="48.840936" lon="2.3216726">
        <ele>99.9</ele>
        <time>2026-02-05T20:36:44Z</time>
        <hdop>2.9</hdop>
        <extensions>
          <osmand:provider>fused</osmand:provider>
          <osmand:heading>349.0</osmand:heading>
        </extensions>
      </trkpt>
      <trkpt lat="48.840936" lon="2.3216724">
        <ele>99.9</ele>
        <time>2026-02-05T20:36:45Z</time>
        <hdop>2.9</hdop>
        <extensions>
          <osmand:provider>fused</osmand:provider>
          <osmand:heading>349.0</osmand:heading>
        </extensions>
      </trkpt>
      <trkpt lat="48.8409374" lon="2.3216666">
        <ele>99.9</ele>
        <time>2026-02-05T20:36:46Z</time>
        <hdop>3</hdop>
        <extensions>
          <osmand:provider>fused</osmand:provider>
          <osmand:heading>349.0</osmand:heading>
          <osmand:speed>0</osmand:speed>
        </extensions>
      </trkpt>
      <trkpt lat="48.8409376" lon="2.3216669">
        <ele>99.9</ele>
        <time>2026-02-05T20:36:47Z</time>
        <hdop>2.9</hdop>
        <extensions>
          <osmand:provider>fused</osmand:provider>
          <osmand:heading>349.0</osmand:heading>
        </extensions>
      </trkpt>
      <trkpt lat="48.8409376" lon="2.3216672">
        <ele>99.9</ele>
        <time>2026-02-05T20:36:48Z</time>
        <hdop>2.8</hdop>
        <extensions>
          <osmand:provider>fused</osmand:provider>
          <osmand:heading>349.0</osmand:heading>
        </extensions>
      </trkpt>
      <trkpt lat="48.8409373" lon="2.3216677">
        <ele>99.9</ele>
        <time>2026-02-05T20:36:49Z</time>
        <hdop>2.8</hdop>
        <extensions>
          <osmand:provider>fused</osmand:provider>
        </extensions>
      </trkpt>
      <trkpt lat="48.8409371" lon="2.3216685">
        <ele>99.9</ele>
        <time>2026-02-05T20:36:50Z</time>
        <hdop>2.7</hdop>
        <extensions>
          <osmand:provider>fused</osmand:provider>
        </extensions>
      </trkpt>
      <trkpt lat="48.8409362" lon="2.3216832">
        <ele>99.9</ele>
        <time>2026-02-05T20:36:51Z</time>
        <hdop>2.6</hdop>
        <extensions>
          <osmand:provider>fused</osmand:provider>
          <osmand:speed>1</osmand:speed>
        </extensions>
      </trkpt>
      <trkpt lat="48.8409434" lon="2.3216809">
        <ele>99.9</ele>
        <time>2026-02-05T20:36:52Z</time>
        <hdop>2.7</hdop>
        <extensions>
          <osmand:provider>fused</osmand:provider>
          <osmand:speed>0.8</osmand:speed>
        </extensions>
      </trkpt>
      <trkpt lat="48.8409419" lon="2.3216815">
        <ele>99.9</ele>
        <time>2026-02-05T20:36:53Z</time>
        <hdop>3.2</hdop>
        <extensions>
          <osmand:provider>fused</osmand:provider>
          <osmand:speed>0.5</osmand:speed>
        </extensions>
      </trkpt>
      <trkpt lat="48.8409523" lon="2.3216884">
        <ele>99.2</ele>
        <time>2026-02-05T20:36:54Z</time>
        <hdop>4.1</hdop>
        <extensions>
          <osmand:provider>fused</osmand:provider>
          <osmand:speed>1.2</osmand:speed>
        </extensions>
      </trkpt>
      <trkpt lat="48.8409597" lon="2.3217151">
        <ele>99.2</ele>
        <time>2026-02-05T20:36:55Z</time>
        <hdop>4.5</hdop>
        <extensions>
          <osmand:provider>fused</osmand:provider>
          <osmand:speed>1</osmand:speed>
        </extensions>
      </trkpt>
      <trkpt lat="48.8409833" lon="2.3217438">
        <ele>99.2</ele>
        <time>2026-02-05T20:36:56Z</time>
        <hdop>5.8</hdop>
        <extensions>
          <osmand:provider>fused</osmand:provider>
          <osmand:speed>1.2</osmand:speed>
        </extensions>
      </trkpt>
      <trkpt lat="48.8409831" lon="2.3217707">
        <ele>99.2</ele>
        <time>2026-02-05T20:36:57Z</time>
        <hdop>6.5</hdop>
        <extensions>
          <osmand:provider>fused</osmand:provider>
          <osmand:speed>0.1</osmand:speed>
        </extensions>
      </trkpt>
      <trkpt lat="48.8409832" lon="2.321778">
        <ele>99.2</ele>
        <time>2026-02-05T20:36:58Z</time>
        <hdop>6.7</hdop>
        <extensions>
          <osmand:provider>fused</osmand:provider>
          <osmand:speed>0.7</osmand:speed>
        </extensions>
      </trkpt>
      <trkpt lat="48.8409731" lon="2.3217655">
        <ele>99.2</ele>
        <time>2026-02-05T20:36:59Z</time>
        <hdop>7.1</hdop>
        <extensions>
          <osmand:provider>fused</osmand:provider>
          <osmand:speed>1.7</osmand:speed>
        </extensions>
      </trkpt>
      <trkpt lat="48.8409612" lon="2.3217568">
        <ele>99.2</ele>
        <time>2026-02-05T20:37:00Z</time>
        <hdop>7.5</hdop>
        <extensions>
          <osmand:provider>fused</osmand:provider>
          <osmand:speed>0.5</osmand:speed>
        </extensions>
      </trkpt>
      <trkpt lat="48.8409431" lon="2.3217371">
        <ele>99.2</ele>
        <time>2026-02-05T20:37:01Z</time>
        <hdop>7.4</hdop>
        <extensions>
          <osmand:provider>fused</osmand:provider>
          <osmand:speed>0</osmand:speed>
        </extensions>
      </trkpt>
      <trkpt lat="48.8409302" lon="2.3217158">
        <ele>99.2</ele>
        <time>2026-02-05T20:37:02Z</time>
        <hdop>7.3</hdop>
        <extensions>
          <osmand:provider>fused</osmand:provider>
          <osmand:speed>0</osmand:speed>
        </extensions>
      </trkpt>
      <trkpt lat="48.84093" lon="2.3217145">
        <ele>99.2</ele>
        <time>2026-02-05T20:37:03Z</time>
        <hdop>7.5</hdop>
        <extensions>
          <osmand:provider>fused</osmand:provider>
        </extensions>
      </trkpt>
      <trkpt lat="48.8409301" lon="2.3217135">
        <ele>99.2</ele>
        <time>2026-02-05T20:37:04Z</time>
        <hdop>7.6</hdop>
        <extensions>
          <osmand:provider>fused</osmand:provider>
        </extensions>
      </trkpt>
      <trkpt lat="48.8409291" lon="2.3217119">
        <ele>99.2</ele>
        <time>2026-02-05T20:37:05Z</time>
        <hdop>7.5</hdop>
        <extensions>
          <osmand:provider>fused</osmand:provider>
        </extensions>
      </trkpt>
      <trkpt lat="48.8409285" lon="2.3217098">
        <ele>99.2</ele>
        <time>2026-02-05T20:37:06Z</time>
        <hdop>7.8</hdop>
        <extensions>
          <osmand:provider>fused</osmand:provider>
        </extensions>
      </trkpt>
      <trkpt lat="48.8409127" lon="2.3216864">
        <ele>99.7</ele>
        <time>2026-02-05T20:37:07Z</time>
        <hdop>7.8</hdop>
        <extensions>
          <osmand:provider>fused</osmand:provider>
          <osmand:speed>0.1</osmand:speed>
        </extensions>
      </trkpt>
      <trkpt lat="48.8409117" lon="2.3216848">
        <ele>99.7</ele>
        <time>2026-02-05T20:37:08Z</time>
        <hdop>7.8</hdop>
        <extensions>
          <osmand:provider>fused</osmand:provider>
        </extensions>
      </trkpt>
      <trkpt lat="48.8410504" lon="2.3216848">
        <ele>99.7</ele>
        <time>2026-02-05T20:37:09Z</time>
        <hdop>22.5</hdop>
        <extensions>
          <osmand:provider>network</osmand:provider>
          <osmand:heading>343.0</osmand:heading>
        </extensions>
      </trkpt>
      <trkpt lat="48.8408912" lon="2.3216511">
        <ele>92</ele>
        <time>2026-02-05T20:37:14Z</time>
        <hdop>6</hdop>
        <extensions>
          <osmand:provider>gps</osmand:provider>
          <osmand:heading>352.0</osmand:heading>
          <osmand:speed>0.1</osmand:speed>
        </extensions>
      </trkpt>
      <trkpt lat="48.8409272" lon="2.3216755">
        <ele>99.7</ele>
        <time>2026-02-05T20:37:14Z</time>
        <hdop>5.5</hdop>
        <extensions>
          <osmand:provider>fused</osmand:provider>
          <osmand:heading>9.0</osmand:heading>
          <osmand:speed>0.2</osmand:speed>
        </extensions>
      </trkpt>
      <trkpt lat="48.8409312" lon="2.3216967">
        <ele>99.7</ele>
        <time>2026-02-05T20:37:15Z</time>
        <hdop>5.1</hdop>
        <extensions>
          <osmand:provider>fused</osmand:provider>
          <osmand:heading>357.0</osmand:heading>
          <osmand:speed>0.2</osmand:speed>
        </extensions>
      </trkpt>
      <trkpt lat="48.8409335" lon="2.3216907">
        <ele>99.7</ele>
        <time>2026-02-05T20:37:16Z</time>
        <hdop>4.8</hdop>
        <extensions>
          <osmand:provider>fused</osmand:provider>
          <osmand:heading>351.0</osmand:heading>
          <osmand:speed>0.5</osmand:speed>
        </extensions>
      </trkpt>
      <trkpt lat="48.8409333" lon="2.32168">
        <ele>99.7</ele>
        <time>2026-02-05T20:37:17Z</time>
        <hdop>4.7</hdop>
        <extensions>
          <osmand:provider>fused</osmand:provider>
          <osmand:heading>347.0</osmand:heading>
          <osmand:speed>0.2</osmand:speed>
        </extensions>
      </trkpt>
      <trkpt lat="48.8409407" lon="2.3216292">
        <ele>99.7</ele>
        <time>2026-02-05T20:37:18Z</time>
        <hdop>4.4</hdop>
        <extensions>
          <osmand:provider>fused</osmand:provider>
          <osmand:heading>345.0</osmand:heading>
          <osmand:speed>1.5</osmand:speed>
        </extensions>
      </trkpt>
      <trkpt lat="48.8409568" lon="2.3215971">
        <ele>99.7</ele>
        <time>2026-02-05T20:37:19Z</time>
        <hdop>4.1</hdop>
        <extensions>
          <osmand:provider>fused</osmand:provider>
          <osmand:heading>347.0</osmand:heading>
          <osmand:speed>3</osmand:speed>
        </extensions>
      </trkpt>
      <trkpt lat="48.8409909" lon="2.3215801">
        <ele>99.7</ele>
        <time>2026-02-05T20:37:20Z</time>
        <hdop>3.8</hdop>
        <extensions>
          <osmand:provider>fused</osmand:provider>
          <osmand:heading>346.0</osmand:heading>
          <osmand:speed>3.7</osmand:speed>
        </extensions>
      </trkpt>
      <trkpt lat="48.8410307" lon="2.3215364">
        <ele>99.7</ele>
        <time>2026-02-05T20:37:21Z</time>
        <hdop>3.7</hdop>
        <extensions>
          <osmand:provider>fused</osmand:provider>
          <osmand:heading>343.0</osmand:heading>
          <osmand:speed>4.9</osmand:speed>
        </extensions>
      </trkpt>
      <trkpt lat="48.8410774" lon="2.3215523">
        <ele>99.7</ele>
        <time>2026-02-05T20:37:22Z</time>
        <hdop>3.7</hdop>
        <extensions>
          <osmand:provider>fused</osmand:provider>
          <osmand:heading>344.0</osmand:heading>
          <osmand:speed>5.4</osmand:speed>
        </extensions>
      </trkpt>
      <trkpt lat="48.8411219" lon="2.3215997">
        <ele>99.7</ele>
        <time>2026-02-05T20:37:23Z</time>
        <hdop>3.4</hdop>
        <extensions>
          <osmand:provider>fused</osmand:provider>
          <osmand:heading>348.0</osmand:heading>
          <osmand:speed>6.6</osmand:speed>
        </extensions>
      </trkpt>
      <trkpt lat="48.8411773" lon="2.3216822">
        <ele>99.7</ele>
        <time>2026-02-05T20:37:24Z</time>
        <hdop>3.4</hdop>
        <extensions>
          <osmand:provider>fused</osmand:provider>
          <osmand:heading>357.0</osmand:heading>
          <osmand:speed>7.1</osmand:speed>
        </extensions>
      </trkpt>
      <trkpt lat="48.841224" lon="2.3217546">
        <ele>99.7</ele>
        <time>2026-02-05T20:37:25Z</time>
        <hdop>3.2</hdop>
        <extensions>
          <osmand:provider>fused</osmand:provider>
          <osmand:heading>4.0</osmand:heading>
          <osmand:speed>7.6</osmand:speed>
        </extensions>
      </trkpt>
      <trkpt lat="48.8412786" lon="2.3218293">
        <ele>99.7</ele>
        <time>2026-02-05T20:37:26Z</time>
        <hdop>3.1</hdop>
        <extensions>
          <osmand:provider>fused</osmand:provider>
          <osmand:heading>8.0</osmand:heading>
          <osmand:speed>8.4</osmand:speed>
        </extensions>
      </trkpt>
      <trkpt lat="48.8413387" lon="2.3219203">
        <ele>99.7</ele>
        <time>2026-02-05T20:37:27Z</time>
        <hdop>2.9</hdop>
        <extensions>
          <osmand:provider>fused</osmand:provider>
          <osmand:heading>10.0</osmand:heading>
          <osmand:speed>9</osmand:speed>
        </extensions>
      </trkpt>
      <trkpt lat="48.8414064" lon="2.3220077">
        <ele>99.7</ele>
        <time>2026-02-05T20:37:28Z</time>
        <hdop>2.7</hdop>
        <extensions>
          <osmand:provider>fused</osmand:provider>
          <osmand:heading>11.0</osmand:heading>
          <osmand:speed>9.6</osmand:speed>
        </extensions>
      </trkpt>
      <trkpt lat="48.8414772" lon="2.3220932">
        <ele>99.7</ele>
        <time>2026-02-05T20:37:29Z</time>
        <hdop>2.6</hdop>
        <extensions>
          <osmand:provider>fused</osmand:provider>
          <osmand:heading>11.0</osmand:heading>
          <osmand:speed>9.5</osmand:speed>
        </extensions>
      </trkpt>
      <trkpt lat="48.8415403" lon="2.3221782">
        <ele>99.7</ele>
        <time>2026-02-05T20:37:30Z</time>
        <hdop>2.4</hdop>
        <extensions>
          <osmand:provider>fused</osmand:provider>
          <osmand:heading>13.0</osmand:heading>
          <osmand:speed>9.5</osmand:speed>
        </extensions>
      </trkpt>
      <trkpt lat="48.8416089" lon="2.3222595">
        <ele>99.7</ele>
        <time>2026-02-05T20:37:31Z</time>
        <hdop>2.4</hdop>
        <extensions>
          <osmand:provider>fused</osmand:provider>
          <osmand:heading>15.0</osmand:heading>
          <osmand:speed>9.8</osmand:speed>
        </extensions>
      </trkpt>
      <trkpt lat="48.8416754" lon="2.3223397">
        <ele>99.7</ele>
        <time>2026-02-05T20:37:32Z</time>
        <hdop>2.4</hdop>
        <extensions>
          <osmand:provider>fused</osmand:provider>
          <osmand:heading>17.0</osmand:heading>
          <osmand:speed>9.9</osmand:speed>
        </extensions>
      </trkpt>
      <trkpt lat="48.84175" lon="2.322428">
        <ele>99.7</ele>
        <time>2026-02-05T20:37:33Z</time>
        <hdop>2.6</hdop>
        <extensions>
          <osmand:provider>fused</osmand:provider>
          <osmand:heading>18.0</osmand:heading>
          <osmand:speed>10.5</osmand:speed>
        </extensions>
      </trkpt>
      <trkpt lat="48.8418278" lon="2.3225292">
        <ele>99.7</ele>
        <time>2026-02-05T20:37:34Z</time>
        <hdop>2.7</hdop>
        <extensions>
          <osmand:provider>fused</osmand:provider>
          <osmand:heading>18.0</osmand:heading>
          <osmand:speed>11</osmand:speed>
        </extensions>
      </trkpt>
      <trkpt lat="48.8419082" lon="2.3226262">
        <ele>99.7</ele>
        <time>2026-02-05T20:37:35Z</time>
        <hdop>2.8</hdop>
        <extensions>
          <osmand:provider>fused</osmand:provider>
          <osmand:heading>15.0</osmand:heading>
          <osmand:speed>10.9</osmand:speed>
        </extensions>
      </trkpt>
      <trkpt lat="48.8420019" lon="2.3227282">
        <ele>99.7</ele>
        <time>2026-02-05T20:37:36Z</time>
        <hdop>2.8</hdop>
        <extensions>
          <osmand:provider>fused</osmand:provider>
          <osmand:heading>13.0</osmand:heading>
          <osmand:speed>11.7</osmand:speed>
        </extensions>
      </trkpt>
      <trkpt lat="48.8421" lon="2.3228166">
        <ele>99.7</ele>
        <time>2026-02-05T20:37:37Z</time>
        <hdop>3</hdop>
        <extensions>
          <osmand:provider>fused</osmand:provider>
          <osmand:heading>11.0</osmand:heading>
          <osmand:speed>11.9</osmand:speed>
        </extensions>
      </trkpt>
      <trkpt lat="48.842187" lon="2.3228979">
        <ele>99.7</ele>
        <time>2026-02-05T20:37:38Z</time>
        <hdop>3.2</hdop>
        <extensions>
          <osmand:provider>fused</osmand:provider>
          <osmand:heading>11.0</osmand:heading>
          <osmand:speed>11.4</osmand:speed>
        </extensions>
      </trkpt>
      <trkpt lat="48.842271" lon="2.3229866">
        <ele>99.7</ele>
        <time>2026-02-05T20:37:39Z</time>
        <hdop>3.5</hdop>
        <extensions>
          <osmand:provider>fused</osmand:provider>
          <osmand:heading>11.0</osmand:heading>
          <osmand:speed>11.1</osmand:speed>
        </extensions>
      </trkpt>
      <trkpt lat="48.8423524" lon="2.3230942">
        <ele>98.4</ele>
        <time>2026-02-05T20:37:40Z</time>
        <hdop>3.7</hdop>
        <extensions>
          <osmand:provider>fused</osmand:provider>
          <osmand:heading>12.0</osmand:heading>
          <osmand:speed>11.4</osmand:speed>
        </extensions>
      </trkpt>
      <trkpt lat="48.8424308" lon="2.3232041">
        <ele>98.4</ele>
        <time>2026-02-05T20:37:41Z</time>
        <hdop>3.9</hdop>
        <extensions>
          <osmand:provider>fused</osmand:provider>
          <osmand:heading>12.0</osmand:heading>
          <osmand:speed>11.5</osmand:speed>
        </extensions>
      </trkpt>
      <trkpt lat="48.842507" lon="2.3233249">
        <ele>98.4</ele>
        <time>2026-02-05T20:37:42Z</time>
        <hdop>4</hdop>
        <extensions>
          <osmand:provider>fused</osmand:provider>
          <osmand:heading>12.0</osmand:heading>
          <osmand:speed>11.6</osmand:speed>
        </extensions>
      </trkpt>
      <trkpt lat="48.8425852" lon="2.3234297">
        <ele>98.4</ele>
        <time>2026-02-05T20:37:43Z</time>
        <hdop>3.9</hdop>
        <extensions>
          <osmand:provider>fused</osmand:provider>
          <osmand:heading>12.0</osmand:heading>
          <osmand:speed>11.2</osmand:speed>
        </extensions>
      </trkpt>
      <trkpt lat="48.8426685" lon="2.3235282">
        <ele>98.4</ele>
        <time>2026-02-05T20:37:44Z</time>
        <hdop>3.8</hdop>
        <extensions>
          <osmand:provider>fused</osmand:provider>
          <osmand:heading>13.0</osmand:heading>
          <osmand:speed>11</osmand:speed>
        </extensions>
      </trkpt>
      <trkpt lat="48.8427489" lon="2.3236234">
        <ele>98.4</ele>
        <time>2026-02-05T20:37:45Z</time>
        <hdop>3.8</hdop>
        <extensions>
          <osmand:provider>fused</osmand:provider>
          <osmand:heading>15.0</osmand:heading>
          <osmand:speed>10.5</osmand:speed>
        </extensions>
      </trkpt>
      <trkpt lat="48.8428209" lon="2.3237072">
        <ele>98.4</ele>
        <time>2026-02-05T20:37:46Z</time>
        <hdop>3.7</hdop>
        <extensions>
          <osmand:provider>fused</osmand:provider>
          <osmand:heading>16.0</osmand:heading>
          <osmand:speed>10.3</osmand:speed>
        </extensions>
      </trkpt>
      <trkpt lat="48.8428911" lon="2.3237968">
        <ele>98.4</ele>
        <time>2026-02-05T20:37:47Z</time>
        <hdop>3.5</hdop>
        <extensions>
          <osmand:provider>fused</osmand:provider>
          <osmand:heading>18.0</osmand:heading>
          <osmand:speed>9.9</osmand:speed>
        </extensions>
      </trkpt>
      <trkpt lat="48.8429524" lon="2.3238842">
        <ele>97.4</ele>
        <time>2026-02-05T20:37:48Z</time>
        <hdop>3.3</hdop>
        <extensions>
          <osmand:provider>fused</osmand:provider>
          <osmand:heading>18.0</osmand:heading>
          <osmand:speed>8.9</osmand:speed>
        </extensions>
      </trkpt>
      <trkpt lat="48.8430065" lon="2.3239537">
        <ele>97.2</ele>
        <time>2026-02-05T20:37:49Z</time>
        <hdop>3.2</hdop>
        <extensions>
          <osmand:provider>fused</osmand:provider>
          <osmand:heading>17.0</osmand:heading>
          <osmand:speed>7.9</osmand:speed>
        </extensions>
      </trkpt>
      <trkpt lat="48.8430633" lon="2.3240214">
        <ele>98.4</ele>
        <time>2026-02-05T20:37:50Z</time>
        <hdop>3.1</hdop>
        <extensions>
          <osmand:provider>fused</osmand:provider>
          <osmand:heading>17.0</osmand:heading>
          <osmand:speed>7.7</osmand:speed>
        </extensions>
      </trkpt>
      <trkpt lat="48.8431129" lon="2.324087">
        <ele>98.4</ele>
        <time>2026-02-05T20:37:51Z</time>
        <hdop>3</hdop>
        <extensions>
          <osmand:provider>fused</osmand:provider>
          <osmand:heading>17.0</osmand:heading>
          <osmand:speed>7.9</osmand:speed>
        </extensions>
      </trkpt>
      <trkpt lat="48.8431624" lon="2.3241537">
        <ele>96.2</ele>
        <time>2026-02-05T20:37:52Z</time>
        <hdop>2.9</hdop>
        <extensions>
          <osmand:provider>fused</osmand:provider>
          <osmand:heading>18.0</osmand:heading>
          <osmand:speed>7.6</osmand:speed>
        </extensions>
      </trkpt>
      <trkpt lat="48.8432113" lon="2.324202">
        <ele>96.2</ele>
        <time>2026-02-05T20:37:53Z</time>
        <hdop>2.8</hdop>
        <extensions>
          <osmand:provider>fused</osmand:provider>
          <osmand:heading>18.0</osmand:heading>
          <osmand:speed>7.1</osmand:speed>
        </extensions>
      </trkpt>
      <trkpt lat="48.8432705" lon="2.3242392">
        <ele>96.1</ele>
        <time>2026-02-05T20:37:54Z</time>
        <hdop>2.6</hdop>
        <extensions>
          <osmand:provider>fused</osmand:provider>
          <osmand:heading>16.0</osmand:heading>
          <osmand:speed>7.3</osmand:speed>
        </extensions>
      </trkpt>
      <trkpt lat="48.8433315" lon="2.3242546">
        <ele>96.1</ele>
        <time>2026-02-05T20:37:55Z</time>
        <hdop>2.4</hdop>
        <extensions>
          <osmand:provider>fused</osmand:provider>
          <osmand:heading>12.0</osmand:heading>
          <osmand:speed>7</osmand:speed>
        </extensions>
      </trkpt>
      <trkpt lat="48.8433858" lon="2.3242802">
        <ele>96.1</ele>
        <time>2026-02-05T20:37:56Z</time>
        <hdop>2.3</hdop>
        <extensions>
          <osmand:provider>fused</osmand:provider>
          <osmand:heading>9.0</osmand:heading>
          <osmand:speed>6.3</osmand:speed>
        </extensions>
      </trkpt>
      <trkpt lat="48.8433858" lon="2.3242802">
        <ele>95.9</ele>
        <time>2026-02-05T20:37:56Z</time>
        <hdop>4.3</hdop>
        <extensions>
          <osmand:provider>fused</osmand:provider>
          <osmand:heading>5.0</osmand:heading>
        </extensions>
      </trkpt>
      <trkpt lat="48.8434292" lon="2.3242958">
        <ele>95.9</ele>
        <time>2026-02-05T20:37:57Z</time>
        <hdop>4.2</hdop>
        <extensions>
          <osmand:provider>fused</osmand:provider>
          <osmand:heading>5.0</osmand:heading>
          <osmand:speed>5.8</osmand:speed>
        </extensions>
      </trkpt>
      <trkpt lat="48.843467" lon="2.3243119">
        <ele>95.9</ele>
        <time>2026-02-05T20:37:58Z</time>
        <hdop>4</hdop>
        <extensions>
          <osmand:provider>fused</osmand:provider>
          <osmand:heading>3.0</osmand:heading>
          <osmand:speed>4.9</osmand:speed>
        </extensions>
      </trkpt>
      <trkpt lat="48.8434923" lon="2.3243356">
        <ele>95.8</ele>
        <time>2026-02-05T20:37:59Z</time>
        <hdop>3.9</hdop>
        <extensions>
          <osmand:provider>fused</osmand:provider>
          <osmand:heading>3.0</osmand:heading>
          <osmand:speed>3.9</osmand:speed>
        </extensions>
      </trkpt>
      <trkpt lat="48.8435255" lon="2.324354">
        <ele>95.7</ele>
        <time>2026-02-05T20:38:00Z</time>
        <hdop>3.9</hdop>
        <extensions>
          <osmand:provider>fused</osmand:provider>
          <osmand:heading>6.0</osmand:heading>
          <osmand:speed>3.6</osmand:speed>
        </extensions>
      </trkpt>
      <trkpt lat="48.8435427" lon="2.3243808">
        <ele>95.5</ele>
        <time>2026-02-05T20:38:01Z</time>
        <hdop>3.9</hdop>
        <extensions>
          <osmand:provider>fused</osmand:provider>
          <osmand:heading>9.0</osmand:heading>
          <osmand:speed>2.3</osmand:speed>
        </extensions>
      </trkpt>
      <trkpt lat="48.8435518" lon="2.3243926">
        <ele>95.2</ele>
        <time>2026-02-05T20:38:02Z</time>
        <hdop>1.8</hdop>
        <extensions>
          <osmand:provider>fused</osmand:provider>
          <osmand:heading>12.0</osmand:heading>
          <osmand:speed>0.9</osmand:speed>
        </extensions>
      </trkpt>
      <trkpt lat="48.8435487" lon="2.3244098">
        <ele>95.3</ele>
        <time>2026-02-05T20:38:03Z</time>
        <hdop>1.8</hdop>
        <extensions>
          <osmand:provider>fused</osmand:provider>
          <osmand:heading>14.0</osmand:heading>
          <osmand:speed>0</osmand:speed>
        </extensions>
      </trkpt>
      <trkpt lat="48.8435435" lon="2.3244109">
        <ele>95.3</ele>
        <time>2026-02-05T20:38:04Z</time>
        <hdop>2</hdop>
        <extensions>
          <osmand:provider>fused</osmand:provider>
          <osmand:heading>14.0</osmand:heading>
          <osmand:speed>0.1</osmand:speed>
        </extensions>
      </trkpt>
      <trkpt lat="48.8435432" lon="2.324411">
        <ele>95.3</ele>
        <time>2026-02-05T20:38:05Z</time>
        <hdop>2.2</hdop>
        <extensions>
          <osmand:provider>fused</osmand:provider>
          <osmand:heading>14.0</osmand:heading>
        </extensions>
      </trkpt>
      <trkpt lat="48.8435428" lon="2.3244108">
        <ele>95.3</ele>
        <time>2026-02-05T20:38:06Z</time>
        <hdop>2.3</hdop>
        <extensions>
          <osmand:provider>fused</osmand:provider>
          <osmand:heading>14.0</osmand:heading>
        </extensions>
      </trkpt>
      <trkpt lat="48.8435422" lon="2.3244105">
        <ele>95.3</ele>
        <time>2026-02-05T20:38:07Z</time>
        <hdop>2.4</hdop>
        <extensions>
          <osmand:provider>fused</osmand:provider>
          <osmand:heading>14.0</osmand:heading>
        </extensions>
      </trkpt>
      <trkpt lat="48.8435417" lon="2.3244101">
        <ele>95.3</ele>
        <time>2026-02-05T20:38:08Z</time>
        <hdop>2.3</hdop>
        <extensions>
          <osmand:provider>fused</osmand:provider>
          <osmand:heading>14.0</osmand:heading>
        </extensions>
      </trkpt>
      <trkpt lat="48.8435413" lon="2.3244097">
        <ele>95.3</ele>
        <time>2026-02-05T20:38:09Z</time>
        <hdop>2.3</hdop>
        <extensions>
          <osmand:provider>fused</osmand:provider>
          <osmand:heading>14.0</osmand:heading>
        </extensions>
      </trkpt>
      <trkpt lat="48.8435411" lon="2.3244095">
        <ele>95.3</ele>
        <time>2026-02-05T20:38:10Z</time>
        <hdop>2.2</hdop>
        <extensions>
          <osmand:provider>fused</osmand:provider>
          <osmand:heading>14.0</osmand:heading>
        </extensions>
      </trkpt>
      <trkpt lat="48.8435409" lon="2.3244094">
        <ele>95.3</ele>
        <time>2026-02-05T20:38:11Z</time>
        <hdop>2.1</hdop>
        <extensions>
          <osmand:provider>fused</osmand:provider>
          <osmand:heading>14.0</osmand:heading>
        </extensions>
      </trkpt>
      <trkpt lat="48.8435406" lon="2.3244091">
        <ele>95.4</ele>
        <time>2026-02-05T20:38:12Z</time>
        <hdop>2.1</hdop>
        <extensions>
          <osmand:provider>fused</osmand:provider>
          <osmand:heading>14.0</osmand:heading>
        </extensions>
      </trkpt>
      <trkpt lat="48.8435405" lon="2.324409">
        <ele>95.4</ele>
        <time>2026-02-05T20:38:13Z</time>
        <hdop>2</hdop>
        <extensions>
          <osmand:provider>fused</osmand:provider>
          <osmand:heading>14.0</osmand:heading>
        </extensions>
      </trkpt>
      <trkpt lat="48.8435403" lon="2.3244088">
        <ele>95.4</ele>
        <time>2026-02-05T20:38:14Z</time>
        <hdop>2</hdop>
        <extensions>
          <osmand:provider>fused</osmand:provider>
          <osmand:heading>14.0</osmand:heading>
        </extensions>
      </trkpt>
      <trkpt lat="48.8435399" lon="2.324409">
        <ele>95.4</ele>
        <time>2026-02-05T20:38:15Z</time>
        <hdop>2</hdop>
        <extensions>
          <osmand:provider>fused</osmand:provider>
          <osmand:heading>14.0</osmand:heading>
        </extensions>
      </trkpt>
      <trkpt lat="48.8435398" lon="2.3244089">
        <ele>95.4</ele>
        <time>2026-02-05T20:38:16Z</time>
        <hdop>2</hdop>
        <extensions>
          <osmand:provider>fused</osmand:provider>
          <osmand:heading>14.0</osmand:heading>
        </extensions>
      </trkpt>
      <trkpt lat="48.8435397" lon="2.3244088">
        <ele>95.3</ele>
        <time>2026-02-05T20:38:17Z</time>
        <hdop>2.1</hdop>
        <extensions>
          <osmand:provider>fused</osmand:provider>
          <osmand:heading>14.0</osmand:heading>
        </extensions>
      </trkpt>
      <trkpt lat="48.8435397" lon="2.3244087">
        <ele>95.3</ele>
        <time>2026-02-05T20:38:18Z</time>
        <hdop>2.2</hdop>
        <extensions>
          <osmand:provider>fused</osmand:provider>
          <osmand:heading>14.0</osmand:heading>
        </extensions>
      </trkpt>
      <trkpt lat="48.8435394" lon="2.324409">
        <ele>95.3</ele>
        <time>2026-02-05T20:38:19Z</time>
        <hdop>2.2</hdop>
        <extensions>
          <osmand:provider>fused</osmand:provider>
          <osmand:heading>14.0</osmand:heading>
        </extensions>
      </trkpt>
      <trkpt lat="48.8435393" lon="2.3244091">
        <ele>95.2</ele>
        <time>2026-02-05T20:38:20Z</time>
        <hdop>2.4</hdop>
        <extensions>
          <osmand:provider>fused</osmand:provider>
          <osmand:heading>14.0</osmand:heading>
        </extensions>
      </trkpt>
      <trkpt lat="48.8435392" lon="2.3244091">
        <ele>95.2</ele>
        <time>2026-02-05T20:38:21Z</time>
        <hdop>2.4</hdop>
        <extensions>
          <osmand:provider>fused</osmand:provider>
          <osmand:heading>14.0</osmand:heading>
        </extensions>
      </trkpt>
      <trkpt lat="48.843539" lon="2.3244092">
        <ele>95.2</ele>
        <time>2026-02-05T20:38:22Z</time>
        <hdop>2.3</hdop>
        <extensions>
          <osmand:provider>fused</osmand:provider>
          <osmand:heading>14.0</osmand:heading>
        </extensions>
      </trkpt>
      <trkpt lat="48.8435389" lon="2.3244094">
        <ele>95.2</ele>
        <time>2026-02-05T20:38:23Z</time>
        <hdop>2.2</hdop>
        <extensions>
          <osmand:provider>fused</osmand:provider>
          <osmand:heading>14.0</osmand:heading>
        </extensions>
      </trkpt>
      <trkpt lat="48.8435388" lon="2.3244095">
        <ele>95.2</ele>
        <time>2026-02-05T20:38:24Z</time>
        <hdop>2.2</hdop>
        <extensions>
          <osmand:provider>fused</osmand:provider>
          <osmand:heading>14.0</osmand:heading>
        </extensions>
      </trkpt>
      <trkpt lat="48.8435386" lon="2.3244094">
        <ele>95.1</ele>
        <time>2026-02-05T20:38:25Z</time>
        <hdop>2.2</hdop>
        <extensions>
          <osmand:provider>fused</osmand:provider>
          <osmand:heading>14.0</osmand:heading>
        </extensions>
      </trkpt>
      <trkpt lat="48.8435385" lon="2.3244095">
        <ele>95.1</ele>
        <time>2026-02-05T20:38:26Z</time>
        <hdop>2.2</hdop>
        <extensions>
          <osmand:provider>fused</osmand:provider>
          <osmand:heading>14.0</osmand:heading>
        </extensions>
      </trkpt>
      <trkpt lat="48.8435384" lon="2.3244096">
        <ele>95.1</ele>
        <time>2026-02-05T20:38:27Z</time>
        <hdop>2.2</hdop>
        <extensions>
          <osmand:provider>fused</osmand:provider>
          <osmand:heading>14.0</osmand:heading>
        </extensions>
      </trkpt>
      <trkpt lat="48.8435383" lon="2.3244096">
        <ele>95.1</ele>
        <time>2026-02-05T20:38:28Z</time>
        <hdop>2.3</hdop>
        <extensions>
          <osmand:provider>fused</osmand:provider>
          <osmand:heading>14.0</osmand:heading>
        </extensions>
      </trkpt>
      <trkpt lat="48.8435383" lon="2.3244094">
        <ele>95.2</ele>
        <time>2026-02-05T20:38:29Z</time>
        <hdop>2.4</hdop>
        <extensions>
          <osmand:provider>fused</osmand:provider>
          <osmand:heading>14.0</osmand:heading>
        </extensions>
      </trkpt>
      <trkpt lat="48.8435382" lon="2.3244093">
        <ele>95.2</ele>
        <time>2026-02-05T20:38:30Z</time>
        <hdop>2.3</hdop>
        <extensions>
          <osmand:provider>fused</osmand:provider>
          <osmand:heading>14.0</osmand:heading>
        </extensions>
      </trkpt>
      <trkpt lat="48.8435381" lon="2.3244094">
        <ele>95.2</ele>
        <time>2026-02-05T20:38:31Z</time>
        <hdop>2.2</hdop>
        <extensions>
          <osmand:provider>fused</osmand:provider>
          <osmand:heading>14.0</osmand:heading>
        </extensions>
      </trkpt>
      <trkpt lat="48.8435379" lon="2.3244092">
        <ele>95.2</ele>
        <time>2026-02-05T20:38:32Z</time>
        <hdop>2.2</hdop>
        <extensions>
          <osmand:provider>fused</osmand:provider>
          <osmand:heading>14.0</osmand:heading>
        </extensions>
      </trkpt>
      <trkpt lat="48.8435377" lon="2.3244092">
        <ele>95.2</ele>
        <time>2026-02-05T20:38:33Z</time>
        <hdop>2.1</hdop>
        <extensions>
          <osmand:provider>fused</osmand:provider>
          <osmand:heading>13.0</osmand:heading>
        </extensions>
      </trkpt>
      <trkpt lat="48.8435349" lon="2.3244174">
        <ele>95.2</ele>
        <time>2026-02-05T20:38:34Z</time>
        <hdop>2.1</hdop>
        <extensions>
          <osmand:provider>fused</osmand:provider>
          <osmand:heading>11.0</osmand:heading>
          <osmand:speed>0.9</osmand:speed>
        </extensions>
      </trkpt>
      <trkpt lat="48.8435387" lon="2.3244378">
        <ele>95.2</ele>
        <time>2026-02-05T20:38:35Z</time>
        <hdop>2</hdop>
        <extensions>
          <osmand:provider>fused</osmand:provider>
          <osmand:heading>10.0</osmand:heading>
          <osmand:speed>2.1</osmand:speed>
        </extensions>
      </trkpt>
      <trkpt lat="48.8435527" lon="2.3244721">
        <ele>95.2</ele>
        <time>2026-02-05T20:38:36Z</time>
        <hdop>2</hdop>
        <extensions>
          <osmand:provider>fused</osmand:provider>
          <osmand:heading>13.0</osmand:heading>
          <osmand:speed>3.1</osmand:speed>
        </extensions>
      </trkpt>
      <trkpt lat="48.8435668" lon="2.3245209">
        <ele>95.2</ele>
        <time>2026-02-05T20:38:37Z</time>
        <hdop>2.1</hdop>
        <extensions>
          <osmand:provider>fused</osmand:provider>
          <osmand:heading>19.0</osmand:heading>
          <osmand:speed>4.4</osmand:speed>
        </extensions>
      </trkpt>
      <trkpt lat="48.8435763" lon="2.3245878">
        <ele>95.2</ele>
        <time>2026-02-05T20:38:38Z</time>
        <hdop>2.2</hdop>
        <extensions>
          <osmand:provider>fused</osmand:provider>
          <osmand:heading>24.0</osmand:heading>
          <osmand:speed>5.4</osmand:speed>
        </extensions>
      </trkpt>
      <trkpt lat="48.8435819" lon="2.3246798">
        <ele>95.2</ele>
        <time>2026-02-05T20:38:39Z</time>
        <hdop>2.3</hdop>
        <extensions>
          <osmand:provider>fused</osmand:provider>
          <osmand:heading>29.0</osmand:heading>
          <osmand:speed>5.8</osmand:speed>
        </extensions>
      </trkpt>
      <trkpt lat="48.843573" lon="2.3247641">
        <ele>95.2</ele>
        <time>2026-02-05T20:38:40Z</time>
        <hdop>2.3</hdop>
        <extensions>
          <osmand:provider>fused</osmand:provider>
          <osmand:heading>36.0</osmand:heading>
          <osmand:speed>6.4</osmand:speed>
        </extensions>
      </trkpt>
      <trkpt lat="48.8435571" lon="2.3248494">
        <ele>95.2</ele>
        <time>2026-02-05T20:38:41Z</time>
        <hdop>2.4</hdop>
        <extensions>
          <osmand:provider>fused</osmand:provider>
          <osmand:heading>45.0</osmand:heading>
          <osmand:speed>6.4</osmand:speed>
        </extensions>
      </trkpt>
      <trkpt lat="48.843527" lon="2.324923">
        <ele>95.2</ele>
        <time>2026-02-05T20:38:42Z</time>
        <hdop>2.4</hdop>
        <extensions>
          <osmand:provider>fused</osmand:provider>
          <osmand:heading>43.0</osmand:heading>
          <osmand:speed>6.5</osmand:speed>
        </extensions>
      </trkpt>
      <trkpt lat="48.8434982" lon="2.3250056">
        <ele>95.2</ele>
        <time>2026-02-05T20:38:43Z</time>
        <hdop>2.4</hdop>
        <extensions>
          <osmand:provider>fused</osmand:provider>
          <osmand:heading>41.0</osmand:heading>
          <osmand:speed>7.3</osmand:speed>
        </extensions>
      </trkpt>
      <trkpt lat="48.843461" lon="2.3250986">
        <ele>95.2</ele>
        <time>2026-02-05T20:38:44Z</time>
        <hdop>2.4</hdop>
        <extensions>
          <osmand:provider>fused</osmand:provider>
          <osmand:heading>43.0</osmand:heading>
          <osmand:speed>7.8</osmand:speed>
        </extensions>
      </trkpt>
      <trkpt lat="48.8434246" lon="2.3251843">
        <ele>95.2</ele>
        <time>2026-02-05T20:38:45Z</time>
        <hdop>2.6</hdop>
        <extensions>
          <osmand:provider>fused</osmand:provider>
          <osmand:heading>49.0</osmand:heading>
          <osmand:speed>8</osmand:speed>
        </extensions>
      </trkpt>
      <trkpt lat="48.8433794" lon="2.325267">
        <ele>95.2</ele>
        <time>2026-02-05T20:38:46Z</time>
        <hdop>2.7</hdop>
        <extensions>
          <osmand:provider>fused</osmand:provider>
          <osmand:heading>52.0</osmand:heading>
          <osmand:speed>7.9</osmand:speed>
        </extensions>
      </trkpt>
      <trkpt lat="48.8433311" lon="2.3253534">
        <ele>95.2</ele>
        <time>2026-02-05T20:38:47Z</time>
        <hdop>2.8</hdop>
        <extensions>
          <osmand:provider>fused</osmand:provider>
          <osmand:heading>52.0</osmand:heading>
          <osmand:speed>8.1</osmand:speed>
        </extensions>
      </trkpt>
      <trkpt lat="48.8432916" lon="2.3254315">
        <ele>95.2</ele>
        <time>2026-02-05T20:38:48Z</time>
        <hdop>2.9</hdop>
        <extensions>
          <osmand:provider>fused</osmand:provider>
          <osmand:heading>48.0</osmand:heading>
          <osmand:speed>7</osmand:speed>
        </extensions>
      </trkpt>
      <trkpt lat="48.843265" lon="2.3255224">
        <ele>95.2</ele>
        <time>2026-02-05T20:38:49Z</time>
        <hdop>2.9</hdop>
        <extensions>
          <osmand:provider>fused</osmand:provider>
          <osmand:heading>43.0</osmand:heading>
          <osmand:speed>6.2</osmand:speed>
        </extensions>
      </trkpt>
      <trkpt lat="48.8432425" lon="2.3255965">
        <ele>95.2</ele>
        <time>2026-02-05T20:38:50Z</time>
        <hdop>3</hdop>
        <extensions>
          <osmand:provider>fused</osmand:provider>
          <osmand:heading>40.0</osmand:heading>
          <osmand:speed>5.7</osmand:speed>
        </extensions>
      </trkpt>
      <trkpt lat="48.8432245" lon="2.3256517">
        <ele>95.2</ele>
        <time>2026-02-05T20:38:51Z</time>
        <hdop>3</hdop>
        <extensions>
          <osmand:provider>fused</osmand:provider>
          <osmand:heading>36.0</osmand:heading>
          <osmand:speed>4.8</osmand:speed>
        </extensions>
      </trkpt>
      <trkpt lat="48.8432062" lon="2.3257047">
        <ele>95.2</ele>
        <time>2026-02-05T20:38:52Z</time>
        <hdop>2.9</hdop>
        <extensions>
          <osmand:provider>fused</osmand:provider>
          <osmand:heading>34.0</osmand:heading>
          <osmand:speed>4</osmand:speed>
        </extensions>
      </trkpt>
      <trkpt lat="48.8431911" lon="2.3257522">
        <ele>95.2</ele>
        <time>2026-02-05T20:38:53Z</time>
        <hdop>2.8</hdop>
        <extensions>
          <osmand:provider>fused</osmand:provider>
          <osmand:heading>34.0</osmand:heading>
          <osmand:speed>3.1</osmand:speed>
        </extensions>
      </trkpt>
      <trkpt lat="48.8431772" lon="2.325789">
        <ele>96.6</ele>
        <time>2026-02-05T20:38:54Z</time>
        <hdop>2.7</hdop>
        <extensions>
          <osmand:provider>fused</osmand:provider>
          <osmand:heading>33.0</osmand:heading>
          <osmand:speed>2.5</osmand:speed>
        </extensions>
      </trkpt>
      <trkpt lat="48.8431686" lon="2.3258236">
        <ele>96.6</ele>
        <time>2026-02-05T20:38:55Z</time>
        <hdop>2.6</hdop>
        <extensions>
          <osmand:provider>fused</osmand:provider>
          <osmand:heading>32.0</osmand:heading>
          <osmand:speed>2.2</osmand:speed>
        </extensions>
      </trkpt>
      <trkpt lat="48.8431608" lon="2.3258459">
        <ele>96.6</ele>
        <time>2026-02-05T20:38:56Z</time>
        <hdop>2.6</hdop>
        <extensions>
          <osmand:provider>fused</osmand:provider>
          <osmand:heading>32.0</osmand:heading>
          <osmand:speed>1.8</osmand:speed>
        </extensions>
      </trkpt>
      <trkpt lat="48.8431555" lon="2.3258697">
        <ele>96.6</ele>
        <time>2026-02-05T20:38:57Z</time>
        <hdop>2.6</hdop>
        <extensions>
          <osmand:provider>fused</osmand:provider>
          <osmand:heading>32.0</osmand:heading>
          <osmand:speed>1.6</osmand:speed>
        </extensions>
      </trkpt>
      <trkpt lat="48.8431506" lon="2.3258889">
        <ele>96.6</ele>
        <time>2026-02-05T20:38:58Z</time>
        <hdop>2.6</hdop>
        <extensions>
          <osmand:provider>fused</osmand:provider>
          <osmand:heading>32.0</osmand:heading>
          <osmand:speed>1.2</osmand:speed>
        </extensions>
      </trkpt>
      <trkpt lat="48.8431435" lon="2.3259019">
        <ele>96.6</ele>
        <time>2026-02-05T20:38:59Z</time>
        <hdop>2.7</hdop>
        <extensions>
          <osmand:provider>fused</osmand:provider>
          <osmand:heading>32.0</osmand:heading>
          <osmand:speed>1.2</osmand:speed>
        </extensions>
      </trkpt>
      <trkpt lat="48.8431365" lon="2.3259155">
        <ele>96.6</ele>
        <time>2026-02-05T20:39:00Z</time>
        <hdop>2.7</hdop>
        <extensions>
          <osmand:provider>fused</osmand:provider>
          <osmand:heading>31.0</osmand:heading>
          <osmand:speed>1.2</osmand:speed>
        </extensions>
      </trkpt>
      <trkpt lat="48.8431332" lon="2.3259363">
        <ele>96.6</ele>
        <time>2026-02-05T20:39:01Z</time>
        <hdop>2.7</hdop>
        <extensions>
          <osmand:provider>fused</osmand:provider>
          <osmand:heading>31.0</osmand:heading>
          <osmand:speed>1.1</osmand:speed>
        </extensions>
      </trkpt>
      <trkpt lat="48.8431293" lon="2.3259494">
        <ele>96.6</ele>
        <time>2026-02-05T20:39:02Z</time>
        <hdop>2.8</hdop>
        <extensions>
          <osmand:provider>fused</osmand:provider>
          <osmand:heading>31.0</osmand:heading>
          <osmand:speed>0.9</osmand:speed>
        </extensions>
      </trkpt>
      <trkpt lat="48.8431277" lon="2.3259713">
        <ele>96.6</ele>
        <time>2026-02-05T20:39:03Z</time>
        <hdop>2.8</hdop>
        <extensions>
          <osmand:provider>fused</osmand:provider>
          <osmand:heading>31.0</osmand:heading>
          <osmand:speed>1.3</osmand:speed>
        </extensions>
      </trkpt>
      <trkpt lat="48.8431206" lon="2.3259904">
        <ele>96.6</ele>
        <time>2026-02-05T20:39:04Z</time>
        <hdop>2.8</hdop>
        <extensions>
          <osmand:provider>fused</osmand:provider>
          <osmand:heading>31.0</osmand:heading>
          <osmand:speed>1.5</osmand:speed>
        </extensions>
      </trkpt>
      <trkpt lat="48.8431123" lon="2.3260133">
        <ele>96.6</ele>
        <time>2026-02-05T20:39:05Z</time>
        <hdop>2.9</hdop>
        <extensions>
          <osmand:provider>fused</osmand:provider>
          <osmand:heading>31.0</osmand:heading>
          <osmand:speed>1.8</osmand:speed>
        </extensions>
      </trkpt>
      <trkpt lat="48.8431091" lon="2.326038">
        <ele>96.6</ele>
        <time>2026-02-05T20:39:06Z</time>
        <hdop>3</hdop>
        <extensions>
          <osmand:provider>fused</osmand:provider>
          <osmand:heading>31.0</osmand:heading>
          <osmand:speed>1.5</osmand:speed>
        </extensions>
      </trkpt>
      <trkpt lat="48.8431069" lon="2.3260654">
        <ele>96.6</ele>
        <time>2026-02-05T20:39:07Z</time>
        <hdop>3</hdop>
        <extensions>
          <osmand:provider>fused</osmand:provider>
          <osmand:heading>31.0</osmand:heading>
          <osmand:speed>1.8</osmand:speed>
        </extensions>
      </trkpt>
      <trkpt lat="48.8430977" lon="2.3260962">
        <ele>96.9</ele>
        <time>2026-02-05T20:39:08Z</time>
        <hdop>3</hdop>
        <extensions>
          <osmand:provider>fused</osmand:provider>
          <osmand:heading>31.0</osmand:heading>
          <osmand:speed>1.8</osmand:speed>
        </extensions>
      </trkpt>
      <trkpt lat="48.8430931" lon="2.3261202">
        <ele>96.9</ele>
        <time>2026-02-05T20:39:09Z</time>
        <hdop>3</hdop>
        <extensions>
          <osmand:provider>fused</osmand:provider>
          <osmand:heading>31.0</osmand:heading>
          <osmand:speed>1.8</osmand:speed>
        </extensions>
      </trkpt>
      <trkpt lat="48.8430869" lon="2.3261415">
        <ele>96.9</ele>
        <time>2026-02-05T20:39:10Z</time>
        <hdop>3</hdop>
        <extensions>
          <osmand:provider>fused</osmand:provider>
          <osmand:heading>31.0</osmand:heading>
          <osmand:speed>1.9</osmand:speed>
        </extensions>
      </trkpt>
      <trkpt lat="48.8430797" lon="2.3261761">
        <ele>96.9</ele>
        <time>2026-02-05T20:39:11Z</time>
        <hdop>3</hdop>
        <extensions>
          <osmand:provider>fused</osmand:provider>
          <osmand:heading>31.0</osmand:heading>
          <osmand:speed>2.6</osmand:speed>
        </extensions>
      </trkpt>
      <trkpt lat="48.8430697" lon="2.3262097">
        <ele>96.9</ele>
        <time>2026-02-05T20:39:12Z</time>
        <hdop>3</hdop>
        <extensions>
          <osmand:provider>fused</osmand:provider>
          <osmand:heading>31.0</osmand:heading>
          <osmand:speed>2.7</osmand:speed>
        </extensions>
      </trkpt>
      <trkpt lat="48.8430619" lon="2.3262537">
        <ele>96.9</ele>
        <time>2026-02-05T20:39:13Z</time>
        <hdop>3</hdop>
        <extensions>
          <osmand:provider>fused</osmand:provider>
          <osmand:heading>31.0</osmand:heading>
          <osmand:speed>3.4</osmand:speed>
        </extensions>
      </trkpt>
      <trkpt lat="48.8430506" lon="2.3263018">
        <ele>96.9</ele>
        <time>2026-02-05T20:39:14Z</time>
        <hdop>3</hdop>
        <extensions>
          <osmand:provider>fused</osmand:provider>
          <osmand:heading>32.0</osmand:heading>
          <osmand:speed>3.7</osmand:speed>
        </extensions>
      </trkpt>
      <trkpt lat="48.8430333" lon="2.326355">
        <ele>96.6</ele>
        <time>2026-02-05T20:39:15Z</time>
        <hdop>3</hdop>
        <extensions>
          <osmand:provider>fused</osmand:provider>
          <osmand:heading>33.0</osmand:heading>
          <osmand:speed>4.4</osmand:speed>
        </extensions>
      </trkpt>
      <trkpt lat="48.843007" lon="2.32641">
        <ele>96.6</ele>
        <time>2026-02-05T20:39:16Z</time>
        <hdop>2.9</hdop>
        <extensions>
          <osmand:provider>fused</osmand:provider>
          <osmand:heading>32.0</osmand:heading>
          <osmand:speed>5</osmand:speed>
        </extensions>
      </trkpt>
      <trkpt lat="48.8429797" lon="2.3264827">
        <ele>96.6</ele>
        <time>2026-02-05T20:39:17Z</time>
        <hdop>2.8</hdop>
        <extensions>
          <osmand:provider>fused</osmand:provider>
          <osmand:heading>31.0</osmand:heading>
          <osmand:speed>6.3</osmand:speed>
        </extensions>
      </trkpt>
      <trkpt lat="48.8429467" lon="2.3265538">
        <ele>96.6</ele>
        <time>2026-02-05T20:39:18Z</time>
        <hdop>2.7</hdop>
        <extensions>
          <osmand:provider>fused</osmand:provider>
          <osmand:heading>30.0</osmand:heading>
          <osmand:speed>6.8</osmand:speed>
        </extensions>
      </trkpt>
      <trkpt lat="48.8429156" lon="2.3266374">
        <ele>96.6</ele>
        <time>2026-02-05T20:39:19Z</time>
        <hdop>2.8</hdop>
        <extensions>
          <osmand:provider>fused</osmand:provider>
          <osmand:heading>30.0</osmand:heading>
          <osmand:speed>7.8</osmand:speed>
        </extensions>
      </trkpt>
      <trkpt lat="48.842889" lon="2.3267407">
        <ele>96.6</ele>
        <time>2026-02-05T20:39:20Z</time>
        <hdop>2.7</hdop>
        <extensions>
          <osmand:provider>fused</osmand:provider>
          <osmand:heading>31.0</osmand:heading>
          <osmand:speed>8.6</osmand:speed>
        </extensions>
      </trkpt>
      <trkpt lat="48.8428534" lon="2.3268558">
        <ele>96.6</ele>
        <time>2026-02-05T20:39:21Z</time>
        <hdop>2.6</hdop>
        <extensions>
          <osmand:provider>fused</osmand:provider>
          <osmand:heading>31.0</osmand:heading>
          <osmand:speed>9.2</osmand:speed>
        </extensions>
      </trkpt>
      <trkpt lat="48.8428167" lon="2.3269766">
        <ele>96.6</ele>
        <time>2026-02-05T20:39:22Z</time>
        <hdop>2.5</hdop>
        <extensions>
          <osmand:provider>fused</osmand:provider>
          <osmand:heading>31.0</osmand:heading>
          <osmand:speed>9.4</osmand:speed>
        </extensions>
      </trkpt>
      <trkpt lat="48.8427762" lon="2.3271083">
        <ele>96.6</ele>
        <time>2026-02-05T20:39:23Z</time>
        <hdop>2.4</hdop>
        <extensions>
          <osmand:provider>fused</osmand:provider>
          <osmand:heading>31.0</osmand:heading>
          <osmand:speed>10.5</osmand:speed>
        </extensions>
      </trkpt>
      <trkpt lat="48.842724" lon="2.3272205">
        <ele>96.6</ele>
        <time>2026-02-05T20:39:24Z</time>
        <hdop>2.4</hdop>
        <extensions>
          <osmand:provider>fused</osmand:provider>
          <osmand:heading>31.0</osmand:heading>
          <osmand:speed>10.2</osmand:speed>
        </extensions>
      </trkpt>
      <trkpt lat="48.8426776" lon="2.327348">
        <ele>98.4</ele>
        <time>2026-02-05T20:39:25Z</time>
        <hdop>2.3</hdop>
        <extensions>
          <osmand:provider>fused</osmand:provider>
          <osmand:heading>32.0</osmand:heading>
          <osmand:speed>10.5</osmand:speed>
        </extensions>
      </trkpt>
      <trkpt lat="48.8426368" lon="2.3274813">
        <ele>98.5</ele>
        <time>2026-02-05T20:39:26Z</time>
        <hdop>2.3</hdop>
        <extensions>
          <osmand:provider>fused</osmand:provider>
          <osmand:heading>32.0</osmand:heading>
          <osmand:speed>10.5</osmand:speed>
        </extensions>
      </trkpt>
      <trkpt lat="48.8425926" lon="2.3276175">
        <ele>98.6</ele>
        <time>2026-02-05T20:39:27Z</time>
        <hdop>2.3</hdop>
        <extensions>
          <osmand:provider>fused</osmand:provider>
          <osmand:heading>32.0</osmand:heading>
          <osmand:speed>10.5</osmand:speed>
        </extensions>
      </trkpt>
      <trkpt lat="48.8425482" lon="2.3277419">
        <ele>98.8</ele>
        <time>2026-02-05T20:39:28Z</time>
        <hdop>2.5</hdop>
        <extensions>
          <osmand:provider>fused</osmand:provider>
          <osmand:heading>32.0</osmand:heading>
          <osmand:speed>10.4</osmand:speed>
        </extensions>
      </trkpt>
      <trkpt lat="48.8425079" lon="2.3278577">
        <ele>98.9</ele>
        <time>2026-02-05T20:39:29Z</time>
        <hdop>2.5</hdop>
        <extensions>
          <osmand:provider>fused</osmand:provider>
          <osmand:heading>32.0</osmand:heading>
          <osmand:speed>10.1</osmand:speed>
        </extensions>
      </trkpt>
      <trkpt lat="48.8424682" lon="2.3279807">
        <ele>99</ele>
        <time>2026-02-05T20:39:30Z</time>
        <hdop>2.6</hdop>
        <extensions>
          <osmand:provider>fused</osmand:provider>
          <osmand:heading>32.0</osmand:heading>
          <osmand:speed>9.4</osmand:speed>
        </extensions>
      </trkpt>
      <trkpt lat="48.8424356" lon="2.3280902">
        <ele>99</ele>
        <time>2026-02-05T20:39:31Z</time>
        <hdop>2.7</hdop>
        <extensions>
          <osmand:provider>fused</osmand:provider>
          <osmand:heading>32.0</osmand:heading>
          <osmand:speed>8.8</osmand:speed>
        </extensions>
      </trkpt>
      <trkpt lat="48.8424059" lon="2.32819">
        <ele>98.9</ele>
        <time>2026-02-05T20:39:32Z</time>
        <hdop>2.7</hdop>
        <extensions>
          <osmand:provider>fused</osmand:provider>
          <osmand:heading>32.0</osmand:heading>
          <osmand:speed>8.4</osmand:speed>
        </extensions>
      </trkpt>
      <trkpt lat="48.8423794" lon="2.3282808">
        <ele>98.9</ele>
        <time>2026-02-05T20:39:33Z</time>
        <hdop>2.8</hdop>
        <extensions>
          <osmand:provider>fused</osmand:provider>
          <osmand:heading>32.0</osmand:heading>
          <osmand:speed>7.7</osmand:speed>
        </extensions>
      </trkpt>
      <trkpt lat="48.8423539" lon="2.3283785">
        <ele>98.8</ele>
        <time>2026-02-05T20:39:34Z</time>
        <hdop>2.8</hdop>
        <extensions>
          <osmand:provider>fused</osmand:provider>
          <osmand:heading>33.0</osmand:heading>
          <osmand:speed>6.7</osmand:speed>
        </extensions>
      </trkpt>
      <trkpt lat="48.8423161" lon="2.3284501">
        <ele>98.7</ele>
        <time>2026-02-05T20:39:35Z</time>
        <hdop>2.7</hdop>
        <extensions>
          <osmand:provider>fused</osmand:provider>
          <osmand:heading>33.0</osmand:heading>
          <osmand:speed>6</osmand:speed>
        </extensions>
      </trkpt>
      <trkpt lat="48.8422855" lon="2.3285109">
        <ele>97.8</ele>
        <time>2026-02-05T20:39:36Z</time>
        <hdop>2.6</hdop>
        <extensions>
          <osmand:provider>fused</osmand:provider>
          <osmand:heading>33.0</osmand:heading>
          <osmand:speed>5.7</osmand:speed>
        </extensions>
      </trkpt>
      <trkpt lat="48.8422671" lon="2.3285707">
        <ele>97.8</ele>
        <time>2026-02-05T20:39:37Z</time>
        <hdop>2.7</hdop>
        <extensions>
          <osmand:provider>fused</osmand:provider>
          <osmand:heading>34.0</osmand:heading>
          <osmand:speed>4.1</osmand:speed>
        </extensions>
      </trkpt>
      <trkpt lat="48.8422415" lon="2.328608">
        <ele>97.8</ele>
        <time>2026-02-05T20:39:38Z</time>
        <hdop>2.8</hdop>
        <extensions>
          <osmand:provider>fused</osmand:provider>
          <osmand:heading>34.0</osmand:heading>
          <osmand:speed>3.4</osmand:speed>
        </extensions>
      </trkpt>
      <trkpt lat="48.8422387" lon="2.3286396">
        <ele>97.8</ele>
        <time>2026-02-05T20:39:39Z</time>
        <hdop>2.8</hdop>
        <extensions>
          <osmand:provider>fused</osmand:provider>
          <osmand:heading>34.0</osmand:heading>
          <osmand:speed>1.7</osmand:speed>
        </extensions>
      </trkpt>
      <trkpt lat="48.8422386" lon="2.3286612">
        <ele>97.8</ele>
        <time>2026-02-05T20:39:40Z</time>
        <hdop>2.9</hdop>
        <extensions>
          <osmand:provider>fused</osmand:provider>
          <osmand:heading>34.0</osmand:heading>
          <osmand:speed>1</osmand:speed>
        </extensions>
      </trkpt>
      <trkpt lat="48.8422349" lon="2.3286678">
        <ele>97.8</ele>
        <time>2026-02-05T20:39:41Z</time>
        <hdop>3.1</hdop>
        <extensions>
          <osmand:provider>fused</osmand:provider>
          <osmand:heading>34.0</osmand:heading>
          <osmand:speed>0.3</osmand:speed>
        </extensions>
      </trkpt>
      <trkpt lat="48.8422381" lon="2.3286598">
        <ele>98</ele>
        <time>2026-02-05T20:39:42Z</time>
        <hdop>3.1</hdop>
        <extensions>
          <osmand:provider>fused</osmand:provider>
          <osmand:heading>33.0</osmand:heading>
          <osmand:speed>0.3</osmand:speed>
        </extensions>
      </trkpt>
      <trkpt lat="48.842238" lon="2.3286638">
        <ele>98</ele>
        <time>2026-02-05T20:39:43Z</time>
        <hdop>3.1</hdop>
        <extensions>
          <osmand:provider>fused</osmand:provider>
          <osmand:heading>33.0</osmand:heading>
          <osmand:speed>0.5</osmand:speed>
        </extensions>
      </trkpt>
      <trkpt lat="48.8422316" lon="2.3286746">
        <ele>98</ele>
        <time>2026-02-05T20:39:44Z</time>
        <hdop>3.1</hdop>
        <extensions>
          <osmand:provider>fused</osmand:provider>
          <osmand:heading>33.0</osmand:heading>
          <osmand:speed>1</osmand:speed>
        </extensions>
      </trkpt>
      <trkpt lat="48.8422272" lon="2.3286962">
        <ele>98</ele>
        <time>2026-02-05T20:39:45Z</time>
        <hdop>3.1</hdop>
        <extensions>
          <osmand:provider>fused</osmand:provider>
          <osmand:heading>32.0</osmand:heading>
          <osmand:speed>1.9</osmand:speed>
        </extensions>
      </trkpt>
      <trkpt lat="48.8422217" lon="2.3287215">
        <ele>98</ele>
        <time>2026-02-05T20:39:46Z</time>
        <hdop>3.2</hdop>
        <extensions>
          <osmand:provider>fused</osmand:provider>
          <osmand:heading>33.0</osmand:heading>
          <osmand:speed>1.6</osmand:speed>
        </extensions>
      </trkpt>
      <trkpt lat="48.8422254" lon="2.3287416">
        <ele>98</ele>
        <time>2026-02-05T20:39:47Z</time>
        <hdop>3.2</hdop>
        <extensions>
          <osmand:provider>fused</osmand:provider>
          <osmand:heading>34.0</osmand:heading>
          <osmand:speed>0.5</osmand:speed>
        </extensions>
      </trkpt>
      <trkpt lat="48.8422338" lon="2.3287482">
        <ele>98</ele>
        <time>2026-02-05T20:39:48Z</time>
        <hdop>3.2</hdop>
        <extensions>
          <osmand:provider>fused</osmand:provider>
          <osmand:heading>34.0</osmand:heading>
          <osmand:speed>0.3</osmand:speed>
        </extensions>
      </trkpt>
      <trkpt lat="48.8422342" lon="2.3287479">
        <ele>98</ele>
        <time>2026-02-05T20:39:49Z</time>
        <hdop>3.3</hdop>
        <extensions>
          <osmand:provider>fused</osmand:provider>
          <osmand:heading>34.0</osmand:heading>
          <osmand:speed>0</osmand:speed>
        </extensions>
      </trkpt>
      <trkpt lat="48.8422345" lon="2.3287473">
        <ele>98</ele>
        <time>2026-02-05T20:39:50Z</time>
        <hdop>3.5</hdop>
        <extensions>
          <osmand:provider>fused</osmand:provider>
          <osmand:heading>33.0</osmand:heading>
        </extensions>
      </trkpt>
      <trkpt lat="48.8422442" lon="2.3287519">
        <ele>98.3</ele>
        <time>2026-02-05T20:39:51Z</time>
        <hdop>3.4</hdop>
        <extensions>
          <osmand:provider>fused</osmand:provider>
          <osmand:heading>33.0</osmand:heading>
          <osmand:speed>0.1</osmand:speed>
        </extensions>
      </trkpt>
      <trkpt lat="48.8422445" lon="2.3287525">
        <ele>98.3</ele>
        <time>2026-02-05T20:39:52Z</time>
        <hdop>3.3</hdop>
        <extensions>
          <osmand:provider>fused</osmand:provider>
          <osmand:heading>33.0</osmand:heading>
        </extensions>
      </trkpt>
      <trkpt lat="48.8422537" lon="2.3287587">
        <ele>98.3</ele>
        <time>2026-02-05T20:39:53Z</time>
        <hdop>3.2</hdop>
        <extensions>
          <osmand:provider>fused</osmand:provider>
          <osmand:heading>33.0</osmand:heading>
          <osmand:speed>0.1</osmand:speed>
        </extensions>
      </trkpt>
      <trkpt lat="48.8422541" lon="2.3287585">
        <ele>98.3</ele>
        <time>2026-02-05T20:39:54Z</time>
        <hdop>3.1</hdop>
        <extensions>
          <osmand:provider>fused</osmand:provider>
          <osmand:heading>33.0</osmand:heading>
        </extensions>
      </trkpt>
      <trkpt lat="48.8422542" lon="2.328759">
        <ele>98.3</ele>
        <time>2026-02-05T20:39:55Z</time>
        <hdop>3.1</hdop>
        <extensions>
          <osmand:provider>fused</osmand:provider>
          <osmand:heading>33.0</osmand:heading>
        </extensions>
      </trkpt>
      <trkpt lat="48.8422544" lon="2.3287592">
        <ele>98.3</ele>
        <time>2026-02-05T20:39:56Z</time>
        <hdop>3</hdop>
        <extensions>
          <osmand:provider>fused</osmand:provider>
          <osmand:heading>33.0</osmand:heading>
        </extensions>
      </trkpt>
      <trkpt lat="48.8422545" lon="2.3287591">
        <ele>98.3</ele>
        <time>2026-02-05T20:39:57Z</time>
        <hdop>3.1</hdop>
        <extensions>
          <osmand:provider>fused</osmand:provider>
          <osmand:heading>33.0</osmand:heading>
        </extensions>
      </trkpt>
      <trkpt lat="48.8422544" lon="2.3287587">
        <ele>98</ele>
        <time>2026-02-05T20:39:58Z</time>
        <hdop>3.1</hdop>
        <extensions>
          <osmand:provider>fused</osmand:provider>
          <osmand:heading>33.0</osmand:heading>
        </extensions>
      </trkpt>
      <trkpt lat="48.8422585" lon="2.3287529">
        <ele>98</ele>
        <time>2026-02-05T20:39:59Z</time>
        <hdop>3.1</hdop>
        <extensions>
          <osmand:provider>fused</osmand:provider>
          <osmand:heading>33.0</osmand:heading>
          <osmand:speed>0.2</osmand:speed>
        </extensions>
      </trkpt>
      <trkpt lat="48.8422572" lon="2.3287598">
        <ele>98</ele>
        <time>2026-02-05T20:40:00Z</time>
        <hdop>3.1</hdop>
        <extensions>
          <osmand:provider>fused</osmand:provider>
          <osmand:heading>33.0</osmand:heading>
          <osmand:speed>0.9</osmand:speed>
        </extensions>
      </trkpt>
      <trkpt lat="48.8422458" lon="2.3287676">
        <ele>98</ele>
        <time>2026-02-05T20:40:01Z</time>
        <hdop>3.1</hdop>
        <extensions>
          <osmand:provider>fused</osmand:provider>
          <osmand:heading>32.0</osmand:heading>
          <osmand:speed>1.6</osmand:speed>
        </extensions>
      </trkpt>
      <trkpt lat="48.8422373" lon="2.3287965">
        <ele>98</ele>
        <time>2026-02-05T20:40:02Z</time>
        <hdop>3.1</hdop>
        <extensions>
          <osmand:provider>fused</osmand:provider>
          <osmand:heading>33.0</osmand:heading>
          <osmand:speed>2.6</osmand:speed>
        </extensions>
      </trkpt>
      <trkpt lat="48.8422286" lon="2.328839">
        <ele>98</ele>
        <time>2026-02-05T20:40:03Z</time>
        <hdop>3.2</hdop>
        <extensions>
          <osmand:provider>fused</osmand:provider>
          <osmand:heading>35.0</osmand:heading>
          <osmand:speed>2.5</osmand:speed>
        </extensions>
      </trkpt>
      <trkpt lat="48.8422144" lon="2.328867">
        <ele>98</ele>
        <time>2026-02-05T20:40:04Z</time>
        <hdop>3.2</hdop>
        <extensions>
          <osmand:provider>fused</osmand:provider>
          <osmand:heading>37.0</osmand:heading>
          <osmand:speed>2.3</osmand:speed>
        </extensions>
      </trkpt>
      <trkpt lat="48.8422092" lon="2.3288973">
        <ele>98.3</ele>
        <time>2026-02-05T20:40:05Z</time>
        <hdop>3.3</hdop>
        <extensions>
          <osmand:provider>fused</osmand:provider>
          <osmand:heading>38.0</osmand:heading>
          <osmand:speed>2</osmand:speed>
        </extensions>
      </trkpt>
      <trkpt lat="48.8422015" lon="2.328931">
        <ele>98.3</ele>
        <time>2026-02-05T20:40:06Z</time>
        <hdop>3.4</hdop>
        <extensions>
          <osmand:provider>fused</osmand:provider>
          <osmand:heading>38.0</osmand:heading>
          <osmand:speed>1.4</osmand:speed>
        </extensions>
      </trkpt>
      <trkpt lat="48.8421921" lon="2.3289594">
        <ele>98.3</ele>
        <time>2026-02-05T20:40:07Z</time>
        <hdop>3.4</hdop>
        <extensions>
          <osmand:provider>fused</osmand:provider>
          <osmand:heading>38.0</osmand:heading>
          <osmand:speed>1.3</osmand:speed>
        </extensions>
      </trkpt>
      <trkpt lat="48.8421892" lon="2.3289891">
        <ele>98.3</ele>
        <time>2026-02-05T20:40:08Z</time>
        <hdop>3.3</hdop>
        <extensions>
          <osmand:provider>fused</osmand:provider>
          <osmand:heading>38.0</osmand:heading>
          <osmand:speed>1.1</osmand:speed>
        </extensions>
      </trkpt>
      <trkpt lat="48.8421837" lon="2.3289991">
        <ele>98.3</ele>
        <time>2026-02-05T20:40:09Z</time>
        <hdop>3.3</hdop>
        <extensions>
          <osmand:provider>fused</osmand:provider>
          <osmand:heading>38.0</osmand:heading>
          <osmand:speed>0.9</osmand:speed>
        </extensions>
      </trkpt>
      <trkpt lat="48.8422002" lon="2.3290107">
        <ele>98.3</ele>
        <time>2026-02-05T20:40:10Z</time>
        <hdop>3.2</hdop>
        <extensions>
          <osmand:provider>fused</osmand:provider>
          <osmand:heading>38.0</osmand:heading>
          <osmand:speed>0</osmand:speed>
        </extensions>
      </trkpt>
      <trkpt lat="48.8422003" lon="2.3290112">
        <ele>98.4</ele>
        <time>2026-02-05T20:40:11Z</time>
        <hdop>3</hdop>
        <extensions>
          <osmand:provider>fused</osmand:provider>
          <osmand:heading>38.0</osmand:heading>
        </extensions>
      </trkpt>
      <trkpt lat="48.8422004" lon="2.3290119">
        <ele>98.4</ele>
        <time>2026-02-05T20:40:12Z</time>
        <hdop>3</hdop>
        <extensions>
          <osmand:provider>fused</osmand:provider>
          <osmand:heading>38.0</osmand:heading>
        </extensions>
      </trkpt>
      <trkpt lat="48.8422011" lon="2.3290122">
        <ele>98.4</ele>
        <time>2026-02-05T20:40:13Z</time>
        <hdop>2.8</hdop>
        <extensions>
          <osmand:provider>fused</osmand:provider>
          <osmand:heading>38.0</osmand:heading>
        </extensions>
      </trkpt>
      <trkpt lat="48.8422016" lon="2.3290123">
        <ele>98.4</ele>
        <time>2026-02-05T20:40:14Z</time>
        <hdop>2.8</hdop>
        <extensions>
          <osmand:provider>fused</osmand:provider>
          <osmand:heading>38.0</osmand:heading>
        </extensions>
      </trkpt>
      <trkpt lat="48.8422022" lon="2.3290127">
        <ele>98.4</ele>
        <time>2026-02-05T20:40:15Z</time>
        <hdop>2.8</hdop>
        <extensions>
          <osmand:provider>fused</osmand:provider>
          <osmand:heading>38.0</osmand:heading>
        </extensions>
      </trkpt>
      <trkpt lat="48.8422028" lon="2.3290133">
        <ele>98.4</ele>
        <time>2026-02-05T20:40:16Z</time>
        <hdop>2.8</hdop>
        <extensions>
          <osmand:provider>fused</osmand:provider>
          <osmand:heading>38.0</osmand:heading>
        </extensions>
      </trkpt>
      <trkpt lat="48.8422034" lon="2.3290136">
        <ele>98.4</ele>
        <time>2026-02-05T20:40:17Z</time>
        <hdop>2.9</hdop>
        <extensions>
          <osmand:provider>fused</osmand:provider>
          <osmand:heading>38.0</osmand:heading>
        </extensions>
      </trkpt>
      <trkpt lat="48.8422034" lon="2.3290141">
        <ele>98.4</ele>
        <time>2026-02-05T20:40:18Z</time>
        <hdop>2.9</hdop>
        <extensions>
          <osmand:provider>fused</osmand:provider>
          <osmand:heading>38.0</osmand:heading>
        </extensions>
      </trkpt>
      <trkpt lat="48.8422038" lon="2.3290146">
        <ele>98.4</ele>
        <time>2026-02-05T20:40:19Z</time>
        <hdop>2.8</hdop>
        <extensions>
          <osmand:provider>fused</osmand:provider>
          <osmand:heading>38.0</osmand:heading>
        </extensions>
      </trkpt>
      <trkpt lat="48.8422039" lon="2.329015">
        <ele>98.4</ele>
        <time>2026-02-05T20:40:20Z</time>
        <hdop>2.7</hdop>
        <extensions>
          <osmand:provider>fused</osmand:provider>
          <osmand:heading>38.0</osmand:heading>
        </extensions>
      </trkpt>
      <trkpt lat="48.842204" lon="2.3290152">
        <ele>98.4</ele>
        <time>2026-02-05T20:40:21Z</time>
        <hdop>2.7</hdop>
        <extensions>
          <osmand:provider>fused</osmand:provider>
          <osmand:heading>38.0</osmand:heading>
        </extensions>
      </trkpt>
      <trkpt lat="48.8422043" lon="2.3290152">
        <ele>98.4</ele>
        <time>2026-02-05T20:40:22Z</time>
        <hdop>2.7</hdop>
        <extensions>
          <osmand:provider>fused</osmand:provider>
          <osmand:heading>38.0</osmand:heading>
        </extensions>
      </trkpt>
      <trkpt lat="48.8422046" lon="2.3290154">
        <ele>98.4</ele>
        <time>2026-02-05T20:40:23Z</time>
        <hdop>2.6</hdop>
        <extensions>
          <osmand:provider>fused</osmand:provider>
          <osmand:heading>38.0</osmand:heading>
        </extensions>
      </trkpt>
      <trkpt lat="48.8422043" lon="2.3290147">
        <ele>98.3</ele>
        <time>2026-02-05T20:40:24Z</time>
        <hdop>2.7</hdop>
        <extensions>
          <osmand:provider>fused</osmand:provider>
          <osmand:heading>38.0</osmand:heading>
        </extensions>
      </trkpt>
      <trkpt lat="48.8422074" lon="2.329026">
        <ele>98.3</ele>
        <time>2026-02-05T20:40:25Z</time>
        <hdop>2.7</hdop>
        <extensions>
          <osmand:provider>fused</osmand:provider>
          <osmand:heading>37.0</osmand:heading>
          <osmand:speed>0.4</osmand:speed>
        </extensions>
      </trkpt>
      <trkpt lat="48.8422062" lon="2.3290505">
        <ele>98.3</ele>
        <time>2026-02-05T20:40:26Z</time>
        <hdop>2.8</hdop>
        <extensions>
          <osmand:provider>fused</osmand:provider>
          <osmand:heading>37.0</osmand:heading>
          <osmand:speed>2</osmand:speed>
        </extensions>
      </trkpt>
      <trkpt lat="48.842211" lon="2.3290871">
        <ele>98.3</ele>
        <time>2026-02-05T20:40:27Z</time>
        <hdop>2.7</hdop>
        <extensions>
          <osmand:provider>fused</osmand:provider>
          <osmand:heading>37.0</osmand:heading>
          <osmand:speed>2.1</osmand:speed>
        </extensions>
      </trkpt>
      <trkpt lat="48.8421966" lon="2.3291286">
        <ele>98.3</ele>
        <time>2026-02-05T20:40:28Z</time>
        <hdop>2.6</hdop>
        <extensions>
          <osmand:provider>fused</osmand:provider>
          <osmand:heading>36.0</osmand:heading>
          <osmand:speed>3.6</osmand:speed>
        </extensions>
      </trkpt>
      <trkpt lat="48.8421764" lon="2.329184">
        <ele>98.3</ele>
        <time>2026-02-05T20:40:29Z</time>
        <hdop>2.6</hdop>
        <extensions>
          <osmand:provider>fused</osmand:provider>
          <osmand:heading>36.0</osmand:heading>
          <osmand:speed>4.7</osmand:speed>
        </extensions>
      </trkpt>
      <trkpt lat="48.8421395" lon="2.3292541">
        <ele>98.3</ele>
        <time>2026-02-05T20:40:30Z</time>
        <hdop>2.4</hdop>
        <extensions>
          <osmand:provider>fused</osmand:provider>
          <osmand:heading>36.0</osmand:heading>
          <osmand:speed>5.3</osmand:speed>
        </extensions>
      </trkpt>
      <trkpt lat="48.8421024" lon="2.3293216">
        <ele>98.5</ele>
        <time>2026-02-05T20:40:31Z</time>
        <hdop>2.3</hdop>
        <extensions>
          <osmand:provider>fused</osmand:provider>
          <osmand:heading>37.0</osmand:heading>
          <osmand:speed>5.6</osmand:speed>
        </extensions>
      </trkpt>
      <trkpt lat="48.8420745" lon="2.3293963">
        <ele>98.5</ele>
        <time>2026-02-05T20:40:32Z</time>
        <hdop>2.2</hdop>
        <extensions>
          <osmand:provider>fused</osmand:provider>
          <osmand:heading>38.0</osmand:heading>
          <osmand:speed>5.6</osmand:speed>
        </extensions>
      </trkpt>
      <trkpt lat="48.8420562" lon="2.3294569">
        <ele>98.5</ele>
        <time>2026-02-05T20:40:33Z</time>
        <hdop>2.1</hdop>
        <extensions>
          <osmand:provider>fused</osmand:provider>
          <osmand:heading>39.0</osmand:heading>
          <osmand:speed>5</osmand:speed>
        </extensions>
      </trkpt>
      <trkpt lat="48.8420413" lon="2.3295052">
        <ele>98.5</ele>
        <time>2026-02-05T20:40:34Z</time>
        <hdop>2</hdop>
        <extensions>
          <osmand:provider>fused</osmand:provider>
          <osmand:heading>40.0</osmand:heading>
          <osmand:speed>4.1</osmand:speed>
        </extensions>
      </trkpt>
      <trkpt lat="48.8420377" lon="2.3295515">
        <ele>98.5</ele>
        <time>2026-02-05T20:40:35Z</time>
        <hdop>2</hdop>
        <extensions>
          <osmand:provider>fused</osmand:provider>
          <osmand:heading>43.0</osmand:heading>
          <osmand:speed>3.5</osmand:speed>
        </extensions>
      </trkpt>
      <trkpt lat="48.8420323" lon="2.3295983">
        <ele>98.5</ele>
        <time>2026-02-05T20:40:36Z</time>
        <hdop>2.1</hdop>
        <extensions>
          <osmand:provider>fused</osmand:provider>
          <osmand:heading>42.0</osmand:heading>
          <osmand:speed>3.3</osmand:speed>
        </extensions>
      </trkpt>
      <trkpt lat="48.8420385" lon="2.3296373">
        <ele>98.5</ele>
        <time>2026-02-05T20:40:37Z</time>
        <hdop>2.2</hdop>
        <extensions>
          <osmand:provider>fused</osmand:provider>
          <osmand:heading>39.0</osmand:heading>
          <osmand:speed>2.6</osmand:speed>
        </extensions>
      </trkpt>
      <trkpt lat="48.8420492" lon="2.3296509">
        <ele>98.5</ele>
        <time>2026-02-05T20:40:38Z</time>
        <hdop>2.2</hdop>
        <extensions>
          <osmand:provider>fused</osmand:provider>
          <osmand:heading>33.0</osmand:heading>
          <osmand:speed>1.2</osmand:speed>
        </extensions>
      </trkpt>
      <trkpt lat="48.842058" lon="2.3296526">
        <ele>98.5</ele>
        <time>2026-02-05T20:40:39Z</time>
        <hdop>2.2</hdop>
        <extensions>
          <osmand:provider>fused</osmand:provider>
          <osmand:heading>28.0</osmand:heading>
          <osmand:speed>1.1</osmand:speed>
        </extensions>
      </trkpt>
      <trkpt lat="48.8420693" lon="2.329652">
        <ele>98.5</ele>
        <time>2026-02-05T20:40:40Z</time>
        <hdop>2.3</hdop>
        <extensions>
          <osmand:provider>fused</osmand:provider>
          <osmand:heading>24.0</osmand:heading>
          <osmand:speed>1.4</osmand:speed>
        </extensions>
      </trkpt>
      <trkpt lat="48.8420846" lon="2.3296495">
        <ele>98.5</ele>
        <time>2026-02-05T20:40:41Z</time>
        <hdop>2.4</hdop>
        <extensions>
          <osmand:provider>fused</osmand:provider>
          <osmand:heading>22.0</osmand:heading>
          <osmand:speed>1.2</osmand:speed>
        </extensions>
      </trkpt>
      <trkpt lat="48.8420916" lon="2.3296518">
        <ele>98.5</ele>
        <time>2026-02-05T20:40:42Z</time>
        <hdop>2.4</hdop>
        <extensions>
          <osmand:provider>fused</osmand:provider>
          <osmand:heading>21.0</osmand:heading>
          <osmand:speed>1.3</osmand:speed>
        </extensions>
      </trkpt>
      <trkpt lat="48.8421051" lon="2.3296569">
        <ele>98.5</ele>
        <time>2026-02-05T20:40:43Z</time>
        <hdop>2.6</hdop>
        <extensions>
          <osmand:provider>fused</osmand:provider>
          <osmand:heading>21.0</osmand:heading>
          <osmand:speed>2.4</osmand:speed>
        </extensions>
      </trkpt>
      <trkpt lat="48.8421253" lon="2.3296596">
        <ele>98.5</ele>
        <time>2026-02-05T20:40:44Z</time>
        <hdop>2.7</hdop>
        <extensions>
          <osmand:provider>fused</osmand:provider>
          <osmand:heading>19.0</osmand:heading>
          <osmand:speed>2.5</osmand:speed>
        </extensions>
      </trkpt>
      <trkpt lat="48.842151" lon="2.3296617">
        <ele>98.5</ele>
        <time>2026-02-05T20:40:45Z</time>
        <hdop>2.8</hdop>
        <extensions>
          <osmand:provider>fused</osmand:provider>
          <osmand:heading>13.0</osmand:heading>
          <osmand:speed>3.2</osmand:speed>
        </extensions>
      </trkpt>
      <trkpt lat="48.8421829" lon="2.329655">
        <ele>98.5</ele>
        <time>2026-02-05T20:40:46Z</time>
        <hdop>2.9</hdop>
        <extensions>
          <osmand:provider>fused</osmand:provider>
          <osmand:heading>6.0</osmand:heading>
          <osmand:speed>3.7</osmand:speed>
        </extensions>
      </trkpt>
      <trkpt lat="48.8422254" lon="2.3296431">
        <ele>98.5</ele>
        <time>2026-02-05T20:40:47Z</time>
        <hdop>3</hdop>
        <extensions>
          <osmand:provider>fused</osmand:provider>
          <osmand:heading>359.0</osmand:heading>
          <osmand:speed>4.3</osmand:speed>
        </extensions>
      </trkpt>
      <trkpt lat="48.8422871" lon="2.329629">
        <ele>98.5</ele>
        <time>2026-02-05T20:40:48Z</time>
        <hdop>3</hdop>
        <extensions>
          <osmand:provider>fused</osmand:provider>
          <osmand:heading>354.0</osmand:heading>
          <osmand:speed>6</osmand:speed>
        </extensions>
      </trkpt>
      <trkpt lat="48.8423574" lon="2.3296204">
        <ele>98.5</ele>
        <time>2026-02-05T20:40:49Z</time>
        <hdop>3</hdop>
        <extensions>
          <osmand:provider>fused</osmand:provider>
          <osmand:heading>352.0</osmand:heading>
          <osmand:speed>6.5</osmand:speed>
        </extensions>
      </trkpt>
      <trkpt lat="48.84242" lon="2.3296004">
        <ele>98.5</ele>
        <time>2026-02-05T20:40:50Z</time>
        <hdop>3</hdop>
        <extensions>
          <osmand:provider>fused</osmand:provider>
          <osmand:heading>351.0</osmand:heading>
          <osmand:speed>6.1</osmand:speed>
        </extensions>
      </trkpt>
      <trkpt lat="48.8424691" lon="2.3295737">
        <ele>98.5</ele>
        <time>2026-02-05T20:40:51Z</time>
        <hdop>3</hdop>
        <extensions>
          <osmand:provider>fused</osmand:provider>
          <osmand:heading>350.0</osmand:heading>
          <osmand:speed>5.9</osmand:speed>
        </extensions>
      </trkpt>
      <trkpt lat="48.8425201" lon="2.3295397">
        <ele>98.5</ele>
        <time>2026-02-05T20:40:52Z</time>
        <hdop>3</hdop>
        <extensions>
          <osmand:provider>fused</osmand:provider>
          <osmand:heading>349.0</osmand:heading>
          <osmand:speed>5.7</osmand:speed>
        </extensions>
      </trkpt>
      <trkpt lat="48.8425687" lon="2.3295114">
        <ele>98.5</ele>
        <time>2026-02-05T20:40:53Z</time>
        <hdop>2.9</hdop>
        <extensions>
          <osmand:provider>fused</osmand:provider>
          <osmand:heading>349.0</osmand:heading>
          <osmand:speed>5.4</osmand:speed>
        </extensions>
      </trkpt>
      <trkpt lat="48.8426188" lon="2.3294683">
        <ele>98.5</ele>
        <time>2026-02-05T20:40:54Z</time>
        <hdop>2.8</hdop>
        <extensions>
          <osmand:provider>fused</osmand:provider>
          <osmand:heading>348.0</osmand:heading>
          <osmand:speed>5.7</osmand:speed>
        </extensions>
      </trkpt>
      <trkpt lat="48.8426675" lon="2.329443">
        <ele>98.5</ele>
        <time>2026-02-05T20:40:55Z</time>
        <hdop>2.8</hdop>
        <extensions>
          <osmand:provider>fused</osmand:provider>
          <osmand:heading>348.0</osmand:heading>
          <osmand:speed>4.9</osmand:speed>
        </extensions>
      </trkpt>
      <trkpt lat="48.8427189" lon="2.3294216">
        <ele>98.5</ele>
        <time>2026-02-05T20:40:56Z</time>
        <hdop>2.8</hdop>
        <extensions>
          <osmand:provider>fused</osmand:provider>
          <osmand:heading>348.0</osmand:heading>
          <osmand:speed>5</osmand:speed>
        </extensions>
      </trkpt>
      <trkpt lat="48.8427617" lon="2.3294076">
        <ele>98.5</ele>
        <time>2026-02-05T20:40:57Z</time>
        <hdop>2.8</hdop>
        <extensions>
          <osmand:provider>fused</osmand:provider>
          <osmand:heading>348.0</osmand:heading>
          <osmand:speed>4.9</osmand:speed>
        </extensions>
      </trkpt>
      <trkpt lat="48.8428084" lon="2.3293915">
        <ele>96.5</ele>
        <time>2026-02-05T20:40:58Z</time>
        <hdop>2.8</hdop>
        <extensions>
          <osmand:provider>fused</osmand:provider>
          <osmand:heading>348.0</osmand:heading>
          <osmand:speed>5</osmand:speed>
        </extensions>
      </trkpt>
      <trkpt lat="48.8428537" lon="2.3293711">
        <ele>96.5</ele>
        <time>2026-02-05T20:40:59Z</time>
        <hdop>2.9</hdop>
        <extensions>
          <osmand:provider>fused</osmand:provider>
          <osmand:heading>348.0</osmand:heading>
          <osmand:speed>4.3</osmand:speed>
        </extensions>
      </trkpt>
      <trkpt lat="48.8428951" lon="2.3293622">
        <ele>96.5</ele>
        <time>2026-02-05T20:41:00Z</time>
        <hdop>3</hdop>
        <extensions>
          <osmand:provider>fused</osmand:provider>
          <osmand:heading>349.0</osmand:heading>
          <osmand:speed>4.7</osmand:speed>
        </extensions>
      </trkpt>
      <trkpt lat="48.842945" lon="2.3293374">
        <ele>96.5</ele>
        <time>2026-02-05T20:41:01Z</time>
        <hdop>3</hdop>
        <extensions>
          <osmand:provider>fused</osmand:provider>
          <osmand:heading>350.0</osmand:heading>
          <osmand:speed>6</osmand:speed>
        </extensions>
      </trkpt>
      <trkpt lat="48.8430003" lon="2.3293173">
        <ele>96.5</ele>
        <time>2026-02-05T20:41:02Z</time>
        <hdop>3</hdop>
        <extensions>
          <osmand:provider>fused</osmand:provider>
          <osmand:heading>350.0</osmand:heading>
          <osmand:speed>6.6</osmand:speed>
        </extensions>
      </trkpt>
      <trkpt lat="48.8430629" lon="2.3293042">
        <ele>96.5</ele>
        <time>2026-02-05T20:41:03Z</time>
        <hdop>3</hdop>
        <extensions>
          <osmand:provider>fused</osmand:provider>
          <osmand:heading>348.0</osmand:heading>
          <osmand:speed>7.5</osmand:speed>
        </extensions>
      </trkpt>
      <trkpt lat="48.8431427" lon="2.3293062">
        <ele>96.5</ele>
        <time>2026-02-05T20:41:04Z</time>
        <hdop>2.9</hdop>
        <extensions>
          <osmand:provider>fused</osmand:provider>
          <osmand:heading>349.0</osmand:heading>
          <osmand:speed>7.7</osmand:speed>
        </extensions>
      </trkpt>
      <trkpt lat="48.8431973" lon="2.3292585">
        <ele>96.5</ele>
        <time>2026-02-05T20:41:05Z</time>
        <hdop>2.9</hdop>
        <extensions>
          <osmand:provider>fused</osmand:provider>
          <osmand:heading>349.0</osmand:heading>
          <osmand:speed>7.4</osmand:speed>
        </extensions>
      </trkpt>
      <trkpt lat="48.8432631" lon="2.3292278">
        <ele>96.5</ele>
        <time>2026-02-05T20:41:06Z</time>
        <hdop>3</hdop>
        <extensions>
          <osmand:provider>fused</osmand:provider>
          <osmand:heading>350.0</osmand:heading>
          <osmand:speed>6.9</osmand:speed>
        </extensions>
      </trkpt>
      <trkpt lat="48.843328" lon="2.3292003">
        <ele>96.5</ele>
        <time>2026-02-05T20:41:07Z</time>
        <hdop>3.2</hdop>
        <extensions>
          <osmand:provider>fused</osmand:provider>
          <osmand:heading>351.0</osmand:heading>
          <osmand:speed>6.4</osmand:speed>
        </extensions>
      </trkpt>
      <trkpt lat="48.8434271" lon="2.3291647">
        <ele>96.5</ele>
        <time>2026-02-05T20:41:08Z</time>
        <hdop>3.3</hdop>
        <extensions>
          <osmand:provider>fused</osmand:provider>
          <osmand:heading>352.0</osmand:heading>
          <osmand:speed>10.4</osmand:speed>
        </extensions>
      </trkpt>
      <trkpt lat="48.8435346" lon="2.3291286">
        <ele>96.5</ele>
        <time>2026-02-05T20:41:09Z</time>
        <hdop>3.4</hdop>
        <extensions>
          <osmand:provider>fused</osmand:provider>
          <osmand:heading>353.0</osmand:heading>
          <osmand:speed>10.9</osmand:speed>
        </extensions>
      </trkpt>
      <trkpt lat="48.8436392" lon="2.3291027">
        <ele>96.5</ele>
        <time>2026-02-05T20:41:10Z</time>
        <hdop>3.6</hdop>
        <extensions>
          <osmand:provider>fused</osmand:provider>
          <osmand:heading>353.0</osmand:heading>
          <osmand:speed>10.9</osmand:speed>
        </extensions>
      </trkpt>
      <trkpt lat="48.8437523" lon="2.3290784">
        <ele>96.5</ele>
        <time>2026-02-05T20:41:11Z</time>
        <hdop>3.8</hdop>
        <extensions>
          <osmand:provider>fused</osmand:provider>
          <osmand:heading>353.0</osmand:heading>
          <osmand:speed>11.5</osmand:speed>
        </extensions>
      </trkpt>
      <trkpt lat="48.8438546" lon="2.3290441">
        <ele>96.5</ele>
        <time>2026-02-05T20:41:12Z</time>
        <hdop>3.8</hdop>
        <extensions>
          <osmand:provider>fused</osmand:provider>
          <osmand:heading>353.0</osmand:heading>
          <osmand:speed>11.6</osmand:speed>
        </extensions>
      </trkpt>
      <trkpt lat="48.8439623" lon="2.329013">
        <ele>96.5</ele>
        <time>2026-02-05T20:41:13Z</time>
        <hdop>3.9</hdop>
        <extensions>
          <osmand:provider>fused</osmand:provider>
          <osmand:heading>354.0</osmand:heading>
          <osmand:speed>11.3</osmand:speed>
        </extensions>
      </trkpt>
      <trkpt lat="48.8440599" lon="2.3289856">
        <ele>96.5</ele>
        <time>2026-02-05T20:41:14Z</time>
        <hdop>3.9</hdop>
        <extensions>
          <osmand:provider>fused</osmand:provider>
          <osmand:heading>354.0</osmand:heading>
          <osmand:speed>10.6</osmand:speed>
        </extensions>
      </trkpt>
      <trkpt lat="48.8441539" lon="2.3289551">
        <ele>96.5</ele>
        <time>2026-02-05T20:41:15Z</time>
        <hdop>4</hdop>
        <extensions>
          <osmand:provider>fused</osmand:provider>
          <osmand:heading>355.0</osmand:heading>
          <osmand:speed>10.5</osmand:speed>
        </extensions>
      </trkpt>
      <trkpt lat="48.8442451" lon="2.3289231">
        <ele>96.5</ele>
        <time>2026-02-05T20:41:16Z</time>
        <hdop>4</hdop>
        <extensions>
          <osmand:provider>fused</osmand:provider>
          <osmand:heading>355.0</osmand:heading>
          <osmand:speed>9.6</osmand:speed>
        </extensions>
      </trkpt>
      <trkpt lat="48.8443382" lon="2.3289158">
        <ele>96.5</ele>
        <time>2026-02-05T20:41:17Z</time>
        <hdop>4</hdop>
        <extensions>
          <osmand:provider>fused</osmand:provider>
          <osmand:heading>355.0</osmand:heading>
          <osmand:speed>9.3</osmand:speed>
        </extensions>
      </trkpt>
      <trkpt lat="48.8444143" lon="2.328908">
        <ele>96.5</ele>
        <time>2026-02-05T20:41:18Z</time>
        <hdop>4</hdop>
        <extensions>
          <osmand:provider>fused</osmand:provider>
          <osmand:heading>356.0</osmand:heading>
          <osmand:speed>8.5</osmand:speed>
        </extensions>
      </trkpt>
      <trkpt lat="48.8444945" lon="2.3288889">
        <ele>94.3</ele>
        <time>2026-02-05T20:41:19Z</time>
        <hdop>4</hdop>
        <extensions>
          <osmand:provider>fused</osmand:provider>
          <osmand:heading>356.0</osmand:heading>
          <osmand:speed>7.9</osmand:speed>
        </extensions>
      </trkpt>
      <trkpt lat="48.8445581" lon="2.3288616">
        <ele>93.9</ele>
        <time>2026-02-05T20:41:20Z</time>
        <hdop>3.9</hdop>
        <extensions>
          <osmand:provider>fused</osmand:provider>
          <osmand:heading>356.0</osmand:heading>
          <osmand:speed>7.5</osmand:speed>
        </extensions>
      </trkpt>
      <trkpt lat="48.8446155" lon="2.3288524">
        <ele>93.7</ele>
        <time>2026-02-05T20:41:21Z</time>
        <hdop>3.8</hdop>
        <extensions>
          <osmand:provider>fused</osmand:provider>
          <osmand:heading>357.0</osmand:heading>
          <osmand:speed>5.7</osmand:speed>
        </extensions>
      </trkpt>
      <trkpt lat="48.8446528" lon="2.3288493">
        <ele>93.6</ele>
        <time>2026-02-05T20:41:22Z</time>
        <hdop>3.7</hdop>
        <extensions>
          <osmand:provider>fused</osmand:provider>
          <osmand:heading>358.0</osmand:heading>
          <osmand:speed>4.3</osmand:speed>
        </extensions>
      </trkpt>
      <trkpt lat="48.8446818" lon="2.3288453">
        <ele>91.8</ele>
        <time>2026-02-05T20:41:23Z</time>
        <hdop>3.4</hdop>
        <extensions>
          <osmand:provider>fused</osmand:provider>
          <osmand:heading>358.0</osmand:heading>
          <osmand:speed>2.7</osmand:speed>
        </extensions>
      </trkpt>
      <trkpt lat="48.844697" lon="2.3288509">
        <ele>91.8</ele>
        <time>2026-02-05T20:41:24Z</time>
        <hdop>3.3</hdop>
        <extensions>
          <osmand:provider>fused</osmand:provider>
          <osmand:heading>358.0</osmand:heading>
          <osmand:speed>1.3</osmand:speed>
        </extensions>
      </trkpt>
      <trkpt lat="48.84471" lon="2.3288507">
        <ele>91.8</ele>
        <time>2026-02-05T20:41:25Z</time>
        <hdop>3.2</hdop>
        <extensions>
          <osmand:provider>fused</osmand:provider>
          <osmand:heading>358.0</osmand:heading>
          <osmand:speed>1</osmand:speed>
        </extensions>
      </trkpt>
      <trkpt lat="48.8447167" lon="2.3288572">
        <ele>91.3</ele>
        <time>2026-02-05T20:41:26Z</time>
        <hdop>3.1</hdop>
        <extensions>
          <osmand:provider>fused</osmand:provider>
          <osmand:heading>357.0</osmand:heading>
          <osmand:speed>0.2</osmand:speed>
        </extensions>
      </trkpt>
      <trkpt lat="48.8447187" lon="2.3288698">
        <ele>91.3</ele>
        <time>2026-02-05T20:41:27Z</time>
        <hdop>3.1</hdop>
        <extensions>
          <osmand:provider>fused</osmand:provider>
          <osmand:heading>356.0</osmand:heading>
          <osmand:speed>0.1</osmand:speed>
        </extensions>
      </trkpt>
      <trkpt lat="48.8447233" lon="2.3288834">
        <ele>91.3</ele>
        <time>2026-02-05T20:41:28Z</time>
        <hdop>3.1</hdop>
        <extensions>
          <osmand:provider>fused</osmand:provider>
          <osmand:heading>356.0</osmand:heading>
          <osmand:speed>0.1</osmand:speed>
        </extensions>
      </trkpt>
      <trkpt lat="48.8447215" lon="2.328884">
        <ele>91.3</ele>
        <time>2026-02-05T20:41:29Z</time>
        <hdop>3.1</hdop>
        <extensions>
          <osmand:provider>fused</osmand:provider>
          <osmand:heading>356.0</osmand:heading>
          <osmand:speed>0.1</osmand:speed>
        </extensions>
      </trkpt>
      <trkpt lat="48.8447285" lon="2.3288959">
        <ele>91.3</ele>
        <time>2026-02-05T20:41:30Z</time>
        <hdop>3.1</hdop>
        <extensions>
          <osmand:provider>fused</osmand:provider>
          <osmand:heading>356.0</osmand:heading>
          <osmand:speed>0.4</osmand:speed>
        </extensions>
      </trkpt>
      <trkpt lat="48.8447372" lon="2.3288964">
        <ele>91.3</ele>
        <time>2026-02-05T20:41:31Z</time>
        <hdop>3.1</hdop>
        <extensions>
          <osmand:provider>fused</osmand:provider>
          <osmand:heading>356.0</osmand:heading>
          <osmand:speed>0.2</osmand:speed>
        </extensions>
      </trkpt>
      <trkpt lat="48.8447409" lon="2.3288847">
        <ele>91.3</ele>
        <time>2026-02-05T20:41:32Z</time>
        <hdop>2.9</hdop>
        <extensions>
          <osmand:provider>fused</osmand:provider>
          <osmand:heading>356.0</osmand:heading>
          <osmand:speed>0</osmand:speed>
        </extensions>
      </trkpt>
      <trkpt lat="48.8447459" lon="2.3288886">
        <ele>91.3</ele>
        <time>2026-02-05T20:41:33Z</time>
        <hdop>2.9</hdop>
        <extensions>
          <osmand:provider>fused</osmand:provider>
          <osmand:heading>356.0</osmand:heading>
          <osmand:speed>0.2</osmand:speed>
        </extensions>
      </trkpt>
      <trkpt lat="48.8447499" lon="2.3288872">
        <ele>91.3</ele>
        <time>2026-02-05T20:41:34Z</time>
        <hdop>2.9</hdop>
        <extensions>
          <osmand:provider>fused</osmand:provider>
          <osmand:heading>355.0</osmand:heading>
          <osmand:speed>0.1</osmand:speed>
        </extensions>
      </trkpt>
      <trkpt lat="48.8447516" lon="2.3288886">
        <ele>91.3</ele>
        <time>2026-02-05T20:41:35Z</time>
        <hdop>2.8</hdop>
        <extensions>
          <osmand:provider>fused</osmand:provider>
          <osmand:heading>353.0</osmand:heading>
          <osmand:speed>0.1</osmand:speed>
        </extensions>
      </trkpt>
      <trkpt lat="48.84475" lon="2.3288862">
        <ele>91.3</ele>
        <time>2026-02-05T20:41:36Z</time>
        <hdop>2.8</hdop>
        <extensions>
          <osmand:provider>fused</osmand:provider>
          <osmand:heading>353.0</osmand:heading>
          <osmand:speed>0.1</osmand:speed>
        </extensions>
      </trkpt>
      <trkpt lat="48.8447468" lon="2.3288734">
        <ele>91.3</ele>
        <time>2026-02-05T20:41:37Z</time>
        <hdop>2.8</hdop>
        <extensions>
          <osmand:provider>fused</osmand:provider>
          <osmand:heading>352.0</osmand:heading>
          <osmand:speed>0.2</osmand:speed>
        </extensions>
      </trkpt>
      <trkpt lat="48.8447479" lon="2.3288649">
        <ele>91.3</ele>
        <time>2026-02-05T20:41:38Z</time>
        <hdop>2.8</hdop>
        <extensions>
          <osmand:provider>fused</osmand:provider>
          <osmand:heading>352.0</osmand:heading>
          <osmand:speed>0.6</osmand:speed>
        </extensions>
      </trkpt>
      <trkpt lat="48.8447562" lon="2.3288611">
        <ele>91.3</ele>
        <time>2026-02-05T20:41:39Z</time>
        <hdop>2.8</hdop>
        <extensions>
          <osmand:provider>fused</osmand:provider>
          <osmand:heading>352.0</osmand:heading>
          <osmand:speed>0.4</osmand:speed>
        </extensions>
      </trkpt>
      <trkpt lat="48.844759" lon="2.3288651">
        <ele>91.3</ele>
        <time>2026-02-05T20:41:40Z</time>
        <hdop>2.9</hdop>
        <extensions>
          <osmand:provider>fused</osmand:provider>
          <osmand:heading>352.0</osmand:heading>
          <osmand:speed>0.5</osmand:speed>
        </extensions>
      </trkpt>
      <trkpt lat="48.8447623" lon="2.3288598">
        <ele>91.3</ele>
        <time>2026-02-05T20:41:41Z</time>
        <hdop>2.9</hdop>
        <extensions>
          <osmand:provider>fused</osmand:provider>
          <osmand:heading>352.0</osmand:heading>
          <osmand:speed>0.6</osmand:speed>
        </extensions>
      </trkpt>
      <trkpt lat="48.8447693" lon="2.3288505">
        <ele>91.3</ele>
        <time>2026-02-05T20:41:42Z</time>
        <hdop>2.9</hdop>
        <extensions>
          <osmand:provider>fused</osmand:provider>
          <osmand:heading>352.0</osmand:heading>
          <osmand:speed>0.7</osmand:speed>
        </extensions>
      </trkpt>
      <trkpt lat="48.8447745" lon="2.3288571">
        <ele>91.3</ele>
        <time>2026-02-05T20:41:43Z</time>
        <hdop>3</hdop>
        <extensions>
          <osmand:provider>fused</osmand:provider>
          <osmand:heading>352.0</osmand:heading>
          <osmand:speed>0.9</osmand:speed>
        </extensions>
      </trkpt>
      <trkpt lat="48.844782" lon="2.3288559">
        <ele>91.3</ele>
        <time>2026-02-05T20:41:44Z</time>
        <hdop>2.9</hdop>
        <extensions>
          <osmand:provider>fused</osmand:provider>
          <osmand:heading>352.0</osmand:heading>
          <osmand:speed>0.8</osmand:speed>
        </extensions>
      </trkpt>
      <trkpt lat="48.8447815" lon="2.3288578">
        <ele>91.3</ele>
        <time>2026-02-05T20:41:45Z</time>
        <hdop>2.8</hdop>
        <extensions>
          <osmand:provider>fused</osmand:provider>
          <osmand:heading>352.0</osmand:heading>
          <osmand:speed>0.8</osmand:speed>
        </extensions>
      </trkpt>
      <trkpt lat="48.8447801" lon="2.3288559">
        <ele>91.3</ele>
        <time>2026-02-05T20:41:46Z</time>
        <hdop>2.7</hdop>
        <extensions>
          <osmand:provider>fused</osmand:provider>
          <osmand:heading>352.0</osmand:heading>
          <osmand:speed>0.8</osmand:speed>
        </extensions>
      </trkpt>
      <trkpt lat="48.8447834" lon="2.328852">
        <ele>91.3</ele>
        <time>2026-02-05T20:41:47Z</time>
        <hdop>2.7</hdop>
        <extensions>
          <osmand:provider>fused</osmand:provider>
          <osmand:heading>352.0</osmand:heading>
          <osmand:speed>0.3</osmand:speed>
        </extensions>
      </trkpt>
      <trkpt lat="48.8447832" lon="2.3288514">
        <ele>91.3</ele>
        <time>2026-02-05T20:41:48Z</time>
        <hdop>2.7</hdop>
        <extensions>
          <osmand:provider>fused</osmand:provider>
          <osmand:heading>352.0</osmand:heading>
          <osmand:speed>0</osmand:speed>
        </extensions>
      </trkpt>
      <trkpt lat="48.8447833" lon="2.3288512">
        <ele>91.3</ele>
        <time>2026-02-05T20:41:49Z</time>
        <hdop>2.6</hdop>
        <extensions>
          <osmand:provider>fused</osmand:provider>
          <osmand:heading>352.0</osmand:heading>
        </extensions>
      </trkpt>
      <trkpt lat="48.8447831" lon="2.3288511">
        <ele>91.3</ele>
        <time>2026-02-05T20:41:50Z</time>
        <hdop>2.6</hdop>
        <extensions>
          <osmand:provider>fused</osmand:provider>
          <osmand:heading>352.0</osmand:heading>
        </extensions>
      </trkpt>
      <trkpt lat="48.8447789" lon="2.3288437">
        <ele>91.3</ele>
        <time>2026-02-05T20:41:51Z</time>
        <hdop>2.6</hdop>
        <extensions>
          <osmand:provider>fused</osmand:provider>
          <osmand:heading>352.0</osmand:heading>
          <osmand:speed>0.1</osmand:speed>
        </extensions>
      </trkpt>
      <trkpt lat="48.8447786" lon="2.3288436">
        <ele>91.3</ele>
        <time>2026-02-05T20:41:52Z</time>
        <hdop>2.6</hdop>
        <extensions>
          <osmand:provider>fused</osmand:provider>
          <osmand:heading>352.0</osmand:heading>
        </extensions>
      </trkpt>
      <trkpt lat="48.8447784" lon="2.3288431">
        <ele>91.3</ele>
        <time>2026-02-05T20:41:53Z</time>
        <hdop>2.5</hdop>
        <extensions>
          <osmand:provider>fused</osmand:provider>
          <osmand:heading>352.0</osmand:heading>
        </extensions>
      </trkpt>
      <trkpt lat="48.8447782" lon="2.3288428">
        <ele>91.3</ele>
        <time>2026-02-05T20:41:54Z</time>
        <hdop>2.6</hdop>
        <extensions>
          <osmand:provider>fused</osmand:provider>
          <osmand:heading>352.0</osmand:heading>
        </extensions>
      </trkpt>
      <trkpt lat="48.8447779" lon="2.3288422">
        <ele>91.3</ele>
        <time>2026-02-05T20:41:55Z</time>
        <hdop>2.6</hdop>
        <extensions>
          <osmand:provider>fused</osmand:provider>
          <osmand:heading>352.0</osmand:heading>
        </extensions>
      </trkpt>
      <trkpt lat="48.8447778" lon="2.3288418">
        <ele>91.3</ele>
        <time>2026-02-05T20:41:56Z</time>
        <hdop>2.6</hdop>
        <extensions>
          <osmand:provider>fused</osmand:provider>
          <osmand:heading>352.0</osmand:heading>
        </extensions>
      </trkpt>
      <trkpt lat="48.8447776" lon="2.3288417">
        <ele>91.3</ele>
        <time>2026-02-05T20:41:57Z</time>
        <hdop>2.6</hdop>
        <extensions>
          <osmand:provider>fused</osmand:provider>
          <osmand:heading>352.0</osmand:heading>
        </extensions>
      </trkpt>
      <trkpt lat="48.8447775" lon="2.3288417">
        <ele>91.3</ele>
        <time>2026-02-05T20:41:58Z</time>
        <hdop>2.6</hdop>
        <extensions>
          <osmand:provider>fused</osmand:provider>
          <osmand:heading>352.0</osmand:heading>
        </extensions>
      </trkpt>
      <trkpt lat="48.8447774" lon="2.3288414">
        <ele>91.3</ele>
        <time>2026-02-05T20:41:59Z</time>
        <hdop>2.5</hdop>
        <extensions>
          <osmand:provider>fused</osmand:provider>
          <osmand:heading>352.0</osmand:heading>
        </extensions>
      </trkpt>
      <trkpt lat="48.8447774" lon="2.3288412">
        <ele>91.3</ele>
        <time>2026-02-05T20:42:00Z</time>
        <hdop>2.6</hdop>
        <extensions>
          <osmand:provider>fused</osmand:provider>
          <osmand:heading>352.0</osmand:heading>
        </extensions>
      </trkpt>
      <trkpt lat="48.8447773" lon="2.3288409">
        <ele>91.3</ele>
        <time>2026-02-05T20:42:01Z</time>
        <hdop>2.6</hdop>
        <extensions>
          <osmand:provider>fused</osmand:provider>
          <osmand:heading>352.0</osmand:heading>
        </extensions>
      </trkpt>
      <trkpt lat="48.8447773" lon="2.3288411">
        <ele>91.3</ele>
        <time>2026-02-05T20:42:02Z</time>
        <hdop>2.6</hdop>
        <extensions>
          <osmand:provider>fused</osmand:provider>
          <osmand:heading>352.0</osmand:heading>
        </extensions>
      </trkpt>
      <trkpt lat="48.8447773" lon="2.3288412">
        <ele>91.3</ele>
        <time>2026-02-05T20:42:03Z</time>
        <hdop>2.6</hdop>
        <extensions>
          <osmand:provider>fused</osmand:provider>
          <osmand:heading>352.0</osmand:heading>
        </extensions>
      </trkpt>
      <trkpt lat="48.8447765" lon="2.3288332">
        <ele>91.3</ele>
        <time>2026-02-05T20:42:04Z</time>
        <hdop>2.6</hdop>
        <extensions>
          <osmand:provider>fused</osmand:provider>
          <osmand:heading>351.0</osmand:heading>
          <osmand:speed>0.3</osmand:speed>
        </extensions>
      </trkpt>
      <trkpt lat="48.8447857" lon="2.3288291">
        <ele>91.3</ele>
        <time>2026-02-05T20:42:05Z</time>
        <hdop>2.5</hdop>
        <extensions>
          <osmand:provider>fused</osmand:provider>
          <osmand:heading>350.0</osmand:heading>
          <osmand:speed>1.8</osmand:speed>
        </extensions>
      </trkpt>
      <trkpt lat="48.8448051" lon="2.3288213">
        <ele>91.2</ele>
        <time>2026-02-05T20:42:06Z</time>
        <hdop>2.5</hdop>
        <extensions>
          <osmand:provider>fused</osmand:provider>
          <osmand:heading>350.0</osmand:heading>
          <osmand:speed>3.1</osmand:speed>
        </extensions>
      </trkpt>
      <trkpt lat="48.8448343" lon="2.3288057">
        <ele>91.2</ele>
        <time>2026-02-05T20:42:07Z</time>
        <hdop>2.5</hdop>
        <extensions>
          <osmand:provider>fused</osmand:provider>
          <osmand:heading>350.0</osmand:heading>
          <osmand:speed>3.8</osmand:speed>
        </extensions>
      </trkpt>
      <trkpt lat="48.8448741" lon="2.3287954">
        <ele>91.2</ele>
        <time>2026-02-05T20:42:08Z</time>
        <hdop>2.6</hdop>
        <extensions>
          <osmand:provider>fused</osmand:provider>
          <osmand:heading>350.0</osmand:heading>
          <osmand:speed>4.6</osmand:speed>
        </extensions>
      </trkpt>
      <trkpt lat="48.8449288" lon="2.3287819">
        <ele>91.2</ele>
        <time>2026-02-05T20:42:09Z</time>
        <hdop>2.6</hdop>
        <extensions>
          <osmand:provider>fused</osmand:provider>
          <osmand:heading>350.0</osmand:heading>
          <osmand:speed>5.2</osmand:speed>
        </extensions>
      </trkpt>
      <trkpt lat="48.8449799" lon="2.3287649">
        <ele>91.2</ele>
        <time>2026-02-05T20:42:10Z</time>
        <hdop>2.6</hdop>
        <extensions>
          <osmand:provider>fused</osmand:provider>
          <osmand:heading>350.0</osmand:heading>
          <osmand:speed>5.9</osmand:speed>
        </extensions>
      </trkpt>
      <trkpt lat="48.845041" lon="2.3287444">
        <ele>91.2</ele>
        <time>2026-02-05T20:42:11Z</time>
        <hdop>2.6</hdop>
        <extensions>
          <osmand:provider>fused</osmand:provider>
          <osmand:heading>349.0</osmand:heading>
          <osmand:speed>7</osmand:speed>
        </extensions>
      </trkpt>
      <trkpt lat="48.8451044" lon="2.3287228">
        <ele>90.8</ele>
        <time>2026-02-05T20:42:12Z</time>
        <hdop>2.6</hdop>
        <extensions>
          <osmand:provider>fused</osmand:provider>
          <osmand:heading>349.0</osmand:heading>
          <osmand:speed>7.8</osmand:speed>
        </extensions>
      </trkpt>
      <trkpt lat="48.8451748" lon="2.3286978">
        <ele>90.8</ele>
        <time>2026-02-05T20:42:13Z</time>
        <hdop>2.6</hdop>
        <extensions>
          <osmand:provider>fused</osmand:provider>
          <osmand:heading>349.0</osmand:heading>
          <osmand:speed>8.8</osmand:speed>
        </extensions>
      </trkpt>
      <trkpt lat="48.8452607" lon="2.3286812">
        <ele>90.8</ele>
        <time>2026-02-05T20:42:14Z</time>
        <hdop>2.5</hdop>
        <extensions>
          <osmand:provider>fused</osmand:provider>
          <osmand:heading>349.0</osmand:heading>
          <osmand:speed>9.7</osmand:speed>
        </extensions>
      </trkpt>
      <trkpt lat="48.845347" lon="2.3286647">
        <ele>90.8</ele>
        <time>2026-02-05T20:42:15Z</time>
        <hdop>2.6</hdop>
        <extensions>
          <osmand:provider>fused</osmand:provider>
          <osmand:heading>350.0</osmand:heading>
          <osmand:speed>10.1</osmand:speed>
        </extensions>
      </trkpt>
      <trkpt lat="48.845446" lon="2.3286492">
        <ele>90.8</ele>
        <time>2026-02-05T20:42:16Z</time>
        <hdop>2.7</hdop>
        <extensions>
          <osmand:provider>fused</osmand:provider>
          <osmand:heading>352.0</osmand:heading>
          <osmand:speed>10.9</osmand:speed>
        </extensions>
      </trkpt>
      <trkpt lat="48.8455469" lon="2.3286267">
        <ele>90.8</ele>
        <time>2026-02-05T20:42:17Z</time>
        <hdop>2.8</hdop>
        <extensions>
          <osmand:provider>fused</osmand:provider>
          <osmand:heading>352.0</osmand:heading>
          <osmand:speed>11.1</osmand:speed>
        </extensions>
      </trkpt>
      <trkpt lat="48.845646" lon="2.3286006">
        <ele>90.8</ele>
        <time>2026-02-05T20:42:18Z</time>
        <hdop>2.8</hdop>
        <extensions>
          <osmand:provider>fused</osmand:provider>
          <osmand:heading>353.0</osmand:heading>
          <osmand:speed>11.3</osmand:speed>
        </extensions>
      </trkpt>
      <trkpt lat="48.8457464" lon="2.3285681">
        <ele>90.8</ele>
        <time>2026-02-05T20:42:19Z</time>
        <hdop>2.9</hdop>
        <extensions>
          <osmand:provider>fused</osmand:provider>
          <osmand:heading>356.0</osmand:heading>
          <osmand:speed>10.8</osmand:speed>
        </extensions>
      </trkpt>
      <trkpt lat="48.8458435" lon="2.3285505">
        <ele>90.8</ele>
        <time>2026-02-05T20:42:20Z</time>
        <hdop>3</hdop>
        <extensions>
          <osmand:provider>fused</osmand:provider>
          <osmand:heading>358.0</osmand:heading>
          <osmand:speed>10.5</osmand:speed>
        </extensions>
      </trkpt>
      <trkpt lat="48.84594" lon="2.3285313">
        <ele>90.8</ele>
        <time>2026-02-05T20:42:21Z</time>
        <hdop>3</hdop>
        <extensions>
          <osmand:provider>fused</osmand:provider>
          <osmand:heading>359.0</osmand:heading>
          <osmand:speed>10.4</osmand:speed>
        </extensions>
      </trkpt>
      <trkpt lat="48.8460265" lon="2.3285088">
        <ele>90.8</ele>
        <time>2026-02-05T20:42:22Z</time>
        <hdop>3</hdop>
        <extensions>
          <osmand:provider>fused</osmand:provider>
          <osmand:heading>0.0</osmand:heading>
          <osmand:speed>9.9</osmand:speed>
        </extensions>
      </trkpt>
      <trkpt lat="48.8461141" lon="2.3284888">
        <ele>90.8</ele>
        <time>2026-02-05T20:42:23Z</time>
        <hdop>3</hdop>
        <extensions>
          <osmand:provider>fused</osmand:provider>
          <osmand:heading>1.0</osmand:heading>
          <osmand:speed>9.5</osmand:speed>
        </extensions>
      </trkpt>
      <trkpt lat="48.8461938" lon="2.3284722">
        <ele>90.8</ele>
        <time>2026-02-05T20:42:24Z</time>
        <hdop>3</hdop>
        <extensions>
          <osmand:provider>fused</osmand:provider>
          <osmand:heading>1.0</osmand:heading>
          <osmand:speed>9</osmand:speed>
        </extensions>
      </trkpt>
      <trkpt lat="48.8462687" lon="2.3284435">
        <ele>90.8</ele>
        <time>2026-02-05T20:42:25Z</time>
        <hdop>2.9</hdop>
        <extensions>
          <osmand:provider>fused</osmand:provider>
          <osmand:heading>1.0</osmand:heading>
          <osmand:speed>8.7</osmand:speed>
        </extensions>
      </trkpt>
      <trkpt lat="48.8463408" lon="2.3284251">
        <ele>90.8</ele>
        <time>2026-02-05T20:42:26Z</time>
        <hdop>2.9</hdop>
        <extensions>
          <osmand:provider>fused</osmand:provider>
          <osmand:heading>1.0</osmand:heading>
          <osmand:speed>8.4</osmand:speed>
        </extensions>
      </trkpt>
      <trkpt lat="48.8464134" lon="2.328415">
        <ele>90.8</ele>
        <time>2026-02-05T20:42:27Z</time>
        <hdop>2.9</hdop>
        <extensions>
          <osmand:provider>fused</osmand:provider>
          <osmand:heading>1.0</osmand:heading>
          <osmand:speed>7.8</osmand:speed>
        </extensions>
      </trkpt>
      <trkpt lat="48.8464743" lon="2.328411">
        <ele>90.8</ele>
        <time>2026-02-05T20:42:28Z</time>
        <hdop>2.9</hdop>
        <extensions>
          <osmand:provider>fused</osmand:provider>
          <osmand:heading>1.0</osmand:heading>
          <osmand:speed>6.3</osmand:speed>
        </extensions>
      </trkpt>
      <trkpt lat="48.8465221" lon="2.3283982">
        <ele>90.8</ele>
        <time>2026-02-05T20:42:29Z</time>
        <hdop>2.9</hdop>
        <extensions>
          <osmand:provider>fused</osmand:provider>
          <osmand:heading>1.0</osmand:heading>
          <osmand:speed>5.2</osmand:speed>
        </extensions>
      </trkpt>
      <trkpt lat="48.8465538" lon="2.32839">
        <ele>89.2</ele>
        <time>2026-02-05T20:42:30Z</time>
        <hdop>3.1</hdop>
        <extensions>
          <osmand:provider>fused</osmand:provider>
          <osmand:heading>1.0</osmand:heading>
          <osmand:speed>3.6</osmand:speed>
        </extensions>
      </trkpt>
      <trkpt lat="48.8465538" lon="2.32839">
        <ele>87.9</ele>
        <time>2026-02-05T20:42:30Z</time>
        <hdop>4.9</hdop>
        <extensions>
          <osmand:provider>fused</osmand:provider>
          <osmand:heading>1.0</osmand:heading>
        </extensions>
      </trkpt>
      <trkpt lat="48.8465778" lon="2.3283842">
        <ele>87.9</ele>
        <time>2026-02-05T20:42:31Z</time>
        <hdop>4.7</hdop>
        <extensions>
          <osmand:provider>fused</osmand:provider>
          <osmand:heading>1.0</osmand:heading>
          <osmand:speed>2.8</osmand:speed>
        </extensions>
      </trkpt>
      <trkpt lat="48.8465963" lon="2.3283754">
        <ele>87.9</ele>
        <time>2026-02-05T20:42:32Z</time>
        <hdop>5.2</hdop>
        <extensions>
          <osmand:provider>fused</osmand:provider>
          <osmand:heading>1.0</osmand:heading>
          <osmand:speed>1.7</osmand:speed>
        </extensions>
      </trkpt>
      <trkpt lat="48.8466153" lon="2.3283656">
        <ele>87.9</ele>
        <time>2026-02-05T20:42:33Z</time>
        <hdop>5.2</hdop>
        <extensions>
          <osmand:provider>fused</osmand:provider>
          <osmand:heading>359.0</osmand:heading>
          <osmand:speed>2.4</osmand:speed>
        </extensions>
      </trkpt>
      <trkpt lat="48.8466383" lon="2.3283598">
        <ele>87.9</ele>
        <time>2026-02-05T20:42:34Z</time>
        <hdop>5.1</hdop>
        <extensions>
          <osmand:provider>fused</osmand:provider>
          <osmand:heading>354.0</osmand:heading>
          <osmand:speed>2.8</osmand:speed>
        </extensions>
      </trkpt>
      <trkpt lat="48.8466724" lon="2.3283496">
        <ele>87.9</ele>
        <time>2026-02-05T20:42:35Z</time>
        <hdop>5.2</hdop>
        <extensions>
          <osmand:provider>fused</osmand:provider>
          <osmand:heading>350.0</osmand:heading>
          <osmand:speed>4.1</osmand:speed>
        </extensions>
      </trkpt>
      <trkpt lat="48.8467129" lon="2.3283554">
        <ele>87.9</ele>
        <time>2026-02-05T20:42:36Z</time>
        <hdop>3.8</hdop>
        <extensions>
          <osmand:provider>fused</osmand:provider>
          <osmand:heading>349.0</osmand:heading>
          <osmand:speed>4.5</osmand:speed>
        </extensions>
      </trkpt>
      <trkpt lat="48.8467502" lon="2.3283602">
        <ele>87.9</ele>
        <time>2026-02-05T20:42:37Z</time>
        <hdop>3.8</hdop>
        <extensions>
          <osmand:provider>fused</osmand:provider>
          <osmand:heading>353.0</osmand:heading>
          <osmand:speed>3.7</osmand:speed>
        </extensions>
      </trkpt>
      <trkpt lat="48.8467773" lon="2.3283871">
        <ele>87.9</ele>
        <time>2026-02-05T20:42:38Z</time>
        <hdop>3.7</hdop>
        <extensions>
          <osmand:provider>fused</osmand:provider>
          <osmand:heading>360.0</osmand:heading>
          <osmand:speed>3.2</osmand:speed>
        </extensions>
      </trkpt>
      <trkpt lat="48.8467965" lon="2.3284393">
        <ele>87.9</ele>
        <time>2026-02-05T20:42:39Z</time>
        <hdop>3.6</hdop>
        <extensions>
          <osmand:provider>fused</osmand:provider>
          <osmand:heading>11.0</osmand:heading>
          <osmand:speed>5.2</osmand:speed>
        </extensions>
      </trkpt>
      <trkpt lat="48.8468258" lon="2.3285209">
        <ele>87.9</ele>
        <time>2026-02-05T20:42:40Z</time>
        <hdop>3.6</hdop>
        <extensions>
          <osmand:provider>fused</osmand:provider>
          <osmand:heading>23.0</osmand:heading>
          <osmand:speed>5.3</osmand:speed>
        </extensions>
      </trkpt>
      <trkpt lat="48.8468465" lon="2.3285966">
        <ele>87.9</ele>
        <time>2026-02-05T20:42:41Z</time>
        <hdop>3.6</hdop>
        <extensions>
          <osmand:provider>fused</osmand:provider>
          <osmand:heading>28.0</osmand:heading>
          <osmand:speed>5.9</osmand:speed>
        </extensions>
      </trkpt>
      <trkpt lat="48.8468592" lon="2.3286655">
        <ele>87.9</ele>
        <time>2026-02-05T20:42:42Z</time>
        <hdop>3.7</hdop>
        <extensions>
          <osmand:provider>fused</osmand:provider>
          <osmand:heading>32.0</osmand:heading>
          <osmand:speed>6.7</osmand:speed>
        </extensions>
      </trkpt>
      <trkpt lat="48.8468753" lon="2.3287527">
        <ele>87.9</ele>
        <time>2026-02-05T20:42:43Z</time>
        <hdop>3.8</hdop>
        <extensions>
          <osmand:provider>fused</osmand:provider>
          <osmand:heading>36.0</osmand:heading>
          <osmand:speed>7.4</osmand:speed>
        </extensions>
      </trkpt>
      <trkpt lat="48.8468928" lon="2.3288491">
        <ele>87.9</ele>
        <time>2026-02-05T20:42:44Z</time>
        <hdop>3.8</hdop>
        <extensions>
          <osmand:provider>fused</osmand:provider>
          <osmand:heading>36.0</osmand:heading>
          <osmand:speed>8.1</osmand:speed>
        </extensions>
      </trkpt>
      <trkpt lat="48.8469104" lon="2.3289548">
        <ele>87.9</ele>
        <time>2026-02-05T20:42:45Z</time>
        <hdop>4</hdop>
        <extensions>
          <osmand:provider>fused</osmand:provider>
          <osmand:heading>38.0</osmand:heading>
          <osmand:speed>8.2</osmand:speed>
        </extensions>
      </trkpt>
      <trkpt lat="48.8469415" lon="2.3290607">
        <ele>87.9</ele>
        <time>2026-02-05T20:42:46Z</time>
        <hdop>4.1</hdop>
        <extensions>
          <osmand:provider>fused</osmand:provider>
          <osmand:heading>40.0</osmand:heading>
          <osmand:speed>9.1</osmand:speed>
        </extensions>
      </trkpt>
      <trkpt lat="48.8469651" lon="2.3291824">
        <ele>87.9</ele>
        <time>2026-02-05T20:42:47Z</time>
        <hdop>4.2</hdop>
        <extensions>
          <osmand:provider>fused</osmand:provider>
          <osmand:heading>43.0</osmand:heading>
          <osmand:speed>8.7</osmand:speed>
        </extensions>
      </trkpt>
      <trkpt lat="48.8469878" lon="2.3292891">
        <ele>87.9</ele>
        <time>2026-02-05T20:42:48Z</time>
        <hdop>4.3</hdop>
        <extensions>
          <osmand:provider>fused</osmand:provider>
          <osmand:heading>44.0</osmand:heading>
          <osmand:speed>7.5</osmand:speed>
        </extensions>
      </trkpt>
      <trkpt lat="48.8469998" lon="2.3293818">
        <ele>87.9</ele>
        <time>2026-02-05T20:42:49Z</time>
        <hdop>4.5</hdop>
        <extensions>
          <osmand:provider>fused</osmand:provider>
          <osmand:heading>45.0</osmand:heading>
          <osmand:speed>6.8</osmand:speed>
        </extensions>
      </trkpt>
      <trkpt lat="48.847011" lon="2.3294648">
        <ele>87.9</ele>
        <time>2026-02-05T20:42:50Z</time>
        <hdop>4.6</hdop>
        <extensions>
          <osmand:provider>fused</osmand:provider>
          <osmand:heading>45.0</osmand:heading>
          <osmand:speed>5.9</osmand:speed>
        </extensions>
      </trkpt>
      <trkpt lat="48.8470261" lon="2.32953">
        <ele>87.9</ele>
        <time>2026-02-05T20:42:51Z</time>
        <hdop>4.8</hdop>
        <extensions>
          <osmand:provider>fused</osmand:provider>
          <osmand:heading>46.0</osmand:heading>
          <osmand:speed>4.8</osmand:speed>
        </extensions>
      </trkpt>
      <trkpt lat="48.8470239" lon="2.3295883">
        <ele>87.9</ele>
        <time>2026-02-05T20:42:52Z</time>
        <hdop>5</hdop>
        <extensions>
          <osmand:provider>fused</osmand:provider>
          <osmand:heading>44.0</osmand:heading>
          <osmand:speed>4</osmand:speed>
        </extensions>
      </trkpt>
      <trkpt lat="48.84703" lon="2.3296281">
        <ele>87.9</ele>
        <time>2026-02-05T20:42:53Z</time>
        <hdop>5.3</hdop>
        <extensions>
          <osmand:provider>fused</osmand:provider>
          <osmand:heading>38.0</osmand:heading>
          <osmand:speed>2.4</osmand:speed>
        </extensions>
      </trkpt>
      <trkpt lat="48.8470352" lon="2.329658">
        <ele>87</ele>
        <time>2026-02-05T20:42:54Z</time>
        <hdop>5.3</hdop>
        <extensions>
          <osmand:provider>fused</osmand:provider>
          <osmand:heading>34.0</osmand:heading>
          <osmand:speed>1.7</osmand:speed>
        </extensions>
      </trkpt>
      <trkpt lat="48.8470364" lon="2.3296854">
        <ele>87</ele>
        <time>2026-02-05T20:42:55Z</time>
        <hdop>5.5</hdop>
        <extensions>
          <osmand:provider>fused</osmand:provider>
          <osmand:heading>31.0</osmand:heading>
          <osmand:speed>1.7</osmand:speed>
        </extensions>
      </trkpt>
      <trkpt lat="48.8470411" lon="2.3297137">
        <ele>87</ele>
        <time>2026-02-05T20:42:56Z</time>
        <hdop>5.5</hdop>
        <extensions>
          <osmand:provider>fused</osmand:provider>
          <osmand:heading>30.0</osmand:heading>
          <osmand:speed>1.4</osmand:speed>
        </extensions>
      </trkpt>
      <trkpt lat="48.8470446" lon="2.3297328">
        <ele>87</ele>
        <time>2026-02-05T20:42:57Z</time>
        <hdop>5.5</hdop>
        <extensions>
          <osmand:provider>fused</osmand:provider>
          <osmand:heading>29.0</osmand:heading>
          <osmand:speed>1.2</osmand:speed>
        </extensions>
      </trkpt>
      <trkpt lat="48.8470455" lon="2.3297475">
        <ele>87</ele>
        <time>2026-02-05T20:42:58Z</time>
        <hdop>5.6</hdop>
        <extensions>
          <osmand:provider>fused</osmand:provider>
          <osmand:heading>29.0</osmand:heading>
          <osmand:speed>1.2</osmand:speed>
        </extensions>
      </trkpt>
      <trkpt lat="48.847045" lon="2.3297626">
        <ele>87</ele>
        <time>2026-02-05T20:42:59Z</time>
        <hdop>5.6</hdop>
        <extensions>
          <osmand:provider>fused</osmand:provider>
          <osmand:heading>28.0</osmand:heading>
          <osmand:speed>1.3</osmand:speed>
        </extensions>
      </trkpt>
      <trkpt lat="48.8470452" lon="2.3297844">
        <ele>87</ele>
        <time>2026-02-05T20:43:00Z</time>
        <hdop>5.6</hdop>
        <extensions>
          <osmand:provider>fused</osmand:provider>
          <osmand:heading>28.0</osmand:heading>
          <osmand:speed>1.1</osmand:speed>
        </extensions>
      </trkpt>
      <trkpt lat="48.8470471" lon="2.329802">
        <ele>87.3</ele>
        <time>2026-02-05T20:43:01Z</time>
        <hdop>5.6</hdop>
        <extensions>
          <osmand:provider>fused</osmand:provider>
          <osmand:heading>28.0</osmand:heading>
          <osmand:speed>1.3</osmand:speed>
        </extensions>
      </trkpt>
      <trkpt lat="48.8470495" lon="2.3298207">
        <ele>87.3</ele>
        <time>2026-02-05T20:43:02Z</time>
        <hdop>5.6</hdop>
        <extensions>
          <osmand:provider>fused</osmand:provider>
          <osmand:heading>28.0</osmand:heading>
          <osmand:speed>1.4</osmand:speed>
        </extensions>
      </trkpt>
      <trkpt lat="48.8470506" lon="2.3298419">
        <ele>87.3</ele>
        <time>2026-02-05T20:43:03Z</time>
        <hdop>5.5</hdop>
        <extensions>
          <osmand:provider>fused</osmand:provider>
          <osmand:heading>28.0</osmand:heading>
          <osmand:speed>1.3</osmand:speed>
        </extensions>
      </trkpt>
      <trkpt lat="48.8470535" lon="2.3298587">
        <ele>87.3</ele>
        <time>2026-02-05T20:43:04Z</time>
        <hdop>5.5</hdop>
        <extensions>
          <osmand:provider>fused</osmand:provider>
          <osmand:heading>28.0</osmand:heading>
          <osmand:speed>1</osmand:speed>
        </extensions>
      </trkpt>
      <trkpt lat="48.8470576" lon="2.3298645">
        <ele>87.3</ele>
        <time>2026-02-05T20:43:05Z</time>
        <hdop>5.5</hdop>
        <extensions>
          <osmand:provider>fused</osmand:provider>
          <osmand:heading>28.0</osmand:heading>
          <osmand:speed>0.3</osmand:speed>
        </extensions>
      </trkpt>
      <trkpt lat="48.8470652" lon="2.3298569">
        <ele>87.3</ele>
        <time>2026-02-05T20:43:06Z</time>
        <hdop>5.4</hdop>
        <extensions>
          <osmand:provider>fused</osmand:provider>
          <osmand:heading>28.0</osmand:heading>
          <osmand:speed>0.3</osmand:speed>
        </extensions>
      </trkpt>
      <trkpt lat="48.8470737" lon="2.3298657">
        <ele>87</ele>
        <time>2026-02-05T20:43:07Z</time>
        <hdop>5.4</hdop>
        <extensions>
          <osmand:provider>fused</osmand:provider>
          <osmand:heading>28.0</osmand:heading>
          <osmand:speed>0.4</osmand:speed>
        </extensions>
      </trkpt>
      <trkpt lat="48.8470796" lon="2.3298822">
        <ele>87</ele>
        <time>2026-02-05T20:43:08Z</time>
        <hdop>5.4</hdop>
        <extensions>
          <osmand:provider>fused</osmand:provider>
          <osmand:heading>28.0</osmand:heading>
          <osmand:speed>0.1</osmand:speed>
        </extensions>
      </trkpt>
      <trkpt lat="48.8470799" lon="2.3298908">
        <ele>87</ele>
        <time>2026-02-05T20:43:09Z</time>
        <hdop>5.4</hdop>
        <extensions>
          <osmand:provider>fused</osmand:provider>
          <osmand:heading>28.0</osmand:heading>
          <osmand:speed>0</osmand:speed>
        </extensions>
      </trkpt>
      <trkpt lat="48.8470774" lon="2.3298973">
        <ele>87</ele>
        <time>2026-02-05T20:43:10Z</time>
        <hdop>5.3</hdop>
        <extensions>
          <osmand:provider>fused</osmand:provider>
          <osmand:heading>27.0</osmand:heading>
          <osmand:speed>0.5</osmand:speed>
        </extensions>
      </trkpt>
      <trkpt lat="48.8470797" lon="2.3299135">
        <ele>87</ele>
        <time>2026-02-05T20:43:11Z</time>
        <hdop>5.3</hdop>
        <extensions>
          <osmand:provider>fused</osmand:provider>
          <osmand:heading>26.0</osmand:heading>
          <osmand:speed>1.8</osmand:speed>
        </extensions>
      </trkpt>
      <trkpt lat="48.8470807" lon="2.3299458">
        <ele>87</ele>
        <time>2026-02-05T20:43:12Z</time>
        <hdop>5.2</hdop>
        <extensions>
          <osmand:provider>fused</osmand:provider>
          <osmand:heading>26.0</osmand:heading>
          <osmand:speed>2.7</osmand:speed>
        </extensions>
      </trkpt>
      <trkpt lat="48.8470831" lon="2.3299869">
        <ele>87</ele>
        <time>2026-02-05T20:43:13Z</time>
        <hdop>5.2</hdop>
        <extensions>
          <osmand:provider>fused</osmand:provider>
          <osmand:heading>27.0</osmand:heading>
          <osmand:speed>3.2</osmand:speed>
        </extensions>
      </trkpt>
      <trkpt lat="48.8470923" lon="2.3300346">
        <ele>87</ele>
        <time>2026-02-05T20:43:14Z</time>
        <hdop>5.2</hdop>
        <extensions>
          <osmand:provider>fused</osmand:provider>
          <osmand:heading>29.0</osmand:heading>
          <osmand:speed>3.9</osmand:speed>
        </extensions>
      </trkpt>
      <trkpt lat="48.8470952" lon="2.3300896">
        <ele>87</ele>
        <time>2026-02-05T20:43:15Z</time>
        <hdop>5.2</hdop>
        <extensions>
          <osmand:provider>fused</osmand:provider>
          <osmand:heading>31.0</osmand:heading>
          <osmand:speed>4.4</osmand:speed>
        </extensions>
      </trkpt>
      <trkpt lat="48.8470862" lon="2.3301641">
        <ele>87</ele>
        <time>2026-02-05T20:43:16Z</time>
        <hdop>5.1</hdop>
        <extensions>
          <osmand:provider>fused</osmand:provider>
          <osmand:heading>33.0</osmand:heading>
          <osmand:speed>5.8</osmand:speed>
        </extensions>
      </trkpt>
      <trkpt lat="48.8470745" lon="2.33024">
        <ele>87</ele>
        <time>2026-02-05T20:43:17Z</time>
        <hdop>5</hdop>
        <extensions>
          <osmand:provider>fused</osmand:provider>
          <osmand:heading>37.0</osmand:heading>
          <osmand:speed>6.7</osmand:speed>
        </extensions>
      </trkpt>
      <trkpt lat="48.8470652" lon="2.3303469">
        <ele>87</ele>
        <time>2026-02-05T20:43:18Z</time>
        <hdop>4.9</hdop>
        <extensions>
          <osmand:provider>fused</osmand:provider>
          <osmand:heading>40.0</osmand:heading>
          <osmand:speed>7.3</osmand:speed>
        </extensions>
      </trkpt>
      <trkpt lat="48.847066" lon="2.3304397">
        <ele>87</ele>
        <time>2026-02-05T20:43:19Z</time>
        <hdop>4.5</hdop>
        <extensions>
          <osmand:provider>fused</osmand:provider>
          <osmand:heading>42.0</osmand:heading>
          <osmand:speed>8.4</osmand:speed>
        </extensions>
      </trkpt>
      <trkpt lat="48.8470547" lon="2.3305624">
        <ele>87</ele>
        <time>2026-02-05T20:43:20Z</time>
        <hdop>4.3</hdop>
        <extensions>
          <osmand:provider>fused</osmand:provider>
          <osmand:heading>43.0</osmand:heading>
          <osmand:speed>8.9</osmand:speed>
        </extensions>
      </trkpt>
      <trkpt lat="48.8470669" lon="2.330704">
        <ele>87</ele>
        <time>2026-02-05T20:43:21Z</time>
        <hdop>4.1</hdop>
        <extensions>
          <osmand:provider>fused</osmand:provider>
          <osmand:heading>41.0</osmand:heading>
          <osmand:speed>9.3</osmand:speed>
        </extensions>
      </trkpt>
      <trkpt lat="48.8470734" lon="2.3308426">
        <ele>87</ele>
        <time>2026-02-05T20:43:22Z</time>
        <hdop>3.9</hdop>
        <extensions>
          <osmand:provider>fused</osmand:provider>
          <osmand:heading>42.0</osmand:heading>
          <osmand:speed>9.6</osmand:speed>
        </extensions>
      </trkpt>
      <trkpt lat="48.847072" lon="2.3309753">
        <ele>87</ele>
        <time>2026-02-05T20:43:23Z</time>
        <hdop>3.7</hdop>
        <extensions>
          <osmand:provider>fused</osmand:provider>
          <osmand:heading>43.0</osmand:heading>
          <osmand:speed>9.3</osmand:speed>
        </extensions>
      </trkpt>
      <trkpt lat="48.8470777" lon="2.3311012">
        <ele>87</ele>
        <time>2026-02-05T20:43:24Z</time>
        <hdop>3.7</hdop>
        <extensions>
          <osmand:provider>fused</osmand:provider>
          <osmand:heading>44.0</osmand:heading>
          <osmand:speed>9</osmand:speed>
        </extensions>
      </trkpt>
      <trkpt lat="48.8470827" lon="2.3312218">
        <ele>87</ele>
        <time>2026-02-05T20:43:25Z</time>
        <hdop>3.5</hdop>
        <extensions>
          <osmand:provider>fused</osmand:provider>
          <osmand:heading>43.0</osmand:heading>
          <osmand:speed>8.5</osmand:speed>
        </extensions>
      </trkpt>
      <trkpt lat="48.8470866" lon="2.3313252">
        <ele>87</ele>
        <time>2026-02-05T20:43:26Z</time>
        <hdop>3.5</hdop>
        <extensions>
          <osmand:provider>fused</osmand:provider>
          <osmand:heading>43.0</osmand:heading>
          <osmand:speed>7.7</osmand:speed>
        </extensions>
      </trkpt>
      <trkpt lat="48.84709" lon="2.3314329">
        <ele>87</ele>
        <time>2026-02-05T20:43:27Z</time>
        <hdop>3.5</hdop>
        <extensions>
          <osmand:provider>fused</osmand:provider>
          <osmand:heading>43.0</osmand:heading>
          <osmand:speed>7.2</osmand:speed>
        </extensions>
      </trkpt>
      <trkpt lat="48.8470993" lon="2.3315413">
        <ele>87</ele>
        <time>2026-02-05T20:43:28Z</time>
        <hdop>3.5</hdop>
        <extensions>
          <osmand:provider>fused</osmand:provider>
          <osmand:heading>42.0</osmand:heading>
          <osmand:speed>7.6</osmand:speed>
        </extensions>
      </trkpt>
      <trkpt lat="48.8471025" lon="2.3316311">
        <ele>87</ele>
        <time>2026-02-05T20:43:29Z</time>
        <hdop>3.6</hdop>
        <extensions>
          <osmand:provider>fused</osmand:provider>
          <osmand:heading>41.0</osmand:heading>
          <osmand:speed>7.5</osmand:speed>
        </extensions>
      </trkpt>
      <trkpt lat="48.8470993" lon="2.3317353">
        <ele>87</ele>
        <time>2026-02-05T20:43:30Z</time>
        <hdop>3.7</hdop>
        <extensions>
          <osmand:provider>fused</osmand:provider>
          <osmand:heading>43.0</osmand:heading>
          <osmand:speed>7.5</osmand:speed>
        </extensions>
      </trkpt>
      <trkpt lat="48.8470936" lon="2.331838">
        <ele>87</ele>
        <time>2026-02-05T20:43:31Z</time>
        <hdop>3.8</hdop>
        <extensions>
          <osmand:provider>fused</osmand:provider>
          <osmand:heading>44.0</osmand:heading>
          <osmand:speed>7.1</osmand:speed>
        </extensions>
      </trkpt>
      <trkpt lat="48.8470899" lon="2.3319267">
        <ele>87</ele>
        <time>2026-02-05T20:43:32Z</time>
        <hdop>3.8</hdop>
        <extensions>
          <osmand:provider>fused</osmand:provider>
          <osmand:heading>41.0</osmand:heading>
          <osmand:speed>6.2</osmand:speed>
        </extensions>
      </trkpt>
      <trkpt lat="48.8470846" lon="2.3320023">
        <ele>87</ele>
        <time>2026-02-05T20:43:33Z</time>
        <hdop>3.8</hdop>
        <extensions>
          <osmand:provider>fused</osmand:provider>
          <osmand:heading>44.0</osmand:heading>
          <osmand:speed>5.4</osmand:speed>
        </extensions>
      </trkpt>
      <trkpt lat="48.8470837" lon="2.3320657">
        <ele>87</ele>
        <time>2026-02-05T20:43:34Z</time>
        <hdop>3.9</hdop>
        <extensions>
          <osmand:provider>fused</osmand:provider>
          <osmand:heading>44.0</osmand:heading>
          <osmand:speed>4.7</osmand:speed>
        </extensions>
      </trkpt>
      <trkpt lat="48.8470827" lon="2.3321257">
        <ele>86.6</ele>
        <time>2026-02-05T20:43:35Z</time>
        <hdop>3.9</hdop>
        <extensions>
          <osmand:provider>fused</osmand:provider>
          <osmand:heading>45.0</osmand:heading>
          <osmand:speed>3.9</osmand:speed>
        </extensions>
      </trkpt>
      <trkpt lat="48.8470802" lon="2.3321807">
        <ele>86.6</ele>
        <time>2026-02-05T20:43:36Z</time>
        <hdop>3.9</hdop>
        <extensions>
          <osmand:provider>fused</osmand:provider>
          <osmand:heading>45.0</osmand:heading>
          <osmand:speed>3.2</osmand:speed>
        </extensions>
      </trkpt>
      <trkpt lat="48.8470734" lon="2.3322231">
        <ele>86.6</ele>
        <time>2026-02-05T20:43:37Z</time>
        <hdop>4.1</hdop>
        <extensions>
          <osmand:provider>fused</osmand:provider>
          <osmand:heading>45.0</osmand:heading>
          <osmand:speed>1.9</osmand:speed>
        </extensions>
      </trkpt>
      <trkpt lat="48.8470625" lon="2.3322428">
        <ele>86.6</ele>
        <time>2026-02-05T20:43:38Z</time>
        <hdop>4.1</hdop>
        <extensions>
          <osmand:provider>fused</osmand:provider>
          <osmand:heading>45.0</osmand:heading>
          <osmand:speed>0.7</osmand:speed>
        </extensions>
      </trkpt>
      <trkpt lat="48.8470633" lon="2.3322491">
        <ele>86.6</ele>
        <time>2026-02-05T20:43:39Z</time>
        <hdop>4.1</hdop>
        <extensions>
          <osmand:provider>fused</osmand:provider>
          <osmand:heading>45.0</osmand:heading>
          <osmand:speed>0.1</osmand:speed>
        </extensions>
      </trkpt>
      <trkpt lat="48.8470637" lon="2.3322491">
        <ele>86.6</ele>
        <time>2026-02-05T20:43:40Z</time>
        <hdop>4.1</hdop>
        <extensions>
          <osmand:provider>fused</osmand:provider>
          <osmand:heading>45.0</osmand:heading>
          <osmand:speed>0.1</osmand:speed>
        </extensions>
      </trkpt>
      <trkpt lat="48.8470635" lon="2.3322487">
        <ele>86.5</ele>
        <time>2026-02-05T20:43:41Z</time>
        <hdop>4.1</hdop>
        <extensions>
          <osmand:provider>fused</osmand:provider>
          <osmand:heading>44.0</osmand:heading>
        </extensions>
      </trkpt>
      <trkpt lat="48.8470634" lon="2.3322492">
        <ele>86.5</ele>
        <time>2026-02-05T20:43:42Z</time>
        <hdop>4.1</hdop>
        <extensions>
          <osmand:provider>fused</osmand:provider>
          <osmand:heading>44.0</osmand:heading>
        </extensions>
      </trkpt>
      <trkpt lat="48.8470632" lon="2.3322494">
        <ele>86.5</ele>
        <time>2026-02-05T20:43:43Z</time>
        <hdop>4</hdop>
        <extensions>
          <osmand:provider>fused</osmand:provider>
          <osmand:heading>44.0</osmand:heading>
        </extensions>
      </trkpt>
      <trkpt lat="48.8470626" lon="2.3322496">
        <ele>86.5</ele>
        <time>2026-02-05T20:43:44Z</time>
        <hdop>4</hdop>
        <extensions>
          <osmand:provider>fused</osmand:provider>
          <osmand:heading>44.0</osmand:heading>
        </extensions>
      </trkpt>
      <trkpt lat="48.8470623" lon="2.3322496">
        <ele>86.5</ele>
        <time>2026-02-05T20:43:45Z</time>
        <hdop>4</hdop>
        <extensions>
          <osmand:provider>fused</osmand:provider>
          <osmand:heading>44.0</osmand:heading>
        </extensions>
      </trkpt>
      <trkpt lat="48.847062" lon="2.3322496">
        <ele>86.5</ele>
        <time>2026-02-05T20:43:46Z</time>
        <hdop>4</hdop>
        <extensions>
          <osmand:provider>fused</osmand:provider>
          <osmand:heading>44.0</osmand:heading>
        </extensions>
      </trkpt>
      <trkpt lat="48.8470616" lon="2.3322498">
        <ele>86.5</ele>
        <time>2026-02-05T20:43:47Z</time>
        <hdop>4</hdop>
        <extensions>
          <osmand:provider>fused</osmand:provider>
          <osmand:heading>44.0</osmand:heading>
        </extensions>
      </trkpt>
      <trkpt lat="48.8470614" lon="2.3322501">
        <ele>86.5</ele>
        <time>2026-02-05T20:43:48Z</time>
        <hdop>4</hdop>
        <extensions>
          <osmand:provider>fused</osmand:provider>
          <osmand:heading>44.0</osmand:heading>
        </extensions>
      </trkpt>
      <trkpt lat="48.8470618" lon="2.3322543">
        <ele>86.5</ele>
        <time>2026-02-05T20:43:49Z</time>
        <hdop>3.9</hdop>
        <extensions>
          <osmand:provider>fused</osmand:provider>
          <osmand:heading>44.0</osmand:heading>
          <osmand:speed>0.6</osmand:speed>
        </extensions>
      </trkpt>
      <trkpt lat="48.8470714" lon="2.332276">
        <ele>86.5</ele>
        <time>2026-02-05T20:43:50Z</time>
        <hdop>3.8</hdop>
        <extensions>
          <osmand:provider>fused</osmand:provider>
          <osmand:heading>43.0</osmand:heading>
          <osmand:speed>2.1</osmand:speed>
        </extensions>
      </trkpt>
      <trkpt lat="48.8470729" lon="2.3323168">
        <ele>86.5</ele>
        <time>2026-02-05T20:43:51Z</time>
        <hdop>3.8</hdop>
        <extensions>
          <osmand:provider>fused</osmand:provider>
          <osmand:heading>43.0</osmand:heading>
          <osmand:speed>2.9</osmand:speed>
        </extensions>
      </trkpt>
      <trkpt lat="48.8470752" lon="2.3323666">
        <ele>86.5</ele>
        <time>2026-02-05T20:43:52Z</time>
        <hdop>3.8</hdop>
        <extensions>
          <osmand:provider>fused</osmand:provider>
          <osmand:heading>43.0</osmand:heading>
          <osmand:speed>3.7</osmand:speed>
        </extensions>
      </trkpt>
      <trkpt lat="48.8470807" lon="2.3324195">
        <ele>86.5</ele>
        <time>2026-02-05T20:43:53Z</time>
        <hdop>3.8</hdop>
        <extensions>
          <osmand:provider>fused</osmand:provider>
          <osmand:heading>41.0</osmand:heading>
          <osmand:speed>3.7</osmand:speed>
        </extensions>
      </trkpt>
      <trkpt lat="48.8470894" lon="2.3324615">
        <ele>86.5</ele>
        <time>2026-02-05T20:43:54Z</time>
        <hdop>3.8</hdop>
        <extensions>
          <osmand:provider>fused</osmand:provider>
          <osmand:heading>38.0</osmand:heading>
          <osmand:speed>4</osmand:speed>
        </extensions>
      </trkpt>
      <trkpt lat="48.8471085" lon="2.3325018">
        <ele>86.5</ele>
        <time>2026-02-05T20:43:55Z</time>
        <hdop>3.9</hdop>
        <extensions>
          <osmand:provider>fused</osmand:provider>
          <osmand:heading>32.0</osmand:heading>
          <osmand:speed>3.9</osmand:speed>
        </extensions>
      </trkpt>
      <trkpt lat="48.8471379" lon="2.3325318">
        <ele>86.5</ele>
        <time>2026-02-05T20:43:56Z</time>
        <hdop>4</hdop>
        <extensions>
          <osmand:provider>fused</osmand:provider>
          <osmand:heading>23.0</osmand:heading>
          <osmand:speed>4.2</osmand:speed>
        </extensions>
      </trkpt>
      <trkpt lat="48.8471731" lon="2.3325481">
        <ele>86.5</ele>
        <time>2026-02-05T20:43:57Z</time>
        <hdop>3.9</hdop>
        <extensions>
          <osmand:provider>fused</osmand:provider>
          <osmand:heading>13.0</osmand:heading>
          <osmand:speed>4.8</osmand:speed>
        </extensions>
      </trkpt>
      <trkpt lat="48.8472166" lon="2.3325499">
        <ele>86.5</ele>
        <time>2026-02-05T20:43:58Z</time>
        <hdop>3.8</hdop>
        <extensions>
          <osmand:provider>fused</osmand:provider>
          <osmand:heading>6.0</osmand:heading>
          <osmand:speed>6</osmand:speed>
        </extensions>
      </trkpt>
      <trkpt lat="48.8472756" lon="2.3325486">
        <ele>86.5</ele>
        <time>2026-02-05T20:43:59Z</time>
        <hdop>3.8</hdop>
        <extensions>
          <osmand:provider>fused</osmand:provider>
          <osmand:heading>1.0</osmand:heading>
          <osmand:speed>7.1</osmand:speed>
        </extensions>
      </trkpt>
      <trkpt lat="48.8473422" lon="2.3325477">
        <ele>86.5</ele>
        <time>2026-02-05T20:44:00Z</time>
        <hdop>3.6</hdop>
        <extensions>
          <osmand:provider>fused</osmand:provider>
          <osmand:heading>358.0</osmand:heading>
          <osmand:speed>7.3</osmand:speed>
        </extensions>
      </trkpt>
      <trkpt lat="48.847425" lon="2.3325568">
        <ele>86.5</ele>
        <time>2026-02-05T20:44:01Z</time>
        <hdop>3.5</hdop>
        <extensions>
          <osmand:provider>fused</osmand:provider>
          <osmand:heading>356.0</osmand:heading>
          <osmand:speed>8.3</osmand:speed>
        </extensions>
      </trkpt>
      <trkpt lat="48.8475096" lon="2.3325596">
        <ele>86.5</ele>
        <time>2026-02-05T20:44:02Z</time>
        <hdop>3.5</hdop>
        <extensions>
          <osmand:provider>fused</osmand:provider>
          <osmand:heading>356.0</osmand:heading>
          <osmand:speed>9.1</osmand:speed>
        </extensions>
      </trkpt>
      <trkpt lat="48.8475999" lon="2.3325568">
        <ele>86.5</ele>
        <time>2026-02-05T20:44:03Z</time>
        <hdop>3.4</hdop>
        <extensions>
          <osmand:provider>fused</osmand:provider>
          <osmand:heading>357.0</osmand:heading>
          <osmand:speed>9.2</osmand:speed>
        </extensions>
      </trkpt>
      <trkpt lat="48.8476839" lon="2.3325481">
        <ele>86.5</ele>
        <time>2026-02-05T20:44:04Z</time>
        <hdop>3.4</hdop>
        <extensions>
          <osmand:provider>fused</osmand:provider>
          <osmand:heading>357.0</osmand:heading>
          <osmand:speed>9</osmand:speed>
        </extensions>
      </trkpt>
      <trkpt lat="48.8477694" lon="2.3325453">
        <ele>86.5</ele>
        <time>2026-02-05T20:44:05Z</time>
        <hdop>3.3</hdop>
        <extensions>
          <osmand:provider>fused</osmand:provider>
          <osmand:heading>357.0</osmand:heading>
          <osmand:speed>8.8</osmand:speed>
        </extensions>
      </trkpt>
      <trkpt lat="48.8478546" lon="2.3325453">
        <ele>86.5</ele>
        <time>2026-02-05T20:44:06Z</time>
        <hdop>3.3</hdop>
        <extensions>
          <osmand:provider>fused</osmand:provider>
          <osmand:heading>357.0</osmand:heading>
          <osmand:speed>8.9</osmand:speed>
        </extensions>
      </trkpt>
      <trkpt lat="48.8479306" lon="2.3325452">
        <ele>86.5</ele>
        <time>2026-02-05T20:44:07Z</time>
        <hdop>3.2</hdop>
        <extensions>
          <osmand:provider>fused</osmand:provider>
          <osmand:heading>355.0</osmand:heading>
          <osmand:speed>8.6</osmand:speed>
        </extensions>
      </trkpt>
      <trkpt lat="48.8480072" lon="2.3325402">
        <ele>86.6</ele>
        <time>2026-02-05T20:44:08Z</time>
        <hdop>3.3</hdop>
        <extensions>
          <osmand:provider>fused</osmand:provider>
          <osmand:heading>357.0</osmand:heading>
          <osmand:speed>8.1</osmand:speed>
        </extensions>
      </trkpt>
      <trkpt lat="48.8480812" lon="2.332543">
        <ele>86.6</ele>
        <time>2026-02-05T20:44:09Z</time>
        <hdop>3.3</hdop>
        <extensions>
          <osmand:provider>fused</osmand:provider>
          <osmand:heading>358.0</osmand:heading>
          <osmand:speed>7.5</osmand:speed>
        </extensions>
      </trkpt>
      <trkpt lat="48.8481414" lon="2.3325484">
        <ele>86.6</ele>
        <time>2026-02-05T20:44:10Z</time>
        <hdop>3.4</hdop>
        <extensions>
          <osmand:provider>fused</osmand:provider>
          <osmand:heading>357.0</osmand:heading>
          <osmand:speed>6.6</osmand:speed>
        </extensions>
      </trkpt>
      <trkpt lat="48.8481957" lon="2.3325459">
        <ele>86.6</ele>
        <time>2026-02-05T20:44:11Z</time>
        <hdop>3.4</hdop>
        <extensions>
          <osmand:provider>fused</osmand:provider>
          <osmand:heading>357.0</osmand:heading>
          <osmand:speed>6.4</osmand:speed>
        </extensions>
      </trkpt>
      <trkpt lat="48.8482476" lon="2.3325464">
        <ele>86.6</ele>
        <time>2026-02-05T20:44:12Z</time>
        <hdop>3.5</hdop>
        <extensions>
          <osmand:provider>fused</osmand:provider>
          <osmand:heading>357.0</osmand:heading>
          <osmand:speed>5.4</osmand:speed>
        </extensions>
      </trkpt>
      <trkpt lat="48.8482946" lon="2.3325469">
        <ele>86.6</ele>
        <time>2026-02-05T20:44:13Z</time>
        <hdop>3.5</hdop>
        <extensions>
          <osmand:provider>fused</osmand:provider>
          <osmand:heading>357.0</osmand:heading>
          <osmand:speed>5.1</osmand:speed>
        </extensions>
      </trkpt>
      <trkpt lat="48.8483389" lon="2.332551">
        <ele>86.6</ele>
        <time>2026-02-05T20:44:14Z</time>
        <hdop>3.6</hdop>
        <extensions>
          <osmand:provider>fused</osmand:provider>
          <osmand:heading>357.0</osmand:heading>
          <osmand:speed>3.7</osmand:speed>
        </extensions>
      </trkpt>
      <trkpt lat="48.8483594" lon="2.3325544">
        <ele>86.6</ele>
        <time>2026-02-05T20:44:15Z</time>
        <hdop>3.6</hdop>
        <extensions>
          <osmand:provider>fused</osmand:provider>
          <osmand:heading>357.0</osmand:heading>
          <osmand:speed>2.2</osmand:speed>
        </extensions>
      </trkpt>
      <trkpt lat="48.8483819" lon="2.3325511">
        <ele>86.6</ele>
        <time>2026-02-05T20:44:16Z</time>
        <hdop>3.7</hdop>
        <extensions>
          <osmand:provider>fused</osmand:provider>
          <osmand:heading>357.0</osmand:heading>
          <osmand:speed>1.8</osmand:speed>
        </extensions>
      </trkpt>
      <trkpt lat="48.8483987" lon="2.3325388">
        <ele>85.7</ele>
        <time>2026-02-05T20:44:17Z</time>
        <hdop>3.8</hdop>
        <extensions>
          <osmand:provider>fused</osmand:provider>
          <osmand:heading>357.0</osmand:heading>
          <osmand:speed>1.1</osmand:speed>
        </extensions>
      </trkpt>
      <trkpt lat="48.8484051" lon="2.3325376">
        <ele>85.7</ele>
        <time>2026-02-05T20:44:18Z</time>
        <hdop>3.8</hdop>
        <extensions>
          <osmand:provider>fused</osmand:provider>
          <osmand:heading>357.0</osmand:heading>
          <osmand:speed>0.7</osmand:speed>
        </extensions>
      </trkpt>
      <trkpt lat="48.8484145" lon="2.3325355">
        <ele>85.7</ele>
        <time>2026-02-05T20:44:19Z</time>
        <hdop>3.9</hdop>
        <extensions>
          <osmand:provider>fused</osmand:provider>
          <osmand:heading>357.0</osmand:heading>
          <osmand:speed>0.2</osmand:speed>
        </extensions>
      </trkpt>
      <trkpt lat="48.8484263" lon="2.3325252">
        <ele>85.7</ele>
        <time>2026-02-05T20:44:20Z</time>
        <hdop>3.9</hdop>
        <extensions>
          <osmand:provider>fused</osmand:provider>
          <osmand:heading>356.0</osmand:heading>
          <osmand:speed>0.4</osmand:speed>
        </extensions>
      </trkpt>
      <trkpt lat="48.848427" lon="2.3325252">
        <ele>85.7</ele>
        <time>2026-02-05T20:44:21Z</time>
        <hdop>3.9</hdop>
        <extensions>
          <osmand:provider>fused</osmand:provider>
          <osmand:heading>356.0</osmand:heading>
        </extensions>
      </trkpt>
      <trkpt lat="48.8484274" lon="2.3325251">
        <ele>85.7</ele>
        <time>2026-02-05T20:44:22Z</time>
        <hdop>3.8</hdop>
        <extensions>
          <osmand:provider>fused</osmand:provider>
          <osmand:heading>356.0</osmand:heading>
        </extensions>
      </trkpt>
      <trkpt lat="48.8484277" lon="2.3325249">
        <ele>85.7</ele>
        <time>2026-02-05T20:44:23Z</time>
        <hdop>3.7</hdop>
        <extensions>
          <osmand:provider>fused</osmand:provider>
          <osmand:heading>356.0</osmand:heading>
        </extensions>
      </trkpt>
      <trkpt lat="48.8484281" lon="2.3325248">
        <ele>85.7</ele>
        <time>2026-02-05T20:44:24Z</time>
        <hdop>3.7</hdop>
        <extensions>
          <osmand:provider>fused</osmand:provider>
          <osmand:heading>356.0</osmand:heading>
        </extensions>
      </trkpt>
      <trkpt lat="48.8484283" lon="2.3325249">
        <ele>85.7</ele>
        <time>2026-02-05T20:44:25Z</time>
        <hdop>3.5</hdop>
        <extensions>
          <osmand:provider>fused</osmand:provider>
          <osmand:heading>356.0</osmand:heading>
        </extensions>
      </trkpt>
      <trkpt lat="48.8484284" lon="2.3325247">
        <ele>85.7</ele>
        <time>2026-02-05T20:44:26Z</time>
        <hdop>3.5</hdop>
        <extensions>
          <osmand:provider>fused</osmand:provider>
          <osmand:heading>356.0</osmand:heading>
        </extensions>
      </trkpt>
      <trkpt lat="48.8484284" lon="2.3325247">
        <ele>85.7</ele>
        <time>2026-02-05T20:44:27Z</time>
        <hdop>3.5</hdop>
        <extensions>
          <osmand:provider>fused</osmand:provider>
          <osmand:heading>356.0</osmand:heading>
        </extensions>
      </trkpt>
      <trkpt lat="48.8484285" lon="2.3325246">
        <ele>85.7</ele>
        <time>2026-02-05T20:44:28Z</time>
        <hdop>3.5</hdop>
        <extensions>
          <osmand:provider>fused</osmand:provider>
          <osmand:heading>356.0</osmand:heading>
        </extensions>
      </trkpt>
      <trkpt lat="48.8484285" lon="2.3325246">
        <ele>85.7</ele>
        <time>2026-02-05T20:44:29Z</time>
        <hdop>3.5</hdop>
        <extensions>
          <osmand:provider>fused</osmand:provider>
          <osmand:heading>356.0</osmand:heading>
        </extensions>
      </trkpt>
      <trkpt lat="48.8484285" lon="2.3325246">
        <ele>85.6</ele>
        <time>2026-02-05T20:44:30Z</time>
        <hdop>3.5</hdop>
        <extensions>
          <osmand:provider>fused</osmand:provider>
          <osmand:heading>356.0</osmand:heading>
        </extensions>
      </trkpt>
      <trkpt lat="48.8484287" lon="2.3325239">
        <ele>85.6</ele>
        <time>2026-02-05T20:44:31Z</time>
        <hdop>3.6</hdop>
        <extensions>
          <osmand:provider>fused</osmand:provider>
          <osmand:heading>356.0</osmand:heading>
        </extensions>
      </trkpt>
      <trkpt lat="48.8484285" lon="2.3325236">
        <ele>85.6</ele>
        <time>2026-02-05T20:44:32Z</time>
        <hdop>3.7</hdop>
        <extensions>
          <osmand:provider>fused</osmand:provider>
          <osmand:heading>356.0</osmand:heading>
        </extensions>
      </trkpt>
      <trkpt lat="48.8484288" lon="2.3325237">
        <ele>85.6</ele>
        <time>2026-02-05T20:44:33Z</time>
        <hdop>3.8</hdop>
        <extensions>
          <osmand:provider>fused</osmand:provider>
          <osmand:heading>356.0</osmand:heading>
        </extensions>
      </trkpt>
      <trkpt lat="48.8484322" lon="2.3325355">
        <ele>85.6</ele>
        <time>2026-02-05T20:44:34Z</time>
        <hdop>3.8</hdop>
        <extensions>
          <osmand:provider>fused</osmand:provider>
          <osmand:heading>356.0</osmand:heading>
          <osmand:speed>0.2</osmand:speed>
        </extensions>
      </trkpt>
      <trkpt lat="48.8484399" lon="2.3325338">
        <ele>85.6</ele>
        <time>2026-02-05T20:44:35Z</time>
        <hdop>3.8</hdop>
        <extensions>
          <osmand:provider>fused</osmand:provider>
          <osmand:heading>356.0</osmand:heading>
          <osmand:speed>0.2</osmand:speed>
        </extensions>
      </trkpt>
      <trkpt lat="48.8484397" lon="2.332534">
        <ele>85.7</ele>
        <time>2026-02-05T20:44:36Z</time>
        <hdop>3.8</hdop>
        <extensions>
          <osmand:provider>fused</osmand:provider>
          <osmand:heading>356.0</osmand:heading>
        </extensions>
      </trkpt>
      <trkpt lat="48.8484358" lon="2.3325319">
        <ele>85.7</ele>
        <time>2026-02-05T20:44:37Z</time>
        <hdop>3.6</hdop>
        <extensions>
          <osmand:provider>fused</osmand:provider>
          <osmand:heading>356.0</osmand:heading>
          <osmand:speed>0.3</osmand:speed>
        </extensions>
      </trkpt>
      <trkpt lat="48.8484429" lon="2.3325321">
        <ele>85.7</ele>
        <time>2026-02-05T20:44:38Z</time>
        <hdop>3.6</hdop>
        <extensions>
          <osmand:provider>fused</osmand:provider>
          <osmand:heading>355.0</osmand:heading>
          <osmand:speed>0.7</osmand:speed>
        </extensions>
      </trkpt>
      <trkpt lat="48.8484517" lon="2.3325429">
        <ele>85.7</ele>
        <time>2026-02-05T20:44:39Z</time>
        <hdop>3.5</hdop>
        <extensions>
          <osmand:provider>fused</osmand:provider>
          <osmand:heading>354.0</osmand:heading>
          <osmand:speed>1.3</osmand:speed>
        </extensions>
      </trkpt>
      <trkpt lat="48.8484728" lon="2.3325502">
        <ele>85.7</ele>
        <time>2026-02-05T20:44:40Z</time>
        <hdop>3.5</hdop>
        <extensions>
          <osmand:provider>fused</osmand:provider>
          <osmand:heading>354.0</osmand:heading>
          <osmand:speed>2.6</osmand:speed>
        </extensions>
      </trkpt>
      <trkpt lat="48.8484948" lon="2.3325571">
        <ele>85.7</ele>
        <time>2026-02-05T20:44:41Z</time>
        <hdop>3.5</hdop>
        <extensions>
          <osmand:provider>fused</osmand:provider>
          <osmand:heading>354.0</osmand:heading>
          <osmand:speed>2.8</osmand:speed>
        </extensions>
      </trkpt>
      <trkpt lat="48.8485176" lon="2.3325669">
        <ele>85.7</ele>
        <time>2026-02-05T20:44:42Z</time>
        <hdop>3.5</hdop>
        <extensions>
          <osmand:provider>fused</osmand:provider>
          <osmand:heading>356.0</osmand:heading>
          <osmand:speed>2.8</osmand:speed>
        </extensions>
      </trkpt>
      <trkpt lat="48.8485529" lon="2.332593">
        <ele>85.6</ele>
        <time>2026-02-05T20:44:43Z</time>
        <hdop>3.5</hdop>
        <extensions>
          <osmand:provider>fused</osmand:provider>
          <osmand:heading>2.0</osmand:heading>
          <osmand:speed>4</osmand:speed>
        </extensions>
      </trkpt>
      <trkpt lat="48.8485915" lon="2.3326542">
        <ele>85.6</ele>
        <time>2026-02-05T20:44:44Z</time>
        <hdop>3.5</hdop>
        <extensions>
          <osmand:provider>fused</osmand:provider>
          <osmand:heading>9.0</osmand:heading>
          <osmand:speed>5.5</osmand:speed>
        </extensions>
      </trkpt>
      <trkpt lat="48.8486352" lon="2.3327353">
        <ele>85.6</ele>
        <time>2026-02-05T20:44:45Z</time>
        <hdop>3.5</hdop>
        <extensions>
          <osmand:provider>fused</osmand:provider>
          <osmand:heading>17.0</osmand:heading>
          <osmand:speed>6.3</osmand:speed>
        </extensions>
      </trkpt>
      <trkpt lat="48.848675" lon="2.3328426">
        <ele>85.6</ele>
        <time>2026-02-05T20:44:46Z</time>
        <hdop>3.5</hdop>
        <extensions>
          <osmand:provider>fused</osmand:provider>
          <osmand:heading>26.0</osmand:heading>
          <osmand:speed>6.9</osmand:speed>
        </extensions>
      </trkpt>
      <trkpt lat="48.8486992" lon="2.3329879">
        <ele>85.6</ele>
        <time>2026-02-05T20:44:47Z</time>
        <hdop>3.5</hdop>
        <extensions>
          <osmand:provider>fused</osmand:provider>
          <osmand:heading>36.0</osmand:heading>
          <osmand:speed>8.6</osmand:speed>
        </extensions>
      </trkpt>
      <trkpt lat="48.8487202" lon="2.3330991">
        <ele>85.6</ele>
        <time>2026-02-05T20:44:48Z</time>
        <hdop>3.4</hdop>
        <extensions>
          <osmand:provider>fused</osmand:provider>
          <osmand:heading>34.0</osmand:heading>
          <osmand:speed>9.6</osmand:speed>
        </extensions>
      </trkpt>
      <trkpt lat="48.8487461" lon="2.3332328">
        <ele>85.6</ele>
        <time>2026-02-05T20:44:49Z</time>
        <hdop>3.3</hdop>
        <extensions>
          <osmand:provider>fused</osmand:provider>
          <osmand:heading>34.0</osmand:heading>
          <osmand:speed>10.2</osmand:speed>
        </extensions>
      </trkpt>
      <trkpt lat="48.8487668" lon="2.3333804">
        <ele>85.6</ele>
        <time>2026-02-05T20:44:50Z</time>
        <hdop>3.2</hdop>
        <extensions>
          <osmand:provider>fused</osmand:provider>
          <osmand:heading>35.0</osmand:heading>
          <osmand:speed>10.6</osmand:speed>
        </extensions>
      </trkpt>
      <trkpt lat="48.8487988" lon="2.3335219">
        <ele>85.6</ele>
        <time>2026-02-05T20:44:51Z</time>
        <hdop>3.1</hdop>
        <extensions>
          <osmand:provider>fused</osmand:provider>
          <osmand:heading>35.0</osmand:heading>
          <osmand:speed>10.9</osmand:speed>
        </extensions>
      </trkpt>
      <trkpt lat="48.8488302" lon="2.3336782">
        <ele>86.5</ele>
        <time>2026-02-05T20:44:52Z</time>
        <hdop>3.1</hdop>
        <extensions>
          <osmand:provider>fused</osmand:provider>
          <osmand:heading>33.0</osmand:heading>
          <osmand:speed>11.4</osmand:speed>
        </extensions>
      </trkpt>
      <trkpt lat="48.8488613" lon="2.3338368">
        <ele>86.5</ele>
        <time>2026-02-05T20:44:53Z</time>
        <hdop>3</hdop>
        <extensions>
          <osmand:provider>fused</osmand:provider>
          <osmand:heading>31.0</osmand:heading>
          <osmand:speed>11.7</osmand:speed>
        </extensions>
      </trkpt>
      <trkpt lat="48.8488915" lon="2.3339901">
        <ele>86.5</ele>
        <time>2026-02-05T20:44:54Z</time>
        <hdop>3</hdop>
        <extensions>
          <osmand:provider>fused</osmand:provider>
          <osmand:heading>31.0</osmand:heading>
          <osmand:speed>12</osmand:speed>
        </extensions>
      </trkpt>
      <trkpt lat="48.848928" lon="2.3341548">
        <ele>86.5</ele>
        <time>2026-02-05T20:44:55Z</time>
        <hdop>3</hdop>
        <extensions>
          <osmand:provider>fused</osmand:provider>
          <osmand:heading>30.0</osmand:heading>
          <osmand:speed>12.4</osmand:speed>
        </extensions>
      </trkpt>
      <trkpt lat="48.8489674" lon="2.3343206">
        <ele>86.5</ele>
        <time>2026-02-05T20:44:56Z</time>
        <hdop>3</hdop>
        <extensions>
          <osmand:provider>fused</osmand:provider>
          <osmand:heading>31.0</osmand:heading>
          <osmand:speed>12.6</osmand:speed>
        </extensions>
      </trkpt>
      <trkpt lat="48.8490004" lon="2.3344929">
        <ele>86.5</ele>
        <time>2026-02-05T20:44:57Z</time>
        <hdop>3</hdop>
        <extensions>
          <osmand:provider>fused</osmand:provider>
          <osmand:heading>31.0</osmand:heading>
          <osmand:speed>12.4</osmand:speed>
        </extensions>
      </trkpt>
      <trkpt lat="48.8490276" lon="2.3346485">
        <ele>86.5</ele>
        <time>2026-02-05T20:44:58Z</time>
        <hdop>3</hdop>
        <extensions>
          <osmand:provider>fused</osmand:provider>
          <osmand:heading>30.0</osmand:heading>
          <osmand:speed>12</osmand:speed>
        </extensions>
      </trkpt>
      <trkpt lat="48.8490591" lon="2.334809">
        <ele>86.5</ele>
        <time>2026-02-05T20:44:59Z</time>
        <hdop>3</hdop>
        <extensions>
          <osmand:provider>fused</osmand:provider>
          <osmand:heading>29.0</osmand:heading>
          <osmand:speed>12.3</osmand:speed>
        </extensions>
      </trkpt>
      <trkpt lat="48.8490947" lon="2.3349669">
        <ele>86.5</ele>
        <time>2026-02-05T20:45:00Z</time>
        <hdop>3</hdop>
        <extensions>
          <osmand:provider>fused</osmand:provider>
          <osmand:heading>30.0</osmand:heading>
          <osmand:speed>12.5</osmand:speed>
        </extensions>
      </trkpt>
      <trkpt lat="48.8491323" lon="2.3351245">
        <ele>86.5</ele>
        <time>2026-02-05T20:45:01Z</time>
        <hdop>3.1</hdop>
        <extensions>
          <osmand:provider>fused</osmand:provider>
          <osmand:heading>31.0</osmand:heading>
          <osmand:speed>12.2</osmand:speed>
        </extensions>
      </trkpt>
      <trkpt lat="48.849161" lon="2.3352794">
        <ele>86.5</ele>
        <time>2026-02-05T20:45:02Z</time>
        <hdop>3.1</hdop>
        <extensions>
          <osmand:provider>fused</osmand:provider>
          <osmand:heading>31.0</osmand:heading>
          <osmand:speed>11.5</osmand:speed>
        </extensions>
      </trkpt>
      <trkpt lat="48.8491819" lon="2.3354322">
        <ele>86.6</ele>
        <time>2026-02-05T20:45:03Z</time>
        <hdop>3.2</hdop>
        <extensions>
          <osmand:provider>fused</osmand:provider>
          <osmand:heading>32.0</osmand:heading>
          <osmand:speed>11.5</osmand:speed>
        </extensions>
      </trkpt>
      <trkpt lat="48.8492019" lon="2.3355886">
        <ele>86.6</ele>
        <time>2026-02-05T20:45:04Z</time>
        <hdop>3.2</hdop>
        <extensions>
          <osmand:provider>fused</osmand:provider>
          <osmand:heading>33.0</osmand:heading>
          <osmand:speed>11.4</osmand:speed>
        </extensions>
      </trkpt>
      <trkpt lat="48.8492196" lon="2.335743">
        <ele>86.6</ele>
        <time>2026-02-05T20:45:05Z</time>
        <hdop>3.2</hdop>
        <extensions>
          <osmand:provider>fused</osmand:provider>
          <osmand:heading>35.0</osmand:heading>
          <osmand:speed>11.5</osmand:speed>
        </extensions>
      </trkpt>
      <trkpt lat="48.8492289" lon="2.3358961">
        <ele>86.6</ele>
        <time>2026-02-05T20:45:06Z</time>
        <hdop>3.1</hdop>
        <extensions>
          <osmand:provider>fused</osmand:provider>
          <osmand:heading>38.0</osmand:heading>
          <osmand:speed>11.7</osmand:speed>
        </extensions>
      </trkpt>
      <trkpt lat="48.8492369" lon="2.3360585">
        <ele>86.6</ele>
        <time>2026-02-05T20:45:07Z</time>
        <hdop>3.2</hdop>
        <extensions>
          <osmand:provider>fused</osmand:provider>
          <osmand:heading>41.0</osmand:heading>
          <osmand:speed>11.5</osmand:speed>
        </extensions>
      </trkpt>
      <trkpt lat="48.8492406" lon="2.3362215">
        <ele>86.6</ele>
        <time>2026-02-05T20:45:08Z</time>
        <hdop>3.2</hdop>
        <extensions>
          <osmand:provider>fused</osmand:provider>
          <osmand:heading>43.0</osmand:heading>
          <osmand:speed>10.9</osmand:speed>
        </extensions>
      </trkpt>
      <trkpt lat="48.8492509" lon="2.3363708">
        <ele>86.6</ele>
        <time>2026-02-05T20:45:09Z</time>
        <hdop>3.3</hdop>
        <extensions>
          <osmand:provider>fused</osmand:provider>
          <osmand:heading>44.0</osmand:heading>
          <osmand:speed>11.1</osmand:speed>
        </extensions>
      </trkpt>
      <trkpt lat="48.8492641" lon="2.3365263">
        <ele>86.6</ele>
        <time>2026-02-05T20:45:10Z</time>
        <hdop>3.3</hdop>
        <extensions>
          <osmand:provider>fused</osmand:provider>
          <osmand:heading>42.0</osmand:heading>
          <osmand:speed>11.1</osmand:speed>
        </extensions>
      </trkpt>
      <trkpt lat="48.849272" lon="2.3366803">
        <ele>86.6</ele>
        <time>2026-02-05T20:45:11Z</time>
        <hdop>3.5</hdop>
        <extensions>
          <osmand:provider>fused</osmand:provider>
          <osmand:heading>40.0</osmand:heading>
          <osmand:speed>10.6</osmand:speed>
        </extensions>
      </trkpt>
      <trkpt lat="48.8492755" lon="2.3368133">
        <ele>86.6</ele>
        <time>2026-02-05T20:45:12Z</time>
        <hdop>3.5</hdop>
        <extensions>
          <osmand:provider>fused</osmand:provider>
          <osmand:heading>39.0</osmand:heading>
          <osmand:speed>9.8</osmand:speed>
        </extensions>
      </trkpt>
      <trkpt lat="48.8492807" lon="2.336944">
        <ele>86.6</ele>
        <time>2026-02-05T20:45:13Z</time>
        <hdop>3.5</hdop>
        <extensions>
          <osmand:provider>fused</osmand:provider>
          <osmand:heading>38.0</osmand:heading>
          <osmand:speed>8.7</osmand:speed>
        </extensions>
      </trkpt>
      <trkpt lat="48.8492896" lon="2.3370588">
        <ele>86.6</ele>
        <time>2026-02-05T20:45:14Z</time>
        <hdop>3.5</hdop>
        <extensions>
          <osmand:provider>fused</osmand:provider>
          <osmand:heading>38.0</osmand:heading>
          <osmand:speed>7.7</osmand:speed>
        </extensions>
      </trkpt>
      <trkpt lat="48.8492935" lon="2.3371579">
        <ele>86.6</ele>
        <time>2026-02-05T20:45:15Z</time>
        <hdop>3.5</hdop>
        <extensions>
          <osmand:provider>fused</osmand:provider>
          <osmand:heading>37.0</osmand:heading>
          <osmand:speed>6.8</osmand:speed>
        </extensions>
      </trkpt>
      <trkpt lat="48.8492981" lon="2.3372436">
        <ele>86.6</ele>
        <time>2026-02-05T20:45:16Z</time>
        <hdop>3.5</hdop>
        <extensions>
          <osmand:provider>fused</osmand:provider>
          <osmand:heading>38.0</osmand:heading>
          <osmand:speed>6.1</osmand:speed>
        </extensions>
      </trkpt>
      <trkpt lat="48.8492928" lon="2.3373202">
        <ele>86.6</ele>
        <time>2026-02-05T20:45:17Z</time>
        <hdop>3.5</hdop>
        <extensions>
          <osmand:provider>fused</osmand:provider>
          <osmand:heading>39.0</osmand:heading>
          <osmand:speed>5.1</osmand:speed>
        </extensions>
      </trkpt>
      <trkpt lat="48.8492826" lon="2.337374">
        <ele>86.6</ele>
        <time>2026-02-05T20:45:18Z</time>
        <hdop>3.5</hdop>
        <extensions>
          <osmand:provider>fused</osmand:provider>
          <osmand:heading>40.0</osmand:heading>
          <osmand:speed>4.3</osmand:speed>
        </extensions>
      </trkpt>
      <trkpt lat="48.8492716" lon="2.3374183">
        <ele>86.6</ele>
        <time>2026-02-05T20:45:19Z</time>
        <hdop>3.4</hdop>
        <extensions>
          <osmand:provider>fused</osmand:provider>
          <osmand:heading>40.0</osmand:heading>
          <osmand:speed>3.1</osmand:speed>
        </extensions>
      </trkpt>
      <trkpt lat="48.8492693" lon="2.3374486">
        <ele>86.6</ele>
        <time>2026-02-05T20:45:20Z</time>
        <hdop>3.3</hdop>
        <extensions>
          <osmand:provider>fused</osmand:provider>
          <osmand:heading>39.0</osmand:heading>
          <osmand:speed>1.7</osmand:speed>
        </extensions>
      </trkpt>
      <trkpt lat="48.8492609" lon="2.3374728">
        <ele>86.8</ele>
        <time>2026-02-05T20:45:21Z</time>
        <hdop>3.2</hdop>
        <extensions>
          <osmand:provider>fused</osmand:provider>
          <osmand:heading>38.0</osmand:heading>
          <osmand:speed>1.1</osmand:speed>
        </extensions>
      </trkpt>
      <trkpt lat="48.8492587" lon="2.3374855">
        <ele>86.8</ele>
        <time>2026-02-05T20:45:22Z</time>
        <hdop>3.1</hdop>
        <extensions>
          <osmand:provider>fused</osmand:provider>
          <osmand:heading>37.0</osmand:heading>
          <osmand:speed>0.4</osmand:speed>
        </extensions>
      </trkpt>
      <trkpt lat="48.8492595" lon="2.3374773">
        <ele>86.8</ele>
        <time>2026-02-05T20:45:23Z</time>
        <hdop>2.9</hdop>
        <extensions>
          <osmand:provider>fused</osmand:provider>
          <osmand:heading>37.0</osmand:heading>
          <osmand:speed>0.2</osmand:speed>
        </extensions>
      </trkpt>
      <trkpt lat="48.8492597" lon="2.3374772">
        <ele>86.8</ele>
        <time>2026-02-05T20:45:24Z</time>
        <hdop>2.9</hdop>
        <extensions>
          <osmand:provider>fused</osmand:provider>
          <osmand:heading>36.0</osmand:heading>
        </extensions>
      </trkpt>
      <trkpt lat="48.8492599" lon="2.3374767">
        <ele>86.8</ele>
        <time>2026-02-05T20:45:25Z</time>
        <hdop>2.9</hdop>
        <extensions>
          <osmand:provider>fused</osmand:provider>
          <osmand:heading>37.0</osmand:heading>
        </extensions>
      </trkpt>
      <trkpt lat="48.8492599" lon="2.3374767">
        <ele>86.8</ele>
        <time>2026-02-05T20:45:26Z</time>
        <hdop>2.8</hdop>
        <extensions>
          <osmand:provider>fused</osmand:provider>
          <osmand:heading>37.0</osmand:heading>
        </extensions>
      </trkpt>
      <trkpt lat="48.8492599" lon="2.3374766">
        <ele>86.8</ele>
        <time>2026-02-05T20:45:27Z</time>
        <hdop>2.8</hdop>
        <extensions>
          <osmand:provider>fused</osmand:provider>
          <osmand:heading>37.0</osmand:heading>
        </extensions>
      </trkpt>
      <trkpt lat="48.8492584" lon="2.3374763">
        <ele>86.8</ele>
        <time>2026-02-05T20:45:28Z</time>
        <hdop>2.8</hdop>
        <extensions>
          <osmand:provider>fused</osmand:provider>
          <osmand:heading>37.0</osmand:heading>
          <osmand:speed>0.2</osmand:speed>
        </extensions>
      </trkpt>
      <trkpt lat="48.8492584" lon="2.337476">
        <ele>86.8</ele>
        <time>2026-02-05T20:45:29Z</time>
        <hdop>2.7</hdop>
        <extensions>
          <osmand:provider>fused</osmand:provider>
          <osmand:heading>37.0</osmand:heading>
        </extensions>
      </trkpt>
      <trkpt lat="48.8492584" lon="2.3374761">
        <ele>86.8</ele>
        <time>2026-02-05T20:45:30Z</time>
        <hdop>2.6</hdop>
        <extensions>
          <osmand:provider>fused</osmand:provider>
          <osmand:heading>37.0</osmand:heading>
        </extensions>
      </trkpt>
      <trkpt lat="48.8492585" lon="2.3374763">
        <ele>86.8</ele>
        <time>2026-02-05T20:45:31Z</time>
        <hdop>2.6</hdop>
        <extensions>
          <osmand:provider>fused</osmand:provider>
          <osmand:heading>37.0</osmand:heading>
        </extensions>
      </trkpt>
      <trkpt lat="48.8492584" lon="2.3374763">
        <ele>86.8</ele>
        <time>2026-02-05T20:45:32Z</time>
        <hdop>2.5</hdop>
        <extensions>
          <osmand:provider>fused</osmand:provider>
          <osmand:heading>37.0</osmand:heading>
        </extensions>
      </trkpt>
      <trkpt lat="48.8492535" lon="2.3374837">
        <ele>86.8</ele>
        <time>2026-02-05T20:45:33Z</time>
        <hdop>2.5</hdop>
        <extensions>
          <osmand:provider>fused</osmand:provider>
          <osmand:heading>36.0</osmand:heading>
          <osmand:speed>1.7</osmand:speed>
        </extensions>
      </trkpt>
      <trkpt lat="48.849248" lon="2.3375155">
        <ele>86.6</ele>
        <time>2026-02-05T20:45:34Z</time>
        <hdop>2.6</hdop>
        <extensions>
          <osmand:provider>fused</osmand:provider>
          <osmand:heading>36.0</osmand:heading>
          <osmand:speed>2.7</osmand:speed>
        </extensions>
      </trkpt>
      <trkpt lat="48.8492516" lon="2.3375543">
        <ele>86.6</ele>
        <time>2026-02-05T20:45:35Z</time>
        <hdop>2.6</hdop>
        <extensions>
          <osmand:provider>fused</osmand:provider>
          <osmand:heading>37.0</osmand:heading>
          <osmand:speed>3.6</osmand:speed>
        </extensions>
      </trkpt>
      <trkpt lat="48.8492521" lon="2.337613">
        <ele>86.6</ele>
        <time>2026-02-05T20:45:36Z</time>
        <hdop>2.7</hdop>
        <extensions>
          <osmand:provider>fused</osmand:provider>
          <osmand:heading>38.0</osmand:heading>
          <osmand:speed>4.4</osmand:speed>
        </extensions>
      </trkpt>
      <trkpt lat="48.8492484" lon="2.3376819">
        <ele>86.6</ele>
        <time>2026-02-05T20:45:37Z</time>
        <hdop>2.8</hdop>
        <extensions>
          <osmand:provider>fused</osmand:provider>
          <osmand:heading>39.0</osmand:heading>
          <osmand:speed>5.3</osmand:speed>
        </extensions>
      </trkpt>
      <trkpt lat="48.8492501" lon="2.3377647">
        <ele>86.6</ele>
        <time>2026-02-05T20:45:38Z</time>
        <hdop>2.8</hdop>
        <extensions>
          <osmand:provider>fused</osmand:provider>
          <osmand:heading>38.0</osmand:heading>
          <osmand:speed>6.2</osmand:speed>
        </extensions>
      </trkpt>
      <trkpt lat="48.8492454" lon="2.3378589">
        <ele>86.6</ele>
        <time>2026-02-05T20:45:39Z</time>
        <hdop>2.9</hdop>
        <extensions>
          <osmand:provider>fused</osmand:provider>
          <osmand:heading>38.0</osmand:heading>
          <osmand:speed>7</osmand:speed>
        </extensions>
      </trkpt>
      <trkpt lat="48.8492328" lon="2.3379562">
        <ele>86.6</ele>
        <time>2026-02-05T20:45:40Z</time>
        <hdop>3</hdop>
        <extensions>
          <osmand:provider>fused</osmand:provider>
          <osmand:heading>38.0</osmand:heading>
          <osmand:speed>7.6</osmand:speed>
        </extensions>
      </trkpt>
      <trkpt lat="48.8492345" lon="2.3380642">
        <ele>86.6</ele>
        <time>2026-02-05T20:45:41Z</time>
        <hdop>3</hdop>
        <extensions>
          <osmand:provider>fused</osmand:provider>
          <osmand:heading>40.0</osmand:heading>
          <osmand:speed>7.7</osmand:speed>
        </extensions>
      </trkpt>
      <trkpt lat="48.849218" lon="2.3381752">
        <ele>86.6</ele>
        <time>2026-02-05T20:45:42Z</time>
        <hdop>3</hdop>
        <extensions>
          <osmand:provider>fused</osmand:provider>
          <osmand:heading>41.0</osmand:heading>
          <osmand:speed>8.4</osmand:speed>
        </extensions>
      </trkpt>
      <trkpt lat="48.849202" lon="2.3382913">
        <ele>86.6</ele>
        <time>2026-02-05T20:45:43Z</time>
        <hdop>3</hdop>
        <extensions>
          <osmand:provider>fused</osmand:provider>
          <osmand:heading>41.0</osmand:heading>
          <osmand:speed>8.4</osmand:speed>
        </extensions>
      </trkpt>
      <trkpt lat="48.8491908" lon="2.3383932">
        <ele>86.6</ele>
        <time>2026-02-05T20:45:44Z</time>
        <hdop>3.1</hdop>
        <extensions>
          <osmand:provider>fused</osmand:provider>
          <osmand:heading>42.0</osmand:heading>
          <osmand:speed>7.6</osmand:speed>
        </extensions>
      </trkpt>
      <trkpt lat="48.849174" lon="2.3384905">
        <ele>86.6</ele>
        <time>2026-02-05T20:45:45Z</time>
        <hdop>3.1</hdop>
        <extensions>
          <osmand:provider>fused</osmand:provider>
          <osmand:heading>43.0</osmand:heading>
          <osmand:speed>7.3</osmand:speed>
        </extensions>
      </trkpt>
      <trkpt lat="48.8491587" lon="2.33859">
        <ele>86.6</ele>
        <time>2026-02-05T20:45:46Z</time>
        <hdop>3.1</hdop>
        <extensions>
          <osmand:provider>fused</osmand:provider>
          <osmand:heading>44.0</osmand:heading>
          <osmand:speed>6.6</osmand:speed>
        </extensions>
      </trkpt>
      <trkpt lat="48.8491375" lon="2.33867">
        <ele>86.6</ele>
        <time>2026-02-05T20:45:47Z</time>
        <hdop>3.1</hdop>
        <extensions>
          <osmand:provider>fused</osmand:provider>
          <osmand:heading>46.0</osmand:heading>
          <osmand:speed>5.4</osmand:speed>
        </extensions>
      </trkpt>
      <trkpt lat="48.8491183" lon="2.3387262">
        <ele>86.6</ele>
        <time>2026-02-05T20:45:48Z</time>
        <hdop>3.1</hdop>
        <extensions>
          <osmand:provider>fused</osmand:provider>
          <osmand:heading>49.0</osmand:heading>
          <osmand:speed>4.2</osmand:speed>
        </extensions>
      </trkpt>
      <trkpt lat="48.8491175" lon="2.3387744">
        <ele>86.6</ele>
        <time>2026-02-05T20:45:49Z</time>
        <hdop>3.1</hdop>
        <extensions>
          <osmand:provider>fused</osmand:provider>
          <osmand:heading>52.0</osmand:heading>
          <osmand:speed>3</osmand:speed>
        </extensions>
      </trkpt>
      <trkpt lat="48.8491019" lon="2.3388019">
        <ele>86.6</ele>
        <time>2026-02-05T20:45:50Z</time>
        <hdop>3</hdop>
        <extensions>
          <osmand:provider>fused</osmand:provider>
          <osmand:heading>54.0</osmand:heading>
          <osmand:speed>2.7</osmand:speed>
        </extensions>
      </trkpt>
      <trkpt lat="48.8490958" lon="2.3388271">
        <ele>86.8</ele>
        <time>2026-02-05T20:45:51Z</time>
        <hdop>3</hdop>
        <extensions>
          <osmand:provider>fused</osmand:provider>
          <osmand:heading>55.0</osmand:heading>
          <osmand:speed>0.9</osmand:speed>
        </extensions>
      </trkpt>
      <trkpt lat="48.8490877" lon="2.3388296">
        <ele>86.8</ele>
        <time>2026-02-05T20:45:52Z</time>
        <hdop>3</hdop>
        <extensions>
          <osmand:provider>fused</osmand:provider>
          <osmand:heading>56.0</osmand:heading>
          <osmand:speed>0.5</osmand:speed>
        </extensions>
      </trkpt>
      <trkpt lat="48.8490861" lon="2.3388399">
        <ele>86.8</ele>
        <time>2026-02-05T20:45:53Z</time>
        <hdop>3</hdop>
        <extensions>
          <osmand:provider>fused</osmand:provider>
          <osmand:heading>56.0</osmand:heading>
          <osmand:speed>0.1</osmand:speed>
        </extensions>
      </trkpt>
      <trkpt lat="48.8490812" lon="2.3388392">
        <ele>86.8</ele>
        <time>2026-02-05T20:45:54Z</time>
        <hdop>3</hdop>
        <extensions>
          <osmand:provider>fused</osmand:provider>
          <osmand:heading>55.0</osmand:heading>
          <osmand:speed>0.3</osmand:speed>
        </extensions>
      </trkpt>
      <trkpt lat="48.8490817" lon="2.3388379">
        <ele>86.8</ele>
        <time>2026-02-05T20:45:55Z</time>
        <hdop>3</hdop>
        <extensions>
          <osmand:provider>fused</osmand:provider>
          <osmand:heading>55.0</osmand:heading>
          <osmand:speed>0.3</osmand:speed>
        </extensions>
      </trkpt>
      <trkpt lat="48.8490831" lon="2.3388394">
        <ele>86.8</ele>
        <time>2026-02-05T20:45:56Z</time>
        <hdop>3</hdop>
        <extensions>
          <osmand:provider>fused</osmand:provider>
          <osmand:heading>55.0</osmand:heading>
          <osmand:speed>0.5</osmand:speed>
        </extensions>
      </trkpt>
      <trkpt lat="48.8490866" lon="2.3388459">
        <ele>86.8</ele>
        <time>2026-02-05T20:45:57Z</time>
        <hdop>3</hdop>
        <extensions>
          <osmand:provider>fused</osmand:provider>
          <osmand:heading>55.0</osmand:heading>
          <osmand:speed>0.9</osmand:speed>
        </extensions>
      </trkpt>
      <trkpt lat="48.8490827" lon="2.3388484">
        <ele>86.8</ele>
        <time>2026-02-05T20:45:58Z</time>
        <hdop>3</hdop>
        <extensions>
          <osmand:provider>fused</osmand:provider>
          <osmand:heading>55.0</osmand:heading>
          <osmand:speed>0.7</osmand:speed>
        </extensions>
      </trkpt>
      <trkpt lat="48.8490818" lon="2.338848">
        <ele>86.8</ele>
        <time>2026-02-05T20:45:59Z</time>
        <hdop>3</hdop>
        <extensions>
          <osmand:provider>fused</osmand:provider>
          <osmand:heading>55.0</osmand:heading>
          <osmand:speed>0</osmand:speed>
        </extensions>
      </trkpt>
      <trkpt lat="48.8490817" lon="2.3388477">
        <ele>86.8</ele>
        <time>2026-02-05T20:46:00Z</time>
        <hdop>3</hdop>
        <extensions>
          <osmand:provider>fused</osmand:provider>
          <osmand:heading>55.0</osmand:heading>
          <osmand:speed>0.4</osmand:speed>
        </extensions>
      </trkpt>
      <trkpt lat="48.8490795" lon="2.338871">
        <ele>86.6</ele>
        <time>2026-02-05T20:46:01Z</time>
        <hdop>2.9</hdop>
        <extensions>
          <osmand:provider>fused</osmand:provider>
          <osmand:heading>56.0</osmand:heading>
          <osmand:speed>1.6</osmand:speed>
        </extensions>
      </trkpt>
      <trkpt lat="48.8490783" lon="2.3389086">
        <ele>86.6</ele>
        <time>2026-02-05T20:46:02Z</time>
        <hdop>2.9</hdop>
        <extensions>
          <osmand:provider>fused</osmand:provider>
          <osmand:heading>53.0</osmand:heading>
          <osmand:speed>2.5</osmand:speed>
        </extensions>
      </trkpt>
      <trkpt lat="48.8490858" lon="2.3389494">
        <ele>86.6</ele>
        <time>2026-02-05T20:46:03Z</time>
        <hdop>2.9</hdop>
        <extensions>
          <osmand:provider>fused</osmand:provider>
          <osmand:heading>45.0</osmand:heading>
          <osmand:speed>3</osmand:speed>
        </extensions>
      </trkpt>
      <trkpt lat="48.8491075" lon="2.3389919">
        <ele>86.6</ele>
        <time>2026-02-05T20:46:04Z</time>
        <hdop>2.9</hdop>
        <extensions>
          <osmand:provider>fused</osmand:provider>
          <osmand:heading>37.0</osmand:heading>
          <osmand:speed>4.4</osmand:speed>
        </extensions>
      </trkpt>
      <trkpt lat="48.8491414" lon="2.3390277">
        <ele>89.9</ele>
        <time>2026-02-05T20:46:05Z</time>
        <hdop>2.9</hdop>
        <extensions>
          <osmand:provider>fused</osmand:provider>
          <osmand:heading>23.0</osmand:heading>
          <osmand:speed>5.6</osmand:speed>
        </extensions>
      </trkpt>
      <trkpt lat="48.8491873" lon="2.3390547">
        <ele>89.9</ele>
        <time>2026-02-05T20:46:06Z</time>
        <hdop>2.9</hdop>
        <extensions>
          <osmand:provider>fused</osmand:provider>
          <osmand:heading>10.0</osmand:heading>
          <osmand:speed>4.8</osmand:speed>
        </extensions>
      </trkpt>
      <trkpt lat="48.849232" lon="2.3390586">
        <ele>86.6</ele>
        <time>2026-02-05T20:46:07Z</time>
        <hdop>3</hdop>
        <extensions>
          <osmand:provider>fused</osmand:provider>
          <osmand:heading>10.0</osmand:heading>
          <osmand:speed>5.7</osmand:speed>
        </extensions>
      </trkpt>
      <trkpt lat="48.8492922" lon="2.3390615">
        <ele>86.6</ele>
        <time>2026-02-05T20:46:08Z</time>
        <hdop>3</hdop>
        <extensions>
          <osmand:provider>fused</osmand:provider>
          <osmand:heading>7.0</osmand:heading>
          <osmand:speed>7.1</osmand:speed>
        </extensions>
      </trkpt>
      <trkpt lat="48.8493573" lon="2.3390536">
        <ele>86.6</ele>
        <time>2026-02-05T20:46:09Z</time>
        <hdop>3.1</hdop>
        <extensions>
          <osmand:provider>fused</osmand:provider>
          <osmand:heading>5.0</osmand:heading>
          <osmand:speed>7.6</osmand:speed>
        </extensions>
      </trkpt>
      <trkpt lat="48.8494233" lon="2.3390458">
        <ele>86.6</ele>
        <time>2026-02-05T20:46:10Z</time>
        <hdop>3.2</hdop>
        <extensions>
          <osmand:provider>fused</osmand:provider>
          <osmand:heading>3.0</osmand:heading>
          <osmand:speed>7.6</osmand:speed>
        </extensions>
      </trkpt>
      <trkpt lat="48.8494875" lon="2.3390413">
        <ele>86.6</ele>
        <time>2026-02-05T20:46:11Z</time>
        <hdop>3.5</hdop>
        <extensions>
          <osmand:provider>fused</osmand:provider>
          <osmand:heading>359.0</osmand:heading>
          <osmand:speed>7.6</osmand:speed>
        </extensions>
      </trkpt>
      <trkpt lat="48.8495523" lon="2.3390372">
        <ele>86.6</ele>
        <time>2026-02-05T20:46:12Z</time>
        <hdop>3.7</hdop>
        <extensions>
          <osmand:provider>fused</osmand:provider>
          <osmand:heading>358.0</osmand:heading>
          <osmand:speed>7</osmand:speed>
        </extensions>
      </trkpt>
      <trkpt lat="48.8496115" lon="2.3390277">
        <ele>86.6</ele>
        <time>2026-02-05T20:46:13Z</time>
        <hdop>3.8</hdop>
        <extensions>
          <osmand:provider>fused</osmand:provider>
          <osmand:heading>357.0</osmand:heading>
          <osmand:speed>6.2</osmand:speed>
        </extensions>
      </trkpt>
      <trkpt lat="48.8496677" lon="2.3390208">
        <ele>86.6</ele>
        <time>2026-02-05T20:46:14Z</time>
        <hdop>3.9</hdop>
        <extensions>
          <osmand:provider>fused</osmand:provider>
          <osmand:heading>358.0</osmand:heading>
          <osmand:speed>6.1</osmand:speed>
        </extensions>
      </trkpt>
      <trkpt lat="48.8497171" lon="2.3390194">
        <ele>86.6</ele>
        <time>2026-02-05T20:46:15Z</time>
        <hdop>4.1</hdop>
        <extensions>
          <osmand:provider>fused</osmand:provider>
          <osmand:heading>358.0</osmand:heading>
          <osmand:speed>5.5</osmand:speed>
        </extensions>
      </trkpt>
      <trkpt lat="48.8497637" lon="2.3390174">
        <ele>86.6</ele>
        <time>2026-02-05T20:46:16Z</time>
        <hdop>4.1</hdop>
        <extensions>
          <osmand:provider>fused</osmand:provider>
          <osmand:heading>358.0</osmand:heading>
          <osmand:speed>5.3</osmand:speed>
        </extensions>
      </trkpt>
      <trkpt lat="48.8498185" lon="2.3390031">
        <ele>86.6</ele>
        <time>2026-02-05T20:46:17Z</time>
        <hdop>4</hdop>
        <extensions>
          <osmand:provider>fused</osmand:provider>
          <osmand:heading>357.0</osmand:heading>
          <osmand:speed>5.5</osmand:speed>
        </extensions>
      </trkpt>
      <trkpt lat="48.8498631" lon="2.3389856">
        <ele>86.8</ele>
        <time>2026-02-05T20:46:18Z</time>
        <hdop>3.9</hdop>
        <extensions>
          <osmand:provider>fused</osmand:provider>
          <osmand:heading>356.0</osmand:heading>
          <osmand:speed>5.5</osmand:speed>
        </extensions>
      </trkpt>
      <trkpt lat="48.8499067" lon="2.338935">
        <ele>86.8</ele>
        <time>2026-02-05T20:46:19Z</time>
        <hdop>3.8</hdop>
        <extensions>
          <osmand:provider>fused</osmand:provider>
          <osmand:heading>352.0</osmand:heading>
          <osmand:speed>5.7</osmand:speed>
        </extensions>
      </trkpt>
      <trkpt lat="48.8499467" lon="2.3389014">
        <ele>86.8</ele>
        <time>2026-02-05T20:46:20Z</time>
        <hdop>3.5</hdop>
        <extensions>
          <osmand:provider>fused</osmand:provider>
          <osmand:heading>342.0</osmand:heading>
          <osmand:speed>5.7</osmand:speed>
        </extensions>
      </trkpt>
      <trkpt lat="48.8499684" lon="2.338849">
        <ele>86.8</ele>
        <time>2026-02-05T20:46:21Z</time>
        <hdop>3.3</hdop>
        <extensions>
          <osmand:provider>fused</osmand:provider>
          <osmand:heading>331.0</osmand:heading>
          <osmand:speed>5</osmand:speed>
        </extensions>
      </trkpt>
      <trkpt lat="48.8499816" lon="2.3387884">
        <ele>86.8</ele>
        <time>2026-02-05T20:46:22Z</time>
        <hdop>3.1</hdop>
        <extensions>
          <osmand:provider>fused</osmand:provider>
          <osmand:heading>328.0</osmand:heading>
          <osmand:speed>4.8</osmand:speed>
        </extensions>
      </trkpt>
      <trkpt lat="48.8499816" lon="2.3387884">
        <ele>86.8</ele>
        <time>2026-02-05T20:46:22Z</time>
        <hdop>4.4</hdop>
        <extensions>
          <osmand:provider>fused</osmand:provider>
          <osmand:heading>328.0</osmand:heading>
        </extensions>
      </trkpt>
      <trkpt lat="48.8500016" lon="2.3387376">
        <ele>86.8</ele>
        <time>2026-02-05T20:46:23Z</time>
        <hdop>4.1</hdop>
        <extensions>
          <osmand:provider>fused</osmand:provider>
          <osmand:heading>328.0</osmand:heading>
          <osmand:speed>4.7</osmand:speed>
        </extensions>
      </trkpt>
      <trkpt lat="48.8500365" lon="2.3387012">
        <ele>85.1</ele>
        <time>2026-02-05T20:46:24Z</time>
        <hdop>4.1</hdop>
        <extensions>
          <osmand:provider>fused</osmand:provider>
          <osmand:heading>333.0</osmand:heading>
          <osmand:speed>5.1</osmand:speed>
        </extensions>
      </trkpt>
      <trkpt lat="48.8500792" lon="2.3386814">
        <ele>85.1</ele>
        <time>2026-02-05T20:46:25Z</time>
        <hdop>4</hdop>
        <extensions>
          <osmand:provider>fused</osmand:provider>
          <osmand:heading>340.0</osmand:heading>
          <osmand:speed>4.8</osmand:speed>
        </extensions>
      </trkpt>
      <trkpt lat="48.8501097" lon="2.3386496">
        <ele>85</ele>
        <time>2026-02-05T20:46:26Z</time>
        <hdop>4.2</hdop>
        <extensions>
          <osmand:provider>fused</osmand:provider>
          <osmand:heading>349.0</osmand:heading>
          <osmand:speed>4.7</osmand:speed>
        </extensions>
      </trkpt>
      <trkpt lat="48.8501477" lon="2.3386403">
        <ele>84.9</ele>
        <time>2026-02-05T20:46:27Z</time>
        <hdop>4.3</hdop>
        <extensions>
          <osmand:provider>fused</osmand:provider>
          <osmand:heading>356.0</osmand:heading>
          <osmand:speed>5.2</osmand:speed>
        </extensions>
      </trkpt>
      <trkpt lat="48.8501921" lon="2.3386305">
        <ele>84.8</ele>
        <time>2026-02-05T20:46:28Z</time>
        <hdop>3.2</hdop>
        <extensions>
          <osmand:provider>fused</osmand:provider>
          <osmand:heading>359.0</osmand:heading>
          <osmand:speed>6</osmand:speed>
        </extensions>
      </trkpt>
      <trkpt lat="48.8502434" lon="2.3386204">
        <ele>84.7</ele>
        <time>2026-02-05T20:46:29Z</time>
        <hdop>3.4</hdop>
        <extensions>
          <osmand:provider>fused</osmand:provider>
          <osmand:heading>359.0</osmand:heading>
          <osmand:speed>6</osmand:speed>
        </extensions>
      </trkpt>
      <trkpt lat="48.850298" lon="2.3386185">
        <ele>84.6</ele>
        <time>2026-02-05T20:46:30Z</time>
        <hdop>3.6</hdop>
        <extensions>
          <osmand:provider>fused</osmand:provider>
          <osmand:heading>359.0</osmand:heading>
          <osmand:speed>5.8</osmand:speed>
        </extensions>
      </trkpt>
      <trkpt lat="48.8503468" lon="2.3386144">
        <ele>84.6</ele>
        <time>2026-02-05T20:46:31Z</time>
        <hdop>3.8</hdop>
        <extensions>
          <osmand:provider>fused</osmand:provider>
          <osmand:heading>359.0</osmand:heading>
          <osmand:speed>5.1</osmand:speed>
        </extensions>
      </trkpt>
      <trkpt lat="48.8503986" lon="2.3386164">
        <ele>84.6</ele>
        <time>2026-02-05T20:46:32Z</time>
        <hdop>4</hdop>
        <extensions>
          <osmand:provider>fused</osmand:provider>
          <osmand:heading>0.0</osmand:heading>
          <osmand:speed>5.8</osmand:speed>
        </extensions>
      </trkpt>
      <trkpt lat="48.8504556" lon="2.3386185">
        <ele>84.5</ele>
        <time>2026-02-05T20:46:33Z</time>
        <hdop>4.4</hdop>
        <extensions>
          <osmand:provider>fused</osmand:provider>
          <osmand:heading>1.0</osmand:heading>
          <osmand:speed>5.8</osmand:speed>
        </extensions>
      </trkpt>
      <trkpt lat="48.850513" lon="2.3386123">
        <ele>84.3</ele>
        <time>2026-02-05T20:46:34Z</time>
        <hdop>4.4</hdop>
        <extensions>
          <osmand:provider>fused</osmand:provider>
          <osmand:heading>359.0</osmand:heading>
          <osmand:speed>5.8</osmand:speed>
        </extensions>
      </trkpt>
      <trkpt lat="48.8505665" lon="2.3386054">
        <ele>83.8</ele>
        <time>2026-02-05T20:46:35Z</time>
        <hdop>4.5</hdop>
        <extensions>
          <osmand:provider>fused</osmand:provider>
          <osmand:heading>359.0</osmand:heading>
          <osmand:speed>5.5</osmand:speed>
        </extensions>
      </trkpt>
      <trkpt lat="48.8506178" lon="2.3386024">
        <ele>83.7</ele>
        <time>2026-02-05T20:46:36Z</time>
        <hdop>4.6</hdop>
        <extensions>
          <osmand:provider>fused</osmand:provider>
          <osmand:heading>1.0</osmand:heading>
          <osmand:speed>5.3</osmand:speed>
        </extensions>
      </trkpt>
      <trkpt lat="48.8506594" lon="2.3385991">
        <ele>83.5</ele>
        <time>2026-02-05T20:46:37Z</time>
        <hdop>4.7</hdop>
        <extensions>
          <osmand:provider>fused</osmand:provider>
          <osmand:heading>3.0</osmand:heading>
          <osmand:speed>3.7</osmand:speed>
        </extensions>
      </trkpt>
      <trkpt lat="48.8506845" lon="2.338593">
        <ele>83.3</ele>
        <time>2026-02-05T20:46:38Z</time>
        <hdop>4.7</hdop>
        <extensions>
          <osmand:provider>fused</osmand:provider>
          <osmand:heading>1.0</osmand:heading>
          <osmand:speed>2.5</osmand:speed>
        </extensions>
      </trkpt>
      <trkpt lat="48.8507085" lon="2.3385993">
        <ele>83.2</ele>
        <time>2026-02-05T20:46:39Z</time>
        <hdop>4.7</hdop>
        <extensions>
          <osmand:provider>fused</osmand:provider>
          <osmand:heading>2.0</osmand:heading>
          <osmand:speed>2</osmand:speed>
        </extensions>
      </trkpt>
      <trkpt lat="48.8507274" lon="2.3386026">
        <ele>82.8</ele>
        <time>2026-02-05T20:46:40Z</time>
        <hdop>4.8</hdop>
        <extensions>
          <osmand:provider>fused</osmand:provider>
          <osmand:heading>2.0</osmand:heading>
          <osmand:speed>1.9</osmand:speed>
        </extensions>
      </trkpt>
      <trkpt lat="48.8507425" lon="2.3386062">
        <ele>82.6</ele>
        <time>2026-02-05T20:46:41Z</time>
        <hdop>4.8</hdop>
        <extensions>
          <osmand:provider>fused</osmand:provider>
          <osmand:heading>2.0</osmand:heading>
          <osmand:speed>1.5</osmand:speed>
        </extensions>
      </trkpt>
      <trkpt lat="48.8507526" lon="2.338608">
        <ele>82.5</ele>
        <time>2026-02-05T20:46:42Z</time>
        <hdop>4.9</hdop>
        <extensions>
          <osmand:provider>fused</osmand:provider>
          <osmand:heading>2.0</osmand:heading>
          <osmand:speed>1</osmand:speed>
        </extensions>
      </trkpt>
      <trkpt lat="48.8507705" lon="2.3385986">
        <ele>82.5</ele>
        <time>2026-02-05T20:46:43Z</time>
        <hdop>4.9</hdop>
        <extensions>
          <osmand:provider>fused</osmand:provider>
          <osmand:heading>1.0</osmand:heading>
          <osmand:speed>1.6</osmand:speed>
        </extensions>
      </trkpt>
      <trkpt lat="48.8507946" lon="2.3385922">
        <ele>82.4</ele>
        <time>2026-02-05T20:46:44Z</time>
        <hdop>5</hdop>
        <extensions>
          <osmand:provider>fused</osmand:provider>
          <osmand:heading>1.0</osmand:heading>
          <osmand:speed>2.5</osmand:speed>
        </extensions>
      </trkpt>
      <trkpt lat="48.8508218" lon="2.3385859">
        <ele>82.4</ele>
        <time>2026-02-05T20:46:45Z</time>
        <hdop>5</hdop>
        <extensions>
          <osmand:provider>fused</osmand:provider>
          <osmand:heading>2.0</osmand:heading>
          <osmand:speed>2.8</osmand:speed>
        </extensions>
      </trkpt>
      <trkpt lat="48.8508563" lon="2.3385899">
        <ele>82.4</ele>
        <time>2026-02-05T20:46:46Z</time>
        <hdop>5.1</hdop>
        <extensions>
          <osmand:provider>fused</osmand:provider>
          <osmand:heading>2.0</osmand:heading>
          <osmand:speed>3.1</osmand:speed>
        </extensions>
      </trkpt>
      <trkpt lat="48.8508939" lon="2.3385909">
        <ele>82.5</ele>
        <time>2026-02-05T20:46:47Z</time>
        <hdop>5.2</hdop>
        <extensions>
          <osmand:provider>fused</osmand:provider>
          <osmand:heading>359.0</osmand:heading>
          <osmand:speed>3.9</osmand:speed>
        </extensions>
      </trkpt>
      <trkpt lat="48.850936" lon="2.3385924">
        <ele>82.5</ele>
        <time>2026-02-05T20:46:48Z</time>
        <hdop>5.2</hdop>
        <extensions>
          <osmand:provider>fused</osmand:provider>
          <osmand:heading>359.0</osmand:heading>
          <osmand:speed>4.7</osmand:speed>
        </extensions>
      </trkpt>
      <trkpt lat="48.8509789" lon="2.3385907">
        <ele>82.6</ele>
        <time>2026-02-05T20:46:49Z</time>
        <hdop>5.2</hdop>
        <extensions>
          <osmand:provider>fused</osmand:provider>
          <osmand:heading>359.0</osmand:heading>
          <osmand:speed>4.7</osmand:speed>
        </extensions>
      </trkpt>
      <trkpt lat="48.8510324" lon="2.3385816">
        <ele>82.7</ele>
        <time>2026-02-05T20:46:50Z</time>
        <hdop>5.4</hdop>
        <extensions>
          <osmand:provider>fused</osmand:provider>
          <osmand:heading>2.0</osmand:heading>
          <osmand:speed>4.4</osmand:speed>
        </extensions>
      </trkpt>
      <trkpt lat="48.8510978" lon="2.3385896">
        <ele>82.7</ele>
        <time>2026-02-05T20:46:51Z</time>
        <hdop>5.3</hdop>
        <extensions>
          <osmand:provider>fused</osmand:provider>
          <osmand:heading>2.0</osmand:heading>
          <osmand:speed>5.6</osmand:speed>
        </extensions>
      </trkpt>
      <trkpt lat="48.8511769" lon="2.3385941">
        <ele>82.6</ele>
        <time>2026-02-05T20:46:52Z</time>
        <hdop>5.2</hdop>
        <extensions>
          <osmand:provider>fused</osmand:provider>
          <osmand:heading>1.0</osmand:heading>
          <osmand:speed>6.6</osmand:speed>
        </extensions>
      </trkpt>
      <trkpt lat="48.8512525" lon="2.3385935">
        <ele>82.6</ele>
        <time>2026-02-05T20:46:53Z</time>
        <hdop>5.3</hdop>
        <extensions>
          <osmand:provider>fused</osmand:provider>
          <osmand:heading>0.0</osmand:heading>
          <osmand:speed>6.7</osmand:speed>
        </extensions>
      </trkpt>
      <trkpt lat="48.8513279" lon="2.3386094">
        <ele>82.5</ele>
        <time>2026-02-05T20:46:54Z</time>
        <hdop>5.3</hdop>
        <extensions>
          <osmand:provider>fused</osmand:provider>
          <osmand:heading>1.0</osmand:heading>
          <osmand:speed>6.5</osmand:speed>
        </extensions>
      </trkpt>
      <trkpt lat="48.8513816" lon="2.3386104">
        <ele>82.3</ele>
        <time>2026-02-05T20:46:55Z</time>
        <hdop>5.3</hdop>
        <extensions>
          <osmand:provider>fused</osmand:provider>
          <osmand:heading>2.0</osmand:heading>
          <osmand:speed>5.3</osmand:speed>
        </extensions>
      </trkpt>
      <trkpt lat="48.8514418" lon="2.3386107">
        <ele>81.8</ele>
        <time>2026-02-05T20:46:56Z</time>
        <hdop>5.3</hdop>
        <extensions>
          <osmand:provider>fused</osmand:provider>
          <osmand:heading>2.0</osmand:heading>
          <osmand:speed>4.7</osmand:speed>
        </extensions>
      </trkpt>
      <trkpt lat="48.8514917" lon="2.3386246">
        <ele>81.5</ele>
        <time>2026-02-05T20:46:57Z</time>
        <hdop>5.4</hdop>
        <extensions>
          <osmand:provider>fused</osmand:provider>
          <osmand:heading>2.0</osmand:heading>
          <osmand:speed>3.5</osmand:speed>
        </extensions>
      </trkpt>
      <trkpt lat="48.8515102" lon="2.3386135">
        <ele>81.3</ele>
        <time>2026-02-05T20:46:58Z</time>
        <hdop>5.5</hdop>
        <extensions>
          <osmand:provider>fused</osmand:provider>
          <osmand:heading>2.0</osmand:heading>
          <osmand:speed>1.5</osmand:speed>
        </extensions>
      </trkpt>
      <trkpt lat="48.851525" lon="2.3386055">
        <ele>81</ele>
        <time>2026-02-05T20:46:59Z</time>
        <hdop>5.6</hdop>
        <extensions>
          <osmand:provider>fused</osmand:provider>
          <osmand:heading>2.0</osmand:heading>
          <osmand:speed>0.6</osmand:speed>
        </extensions>
      </trkpt>
      <trkpt lat="48.8515249" lon="2.3385997">
        <ele>80.7</ele>
        <time>2026-02-05T20:47:00Z</time>
        <hdop>5.6</hdop>
        <extensions>
          <osmand:provider>fused</osmand:provider>
          <osmand:heading>1.0</osmand:heading>
          <osmand:speed>0.1</osmand:speed>
        </extensions>
      </trkpt>
      <trkpt lat="48.8515268" lon="2.3385884">
        <ele>80.7</ele>
        <time>2026-02-05T20:47:01Z</time>
        <hdop>5.7</hdop>
        <extensions>
          <osmand:provider>fused</osmand:provider>
          <osmand:heading>1.0</osmand:heading>
          <osmand:speed>0.2</osmand:speed>
        </extensions>
      </trkpt>
      <trkpt lat="48.8515343" lon="2.338593">
        <ele>80.6</ele>
        <time>2026-02-05T20:47:02Z</time>
        <hdop>5.7</hdop>
        <extensions>
          <osmand:provider>fused</osmand:provider>
          <osmand:heading>1.0</osmand:heading>
          <osmand:speed>0.2</osmand:speed>
        </extensions>
      </trkpt>
      <trkpt lat="48.8515409" lon="2.3385889">
        <ele>80.6</ele>
        <time>2026-02-05T20:47:03Z</time>
        <hdop>5.7</hdop>
        <extensions>
          <osmand:provider>fused</osmand:provider>
          <osmand:heading>1.0</osmand:heading>
          <osmand:speed>0.7</osmand:speed>
        </extensions>
      </trkpt>
      <trkpt lat="48.8515515" lon="2.3385877">
        <ele>80.6</ele>
        <time>2026-02-05T20:47:04Z</time>
        <hdop>5.7</hdop>
        <extensions>
          <osmand:provider>fused</osmand:provider>
          <osmand:heading>1.0</osmand:heading>
          <osmand:speed>0.4</osmand:speed>
        </extensions>
      </trkpt>
      <trkpt lat="48.8515514" lon="2.338581">
        <ele>80.6</ele>
        <time>2026-02-05T20:47:05Z</time>
        <hdop>5.8</hdop>
        <extensions>
          <osmand:provider>fused</osmand:provider>
          <osmand:heading>0.0</osmand:heading>
          <osmand:speed>0.4</osmand:speed>
        </extensions>
      </trkpt>
      <trkpt lat="48.8515496" lon="2.3385813">
        <ele>80.7</ele>
        <time>2026-02-05T20:47:06Z</time>
        <hdop>5.8</hdop>
        <extensions>
          <osmand:provider>fused</osmand:provider>
          <osmand:heading>0.0</osmand:heading>
          <osmand:speed>0.1</osmand:speed>
        </extensions>
      </trkpt>
      <trkpt lat="48.8515493" lon="2.3385817">
        <ele>80.8</ele>
        <time>2026-02-05T20:47:07Z</time>
        <hdop>5.8</hdop>
        <extensions>
          <osmand:provider>fused</osmand:provider>
          <osmand:heading>0.0</osmand:heading>
          <osmand:speed>0</osmand:speed>
        </extensions>
      </trkpt>
      <trkpt lat="48.8515509" lon="2.3385819">
        <ele>80.8</ele>
        <time>2026-02-05T20:47:08Z</time>
        <hdop>6</hdop>
        <extensions>
          <osmand:provider>fused</osmand:provider>
          <osmand:heading>360.0</osmand:heading>
          <osmand:speed>0.1</osmand:speed>
        </extensions>
      </trkpt>
      <trkpt lat="48.8515577" lon="2.338588">
        <ele>80.8</ele>
        <time>2026-02-05T20:47:09Z</time>
        <hdop>6.1</hdop>
        <extensions>
          <osmand:provider>fused</osmand:provider>
          <osmand:heading>359.0</osmand:heading>
          <osmand:speed>1.1</osmand:speed>
        </extensions>
      </trkpt>
      <trkpt lat="48.8515793" lon="2.338591">
        <ele>80.7</ele>
        <time>2026-02-05T20:47:10Z</time>
        <hdop>6.2</hdop>
        <extensions>
          <osmand:provider>fused</osmand:provider>
          <osmand:heading>359.0</osmand:heading>
          <osmand:speed>2.1</osmand:speed>
        </extensions>
      </trkpt>
      <trkpt lat="48.8516036" lon="2.3385928">
        <ele>80.7</ele>
        <time>2026-02-05T20:47:11Z</time>
        <hdop>6.2</hdop>
        <extensions>
          <osmand:provider>fused</osmand:provider>
          <osmand:heading>359.0</osmand:heading>
          <osmand:speed>2.6</osmand:speed>
        </extensions>
      </trkpt>
      <trkpt lat="48.8516363" lon="2.3386035">
        <ele>80.7</ele>
        <time>2026-02-05T20:47:12Z</time>
        <hdop>6.3</hdop>
        <extensions>
          <osmand:provider>fused</osmand:provider>
          <osmand:heading>358.0</osmand:heading>
          <osmand:speed>2.6</osmand:speed>
        </extensions>
      </trkpt>
      <trkpt lat="48.8516755" lon="2.3386231">
        <ele>80.7</ele>
        <time>2026-02-05T20:47:13Z</time>
        <hdop>6.1</hdop>
        <extensions>
          <osmand:provider>fused</osmand:provider>
          <osmand:heading>358.0</osmand:heading>
          <osmand:speed>4.2</osmand:speed>
        </extensions>
      </trkpt>
      <trkpt lat="48.8517304" lon="2.3386283">
        <ele>80.7</ele>
        <time>2026-02-05T20:47:14Z</time>
        <hdop>5.7</hdop>
        <extensions>
          <osmand:provider>fused</osmand:provider>
          <osmand:heading>358.0</osmand:heading>
          <osmand:speed>3.8</osmand:speed>
        </extensions>
      </trkpt>
      <trkpt lat="48.8517691" lon="2.3386158">
        <ele>80.6</ele>
        <time>2026-02-05T20:47:15Z</time>
        <hdop>5.5</hdop>
        <extensions>
          <osmand:provider>fused</osmand:provider>
          <osmand:heading>358.0</osmand:heading>
          <osmand:speed>3.2</osmand:speed>
        </extensions>
      </trkpt>
      <trkpt lat="48.8518033" lon="2.3386199">
        <ele>80.7</ele>
        <time>2026-02-05T20:47:16Z</time>
        <hdop>4.9</hdop>
        <extensions>
          <osmand:provider>fused</osmand:provider>
          <osmand:heading>358.0</osmand:heading>
          <osmand:speed>2.9</osmand:speed>
        </extensions>
      </trkpt>
      <trkpt lat="48.8518272" lon="2.3386251">
        <ele>80.6</ele>
        <time>2026-02-05T20:47:17Z</time>
        <hdop>4.6</hdop>
        <extensions>
          <osmand:provider>fused</osmand:provider>
          <osmand:heading>358.0</osmand:heading>
          <osmand:speed>2.8</osmand:speed>
        </extensions>
      </trkpt>
      <trkpt lat="48.8518573" lon="2.3386121">
        <ele>80.6</ele>
        <time>2026-02-05T20:47:18Z</time>
        <hdop>4.5</hdop>
        <extensions>
          <osmand:provider>fused</osmand:provider>
          <osmand:heading>358.0</osmand:heading>
          <osmand:speed>3</osmand:speed>
        </extensions>
      </trkpt>
      <trkpt lat="48.8518844" lon="2.3386086">
        <ele>80.6</ele>
        <time>2026-02-05T20:47:19Z</time>
        <hdop>4.6</hdop>
        <extensions>
          <osmand:provider>fused</osmand:provider>
          <osmand:heading>356.0</osmand:heading>
          <osmand:speed>3.9</osmand:speed>
        </extensions>
      </trkpt>
      <trkpt lat="48.8519242" lon="2.3386159">
        <ele>80.5</ele>
        <time>2026-02-05T20:47:20Z</time>
        <hdop>4.7</hdop>
        <extensions>
          <osmand:provider>fused</osmand:provider>
          <osmand:heading>356.0</osmand:heading>
          <osmand:speed>5</osmand:speed>
        </extensions>
      </trkpt>
      <trkpt lat="48.8519945" lon="2.3386102">
        <ele>80.5</ele>
        <time>2026-02-05T20:47:21Z</time>
        <hdop>4.7</hdop>
        <extensions>
          <osmand:provider>fused</osmand:provider>
          <osmand:heading>357.0</osmand:heading>
          <osmand:speed>5</osmand:speed>
        </extensions>
      </trkpt>
      <trkpt lat="48.8520414" lon="2.3386092">
        <ele>80.5</ele>
        <time>2026-02-05T20:47:22Z</time>
        <hdop>4.6</hdop>
        <extensions>
          <osmand:provider>fused</osmand:provider>
          <osmand:heading>358.0</osmand:heading>
          <osmand:speed>4.8</osmand:speed>
        </extensions>
      </trkpt>
      <trkpt lat="48.8520955" lon="2.3386314">
        <ele>80.4</ele>
        <time>2026-02-05T20:47:23Z</time>
        <hdop>4.5</hdop>
        <extensions>
          <osmand:provider>fused</osmand:provider>
          <osmand:heading>359.0</osmand:heading>
          <osmand:speed>3.9</osmand:speed>
        </extensions>
      </trkpt>
      <trkpt lat="48.8521268" lon="2.3386292">
        <ele>80.4</ele>
        <time>2026-02-05T20:47:24Z</time>
        <hdop>4.4</hdop>
        <extensions>
          <osmand:provider>fused</osmand:provider>
          <osmand:heading>360.0</osmand:heading>
          <osmand:speed>3.3</osmand:speed>
        </extensions>
      </trkpt>
      <trkpt lat="48.8521577" lon="2.3386367">
        <ele>80.1</ele>
        <time>2026-02-05T20:47:25Z</time>
        <hdop>4.1</hdop>
        <extensions>
          <osmand:provider>fused</osmand:provider>
          <osmand:heading>0.0</osmand:heading>
          <osmand:speed>2.7</osmand:speed>
        </extensions>
      </trkpt>
      <trkpt lat="48.8521814" lon="2.3386475">
        <ele>79.8</ele>
        <time>2026-02-05T20:47:26Z</time>
        <hdop>4.2</hdop>
        <extensions>
          <osmand:provider>fused</osmand:provider>
          <osmand:heading>0.0</osmand:heading>
          <osmand:speed>2.6</osmand:speed>
        </extensions>
      </trkpt>
      <trkpt lat="48.8522034" lon="2.3386595">
        <ele>79.5</ele>
        <time>2026-02-05T20:47:27Z</time>
        <hdop>4.1</hdop>
        <extensions>
          <osmand:provider>fused</osmand:provider>
          <osmand:heading>360.0</osmand:heading>
          <osmand:speed>2.6</osmand:speed>
        </extensions>
      </trkpt>
      <trkpt lat="48.8522303" lon="2.3386726">
        <ele>79.4</ele>
        <time>2026-02-05T20:47:28Z</time>
        <hdop>4</hdop>
        <extensions>
          <osmand:provider>fused</osmand:provider>
          <osmand:heading>359.0</osmand:heading>
          <osmand:speed>3.1</osmand:speed>
        </extensions>
      </trkpt>
      <trkpt lat="48.8522677" lon="2.3386708">
        <ele>79.3</ele>
        <time>2026-02-05T20:47:29Z</time>
        <hdop>4</hdop>
        <extensions>
          <osmand:provider>fused</osmand:provider>
          <osmand:heading>359.0</osmand:heading>
          <osmand:speed>3.7</osmand:speed>
        </extensions>
      </trkpt>
      <trkpt lat="48.8523082" lon="2.3386756">
        <ele>79.3</ele>
        <time>2026-02-05T20:47:30Z</time>
        <hdop>3.9</hdop>
        <extensions>
          <osmand:provider>fused</osmand:provider>
          <osmand:heading>358.0</osmand:heading>
          <osmand:speed>4.3</osmand:speed>
        </extensions>
      </trkpt>
      <trkpt lat="48.8523589" lon="2.3386796">
        <ele>79.3</ele>
        <time>2026-02-05T20:47:31Z</time>
        <hdop>3.7</hdop>
        <extensions>
          <osmand:provider>fused</osmand:provider>
          <osmand:heading>360.0</osmand:heading>
          <osmand:speed>4.9</osmand:speed>
        </extensions>
      </trkpt>
      <trkpt lat="48.8524082" lon="2.3386911">
        <ele>79.3</ele>
        <time>2026-02-05T20:47:32Z</time>
        <hdop>3.6</hdop>
        <extensions>
          <osmand:provider>fused</osmand:provider>
          <osmand:heading>2.0</osmand:heading>
          <osmand:speed>5.1</osmand:speed>
        </extensions>
      </trkpt>
      <trkpt lat="48.8524592" lon="2.3387142">
        <ele>79.3</ele>
        <time>2026-02-05T20:47:33Z</time>
        <hdop>3.4</hdop>
        <extensions>
          <osmand:provider>fused</osmand:provider>
          <osmand:heading>3.0</osmand:heading>
          <osmand:speed>6.3</osmand:speed>
        </extensions>
      </trkpt>
      <trkpt lat="48.8525172" lon="2.3387293">
        <ele>79.3</ele>
        <time>2026-02-05T20:47:34Z</time>
        <hdop>3.2</hdop>
        <extensions>
          <osmand:provider>fused</osmand:provider>
          <osmand:heading>4.0</osmand:heading>
          <osmand:speed>6.5</osmand:speed>
        </extensions>
      </trkpt>
      <trkpt lat="48.8525732" lon="2.3387314">
        <ele>79.4</ele>
        <time>2026-02-05T20:47:35Z</time>
        <hdop>3</hdop>
        <extensions>
          <osmand:provider>fused</osmand:provider>
          <osmand:heading>3.0</osmand:heading>
          <osmand:speed>6.2</osmand:speed>
        </extensions>
      </trkpt>
      <trkpt lat="48.8526359" lon="2.3387298">
        <ele>79.4</ele>
        <time>2026-02-05T20:47:36Z</time>
        <hdop>2.9</hdop>
        <extensions>
          <osmand:provider>fused</osmand:provider>
          <osmand:heading>359.0</osmand:heading>
          <osmand:speed>7.4</osmand:speed>
        </extensions>
      </trkpt>
      <trkpt lat="48.8527093" lon="2.3387136">
        <ele>79.5</ele>
        <time>2026-02-05T20:47:37Z</time>
        <hdop>3</hdop>
        <extensions>
          <osmand:provider>fused</osmand:provider>
          <osmand:heading>355.0</osmand:heading>
          <osmand:speed>9</osmand:speed>
        </extensions>
      </trkpt>
      <trkpt lat="48.8527946" lon="2.33869">
        <ele>81.3</ele>
        <time>2026-02-05T20:47:38Z</time>
        <hdop>3.1</hdop>
        <extensions>
          <osmand:provider>fused</osmand:provider>
          <osmand:heading>350.0</osmand:heading>
          <osmand:speed>9</osmand:speed>
        </extensions>
      </trkpt>
      <trkpt lat="48.8528793" lon="2.3386574">
        <ele>81.3</ele>
        <time>2026-02-05T20:47:39Z</time>
        <hdop>3.2</hdop>
        <extensions>
          <osmand:provider>fused</osmand:provider>
          <osmand:heading>346.0</osmand:heading>
          <osmand:speed>10</osmand:speed>
        </extensions>
      </trkpt>
      <trkpt lat="48.8529669" lon="2.3386205">
        <ele>81.3</ele>
        <time>2026-02-05T20:47:40Z</time>
        <hdop>3.5</hdop>
        <extensions>
          <osmand:provider>fused</osmand:provider>
          <osmand:heading>344.0</osmand:heading>
          <osmand:speed>9.8</osmand:speed>
        </extensions>
      </trkpt>
      <trkpt lat="48.8530535" lon="2.3385853">
        <ele>81.3</ele>
        <time>2026-02-05T20:47:41Z</time>
        <hdop>3.8</hdop>
        <extensions>
          <osmand:provider>fused</osmand:provider>
          <osmand:heading>343.0</osmand:heading>
          <osmand:speed>8.8</osmand:speed>
        </extensions>
      </trkpt>
      <trkpt lat="48.8531346" lon="2.3385526">
        <ele>81.3</ele>
        <time>2026-02-05T20:47:42Z</time>
        <hdop>4.1</hdop>
        <extensions>
          <osmand:provider>fused</osmand:provider>
          <osmand:heading>342.0</osmand:heading>
          <osmand:speed>8.3</osmand:speed>
        </extensions>
      </trkpt>
      <trkpt lat="48.8532079" lon="2.3385299">
        <ele>81.3</ele>
        <time>2026-02-05T20:47:43Z</time>
        <hdop>4.2</hdop>
        <extensions>
          <osmand:provider>fused</osmand:provider>
          <osmand:heading>342.0</osmand:heading>
          <osmand:speed>8.2</osmand:speed>
        </extensions>
      </trkpt>
      <trkpt lat="48.8532761" lon="2.3384994">
        <ele>81.3</ele>
        <time>2026-02-05T20:47:44Z</time>
        <hdop>4.4</hdop>
        <extensions>
          <osmand:provider>fused</osmand:provider>
          <osmand:heading>342.0</osmand:heading>
          <osmand:speed>7.9</osmand:speed>
        </extensions>
      </trkpt>
      <trkpt lat="48.853334" lon="2.3384719">
        <ele>81.3</ele>
        <time>2026-02-05T20:47:45Z</time>
        <hdop>4.6</hdop>
        <extensions>
          <osmand:provider>fused</osmand:provider>
          <osmand:heading>342.0</osmand:heading>
          <osmand:speed>6.4</osmand:speed>
        </extensions>
      </trkpt>
      <trkpt lat="48.853386" lon="2.3384403">
        <ele>81.3</ele>
        <time>2026-02-05T20:47:46Z</time>
        <hdop>4.8</hdop>
        <extensions>
          <osmand:provider>fused</osmand:provider>
          <osmand:heading>342.0</osmand:heading>
          <osmand:speed>6.8</osmand:speed>
        </extensions>
      </trkpt>
      <trkpt lat="48.8534411" lon="2.3384181">
        <ele>81.3</ele>
        <time>2026-02-05T20:47:47Z</time>
        <hdop>4.9</hdop>
        <extensions>
          <osmand:provider>fused</osmand:provider>
          <osmand:heading>343.0</osmand:heading>
          <osmand:speed>6.2</osmand:speed>
        </extensions>
      </trkpt>
      <trkpt lat="48.8534835" lon="2.3384046">
        <ele>81.3</ele>
        <time>2026-02-05T20:47:48Z</time>
        <hdop>5.1</hdop>
        <extensions>
          <osmand:provider>fused</osmand:provider>
          <osmand:heading>344.0</osmand:heading>
          <osmand:speed>4.9</osmand:speed>
        </extensions>
      </trkpt>
      <trkpt lat="48.8535144" lon="2.3383913">
        <ele>79.4</ele>
        <time>2026-02-05T20:47:49Z</time>
        <hdop>5.2</hdop>
        <extensions>
          <osmand:provider>fused</osmand:provider>
          <osmand:heading>345.0</osmand:heading>
          <osmand:speed>3.8</osmand:speed>
        </extensions>
      </trkpt>
      <trkpt lat="48.8535418" lon="2.3383782">
        <ele>79.3</ele>
        <time>2026-02-05T20:47:50Z</time>
        <hdop>5.3</hdop>
        <extensions>
          <osmand:provider>fused</osmand:provider>
          <osmand:heading>346.0</osmand:heading>
          <osmand:speed>2.8</osmand:speed>
        </extensions>
      </trkpt>
      <trkpt lat="48.8535553" lon="2.3383704">
        <ele>79.1</ele>
        <time>2026-02-05T20:47:51Z</time>
        <hdop>5.1</hdop>
        <extensions>
          <osmand:provider>fused</osmand:provider>
          <osmand:heading>347.0</osmand:heading>
          <osmand:speed>1.4</osmand:speed>
        </extensions>
      </trkpt>
      <trkpt lat="48.8535574" lon="2.3383646">
        <ele>80.1</ele>
        <time>2026-02-05T20:47:52Z</time>
        <hdop>5</hdop>
        <extensions>
          <osmand:provider>fused</osmand:provider>
          <osmand:heading>347.0</osmand:heading>
          <osmand:speed>0.8</osmand:speed>
        </extensions>
      </trkpt>
      <trkpt lat="48.8535655" lon="2.3383592">
        <ele>80.1</ele>
        <time>2026-02-05T20:47:53Z</time>
        <hdop>4.8</hdop>
        <extensions>
          <osmand:provider>fused</osmand:provider>
          <osmand:heading>347.0</osmand:heading>
          <osmand:speed>0.3</osmand:speed>
        </extensions>
      </trkpt>
      <trkpt lat="48.8535676" lon="2.3383508">
        <ele>80.1</ele>
        <time>2026-02-05T20:47:54Z</time>
        <hdop>4.6</hdop>
        <extensions>
          <osmand:provider>fused</osmand:provider>
          <osmand:heading>346.0</osmand:heading>
          <osmand:speed>0</osmand:speed>
        </extensions>
      </trkpt>
      <trkpt lat="48.8535716" lon="2.3383552">
        <ele>80.1</ele>
        <time>2026-02-05T20:47:55Z</time>
        <hdop>4.3</hdop>
        <extensions>
          <osmand:provider>fused</osmand:provider>
          <osmand:heading>346.0</osmand:heading>
          <osmand:speed>0.2</osmand:speed>
        </extensions>
      </trkpt>
      <trkpt lat="48.8535762" lon="2.3383455">
        <ele>80.1</ele>
        <time>2026-02-05T20:47:56Z</time>
        <hdop>4</hdop>
        <extensions>
          <osmand:provider>fused</osmand:provider>
          <osmand:heading>345.0</osmand:heading>
          <osmand:speed>0.6</osmand:speed>
        </extensions>
      </trkpt>
      <trkpt lat="48.8535807" lon="2.3383424">
        <ele>80.1</ele>
        <time>2026-02-05T20:47:57Z</time>
        <hdop>3.8</hdop>
        <extensions>
          <osmand:provider>fused</osmand:provider>
          <osmand:heading>345.0</osmand:heading>
          <osmand:speed>0.6</osmand:speed>
        </extensions>
      </trkpt>
      <trkpt lat="48.8535873" lon="2.3383364">
        <ele>80</ele>
        <time>2026-02-05T20:47:58Z</time>
        <hdop>3.6</hdop>
        <extensions>
          <osmand:provider>fused</osmand:provider>
          <osmand:heading>344.0</osmand:heading>
          <osmand:speed>1.2</osmand:speed>
        </extensions>
      </trkpt>
      <trkpt lat="48.8536011" lon="2.3383398">
        <ele>80</ele>
        <time>2026-02-05T20:47:59Z</time>
        <hdop>3.6</hdop>
        <extensions>
          <osmand:provider>fused</osmand:provider>
          <osmand:heading>343.0</osmand:heading>
          <osmand:speed>1.8</osmand:speed>
        </extensions>
      </trkpt>
      <trkpt lat="48.8536275" lon="2.3383602">
        <ele>80</ele>
        <time>2026-02-05T20:48:00Z</time>
        <hdop>3.5</hdop>
        <extensions>
          <osmand:provider>fused</osmand:provider>
          <osmand:heading>345.0</osmand:heading>
          <osmand:speed>2.9</osmand:speed>
        </extensions>
      </trkpt>
      <trkpt lat="48.8536472" lon="2.3383683">
        <ele>80</ele>
        <time>2026-02-05T20:48:01Z</time>
        <hdop>3.5</hdop>
        <extensions>
          <osmand:provider>fused</osmand:provider>
          <osmand:heading>351.0</osmand:heading>
          <osmand:speed>2.3</osmand:speed>
        </extensions>
      </trkpt>
      <trkpt lat="48.8536743" lon="2.3383963">
        <ele>80</ele>
        <time>2026-02-05T20:48:02Z</time>
        <hdop>3.5</hdop>
        <extensions>
          <osmand:provider>fused</osmand:provider>
          <osmand:heading>1.0</osmand:heading>
          <osmand:speed>3</osmand:speed>
        </extensions>
      </trkpt>
      <trkpt lat="48.8537047" lon="2.338432">
        <ele>80</ele>
        <time>2026-02-05T20:48:03Z</time>
        <hdop>3.5</hdop>
        <extensions>
          <osmand:provider>fused</osmand:provider>
          <osmand:heading>7.0</osmand:heading>
          <osmand:speed>2.9</osmand:speed>
        </extensions>
      </trkpt>
      <trkpt lat="48.8537366" lon="2.3384608">
        <ele>80</ele>
        <time>2026-02-05T20:48:04Z</time>
        <hdop>3.6</hdop>
        <extensions>
          <osmand:provider>fused</osmand:provider>
          <osmand:heading>9.0</osmand:heading>
          <osmand:speed>3.9</osmand:speed>
        </extensions>
      </trkpt>
      <trkpt lat="48.8537721" lon="2.3385019">
        <ele>80.2</ele>
        <time>2026-02-05T20:48:05Z</time>
        <hdop>3.7</hdop>
        <extensions>
          <osmand:provider>fused</osmand:provider>
          <osmand:heading>9.0</osmand:heading>
          <osmand:speed>4.7</osmand:speed>
        </extensions>
      </trkpt>
      <trkpt lat="48.8538286" lon="2.3385554">
        <ele>80.2</ele>
        <time>2026-02-05T20:48:06Z</time>
        <hdop>3.8</hdop>
        <extensions>
          <osmand:provider>fused</osmand:provider>
          <osmand:heading>9.0</osmand:heading>
          <osmand:speed>4.8</osmand:speed>
        </extensions>
      </trkpt>
      <trkpt lat="48.8538788" lon="2.3386191">
        <ele>80.2</ele>
        <time>2026-02-05T20:48:07Z</time>
        <hdop>3.9</hdop>
        <extensions>
          <osmand:provider>fused</osmand:provider>
          <osmand:heading>9.0</osmand:heading>
          <osmand:speed>5.2</osmand:speed>
        </extensions>
      </trkpt>
      <trkpt lat="48.8539267" lon="2.3386693">
        <ele>80.2</ele>
        <time>2026-02-05T20:48:08Z</time>
        <hdop>3.9</hdop>
        <extensions>
          <osmand:provider>fused</osmand:provider>
          <osmand:heading>10.0</osmand:heading>
          <osmand:speed>5.5</osmand:speed>
        </extensions>
      </trkpt>
      <trkpt lat="48.8539762" lon="2.3387177">
        <ele>80.2</ele>
        <time>2026-02-05T20:48:09Z</time>
        <hdop>4</hdop>
        <extensions>
          <osmand:provider>fused</osmand:provider>
          <osmand:heading>10.0</osmand:heading>
          <osmand:speed>5.6</osmand:speed>
        </extensions>
      </trkpt>
      <trkpt lat="48.8540185" lon="2.3387615">
        <ele>80.2</ele>
        <time>2026-02-05T20:48:10Z</time>
        <hdop>4</hdop>
        <extensions>
          <osmand:provider>fused</osmand:provider>
          <osmand:heading>11.0</osmand:heading>
          <osmand:speed>5.6</osmand:speed>
        </extensions>
      </trkpt>
      <trkpt lat="48.8540645" lon="2.3388194">
        <ele>80.2</ele>
        <time>2026-02-05T20:48:11Z</time>
        <hdop>4</hdop>
        <extensions>
          <osmand:provider>fused</osmand:provider>
          <osmand:heading>11.0</osmand:heading>
          <osmand:speed>5.5</osmand:speed>
        </extensions>
      </trkpt>
      <trkpt lat="48.8541057" lon="2.338869">
        <ele>80.2</ele>
        <time>2026-02-05T20:48:12Z</time>
        <hdop>4</hdop>
        <extensions>
          <osmand:provider>fused</osmand:provider>
          <osmand:heading>11.0</osmand:heading>
          <osmand:speed>5.7</osmand:speed>
        </extensions>
      </trkpt>
      <trkpt lat="48.8541449" lon="2.3389113">
        <ele>80.2</ele>
        <time>2026-02-05T20:48:13Z</time>
        <hdop>4</hdop>
        <extensions>
          <osmand:provider>fused</osmand:provider>
          <osmand:heading>10.0</osmand:heading>
          <osmand:speed>5.6</osmand:speed>
        </extensions>
      </trkpt>
      <trkpt lat="48.8541874" lon="2.3389484">
        <ele>80.2</ele>
        <time>2026-02-05T20:48:14Z</time>
        <hdop>4</hdop>
        <extensions>
          <osmand:provider>fused</osmand:provider>
          <osmand:heading>11.0</osmand:heading>
          <osmand:speed>5.1</osmand:speed>
        </extensions>
      </trkpt>
      <trkpt lat="48.854227" lon="2.3389797">
        <ele>80.2</ele>
        <time>2026-02-05T20:48:15Z</time>
        <hdop>4</hdop>
        <extensions>
          <osmand:provider>fused</osmand:provider>
          <osmand:heading>12.0</osmand:heading>
          <osmand:speed>5.1</osmand:speed>
        </extensions>
      </trkpt>
      <trkpt lat="48.8542643" lon="2.3390175">
        <ele>80.2</ele>
        <time>2026-02-05T20:48:16Z</time>
        <hdop>4.1</hdop>
        <extensions>
          <osmand:provider>fused</osmand:provider>
          <osmand:heading>12.0</osmand:heading>
          <osmand:speed>4.3</osmand:speed>
        </extensions>
      </trkpt>
      <trkpt lat="48.8542937" lon="2.3390529">
        <ele>80.2</ele>
        <time>2026-02-05T20:48:17Z</time>
        <hdop>4.2</hdop>
        <extensions>
          <osmand:provider>fused</osmand:provider>
          <osmand:heading>11.0</osmand:heading>
          <osmand:speed>4</osmand:speed>
        </extensions>
      </trkpt>
      <trkpt lat="48.8543214" lon="2.3390823">
        <ele>80.8</ele>
        <time>2026-02-05T20:48:18Z</time>
        <hdop>4.2</hdop>
        <extensions>
          <osmand:provider>fused</osmand:provider>
          <osmand:heading>10.0</osmand:heading>
          <osmand:speed>3.7</osmand:speed>
        </extensions>
      </trkpt>
      <trkpt lat="48.8543489" lon="2.3390971">
        <ele>80.8</ele>
        <time>2026-02-05T20:48:19Z</time>
        <hdop>4.2</hdop>
        <extensions>
          <osmand:provider>fused</osmand:provider>
          <osmand:heading>9.0</osmand:heading>
          <osmand:speed>3.3</osmand:speed>
        </extensions>
      </trkpt>
      <trkpt lat="48.8543627" lon="2.339108">
        <ele>80.8</ele>
        <time>2026-02-05T20:48:20Z</time>
        <hdop>4.3</hdop>
        <extensions>
          <osmand:provider>fused</osmand:provider>
          <osmand:heading>9.0</osmand:heading>
          <osmand:speed>1.6</osmand:speed>
        </extensions>
      </trkpt>
      <trkpt lat="48.8543716" lon="2.3391147">
        <ele>80.8</ele>
        <time>2026-02-05T20:48:21Z</time>
        <hdop>4.4</hdop>
        <extensions>
          <osmand:provider>fused</osmand:provider>
          <osmand:heading>8.0</osmand:heading>
          <osmand:speed>1</osmand:speed>
        </extensions>
      </trkpt>
      <trkpt lat="48.854378" lon="2.3391178">
        <ele>80.8</ele>
        <time>2026-02-05T20:48:22Z</time>
        <hdop>4.5</hdop>
        <extensions>
          <osmand:provider>fused</osmand:provider>
          <osmand:heading>8.0</osmand:heading>
          <osmand:speed>0.8</osmand:speed>
        </extensions>
      </trkpt>
      <trkpt lat="48.8543781" lon="2.3391158">
        <ele>80.8</ele>
        <time>2026-02-05T20:48:23Z</time>
        <hdop>4.7</hdop>
        <extensions>
          <osmand:provider>fused</osmand:provider>
          <osmand:heading>8.0</osmand:heading>
          <osmand:speed>0.4</osmand:speed>
        </extensions>
      </trkpt>
      <trkpt lat="48.8543811" lon="2.3391132">
        <ele>80.8</ele>
        <time>2026-02-05T20:48:24Z</time>
        <hdop>4.8</hdop>
        <extensions>
          <osmand:provider>fused</osmand:provider>
          <osmand:heading>8.0</osmand:heading>
          <osmand:speed>0.2</osmand:speed>
        </extensions>
      </trkpt>
      <trkpt lat="48.8543824" lon="2.3391084">
        <ele>80.8</ele>
        <time>2026-02-05T20:48:25Z</time>
        <hdop>4.8</hdop>
        <extensions>
          <osmand:provider>fused</osmand:provider>
          <osmand:heading>7.0</osmand:heading>
          <osmand:speed>0.1</osmand:speed>
        </extensions>
      </trkpt>
      <trkpt lat="48.8543745" lon="2.339107">
        <ele>80.8</ele>
        <time>2026-02-05T20:48:26Z</time>
        <hdop>4.8</hdop>
        <extensions>
          <osmand:provider>fused</osmand:provider>
          <osmand:heading>7.0</osmand:heading>
          <osmand:speed>0.1</osmand:speed>
        </extensions>
      </trkpt>
      <trkpt lat="48.8543683" lon="2.3391065">
        <ele>80.8</ele>
        <time>2026-02-05T20:48:27Z</time>
        <hdop>4.7</hdop>
        <extensions>
          <osmand:provider>fused</osmand:provider>
          <osmand:heading>7.0</osmand:heading>
          <osmand:speed>0.1</osmand:speed>
        </extensions>
      </trkpt>
      <trkpt lat="48.8543655" lon="2.3391064">
        <ele>80.8</ele>
        <time>2026-02-05T20:48:28Z</time>
        <hdop>4.6</hdop>
        <extensions>
          <osmand:provider>fused</osmand:provider>
          <osmand:heading>7.0</osmand:heading>
          <osmand:speed>0.1</osmand:speed>
        </extensions>
      </trkpt>
      <trkpt lat="48.8543661" lon="2.3391018">
        <ele>80.8</ele>
        <time>2026-02-05T20:48:29Z</time>
        <hdop>4.5</hdop>
        <extensions>
          <osmand:provider>fused</osmand:provider>
          <osmand:heading>7.0</osmand:heading>
          <osmand:speed>0.1</osmand:speed>
        </extensions>
      </trkpt>
      <trkpt lat="48.8543657" lon="2.3390908">
        <ele>80.8</ele>
        <time>2026-02-05T20:48:30Z</time>
        <hdop>4.3</hdop>
        <extensions>
          <osmand:provider>fused</osmand:provider>
          <osmand:heading>7.0</osmand:heading>
          <osmand:speed>0</osmand:speed>
        </extensions>
      </trkpt>
      <trkpt lat="48.8543656" lon="2.3390902">
        <ele>80.8</ele>
        <time>2026-02-05T20:48:31Z</time>
        <hdop>4.2</hdop>
        <extensions>
          <osmand:provider>fused</osmand:provider>
          <osmand:heading>7.0</osmand:heading>
          <osmand:speed>0</osmand:speed>
        </extensions>
      </trkpt>
      <trkpt lat="48.8543657" lon="2.3390899">
        <ele>81</ele>
        <time>2026-02-05T20:48:32Z</time>
        <hdop>4.2</hdop>
        <extensions>
          <osmand:provider>fused</osmand:provider>
          <osmand:heading>7.0</osmand:heading>
        </extensions>
      </trkpt>
      <trkpt lat="48.8543657" lon="2.3390894">
        <ele>81</ele>
        <time>2026-02-05T20:48:33Z</time>
        <hdop>4.1</hdop>
        <extensions>
          <osmand:provider>fused</osmand:provider>
          <osmand:heading>7.0</osmand:heading>
        </extensions>
      </trkpt>
      <trkpt lat="48.8543654" lon="2.3390893">
        <ele>81</ele>
        <time>2026-02-05T20:48:34Z</time>
        <hdop>4</hdop>
        <extensions>
          <osmand:provider>fused</osmand:provider>
          <osmand:heading>7.0</osmand:heading>
        </extensions>
      </trkpt>
      <trkpt lat="48.8543651" lon="2.3390889">
        <ele>81</ele>
        <time>2026-02-05T20:48:35Z</time>
        <hdop>4</hdop>
        <extensions>
          <osmand:provider>fused</osmand:provider>
          <osmand:heading>7.0</osmand:heading>
        </extensions>
      </trkpt>
      <trkpt lat="48.8543647" lon="2.3390883">
        <ele>81</ele>
        <time>2026-02-05T20:48:36Z</time>
        <hdop>4</hdop>
        <extensions>
          <osmand:provider>fused</osmand:provider>
          <osmand:heading>7.0</osmand:heading>
        </extensions>
      </trkpt>
      <trkpt lat="48.8543645" lon="2.3390882">
        <ele>81</ele>
        <time>2026-02-05T20:48:37Z</time>
        <hdop>4</hdop>
        <extensions>
          <osmand:provider>fused</osmand:provider>
          <osmand:heading>7.0</osmand:heading>
        </extensions>
      </trkpt>
      <trkpt lat="48.8543644" lon="2.339088">
        <ele>81</ele>
        <time>2026-02-05T20:48:38Z</time>
        <hdop>4</hdop>
        <extensions>
          <osmand:provider>fused</osmand:provider>
          <osmand:heading>7.0</osmand:heading>
        </extensions>
      </trkpt>
      <trkpt lat="48.8543642" lon="2.3390878">
        <ele>81</ele>
        <time>2026-02-05T20:48:39Z</time>
        <hdop>4</hdop>
        <extensions>
          <osmand:provider>fused</osmand:provider>
          <osmand:heading>7.0</osmand:heading>
        </extensions>
      </trkpt>
      <trkpt lat="48.8543644" lon="2.3390872">
        <ele>81</ele>
        <time>2026-02-05T20:48:40Z</time>
        <hdop>4.1</hdop>
        <extensions>
          <osmand:provider>fused</osmand:provider>
          <osmand:heading>7.0</osmand:heading>
        </extensions>
      </trkpt>
      <trkpt lat="48.8543642" lon="2.3390871">
        <ele>81</ele>
        <time>2026-02-05T20:48:41Z</time>
        <hdop>4.2</hdop>
        <extensions>
          <osmand:provider>fused</osmand:provider>
          <osmand:heading>7.0</osmand:heading>
        </extensions>
      </trkpt>
      <trkpt lat="48.8543641" lon="2.3390869">
        <ele>81</ele>
        <time>2026-02-05T20:48:42Z</time>
        <hdop>4.3</hdop>
        <extensions>
          <osmand:provider>fused</osmand:provider>
          <osmand:heading>7.0</osmand:heading>
        </extensions>
      </trkpt>
      <trkpt lat="48.8543641" lon="2.3390865">
        <ele>81</ele>
        <time>2026-02-05T20:48:43Z</time>
        <hdop>4.3</hdop>
        <extensions>
          <osmand:provider>fused</osmand:provider>
          <osmand:heading>7.0</osmand:heading>
        </extensions>
      </trkpt>
      <trkpt lat="48.8543639" lon="2.3390862">
        <ele>81</ele>
        <time>2026-02-05T20:48:44Z</time>
        <hdop>4.3</hdop>
        <extensions>
          <osmand:provider>fused</osmand:provider>
          <osmand:heading>7.0</osmand:heading>
        </extensions>
      </trkpt>
      <trkpt lat="48.8543638" lon="2.339086">
        <ele>80.9</ele>
        <time>2026-02-05T20:48:45Z</time>
        <hdop>4.2</hdop>
        <extensions>
          <osmand:provider>fused</osmand:provider>
          <osmand:heading>7.0</osmand:heading>
        </extensions>
      </trkpt>
      <trkpt lat="48.8543637" lon="2.3390858">
        <ele>80.9</ele>
        <time>2026-02-05T20:48:46Z</time>
        <hdop>4.2</hdop>
        <extensions>
          <osmand:provider>fused</osmand:provider>
          <osmand:heading>7.0</osmand:heading>
        </extensions>
      </trkpt>
      <trkpt lat="48.8543634" lon="2.3390856">
        <ele>80.9</ele>
        <time>2026-02-05T20:48:47Z</time>
        <hdop>4.1</hdop>
        <extensions>
          <osmand:provider>fused</osmand:provider>
          <osmand:heading>7.0</osmand:heading>
        </extensions>
      </trkpt>
      <trkpt lat="48.854363" lon="2.3390853">
        <ele>80.9</ele>
        <time>2026-02-05T20:48:48Z</time>
        <hdop>4.1</hdop>
        <extensions>
          <osmand:provider>fused</osmand:provider>
          <osmand:heading>7.0</osmand:heading>
        </extensions>
      </trkpt>
      <trkpt lat="48.8543627" lon="2.339085">
        <ele>80.9</ele>
        <time>2026-02-05T20:48:49Z</time>
        <hdop>4.1</hdop>
        <extensions>
          <osmand:provider>fused</osmand:provider>
          <osmand:heading>7.0</osmand:heading>
        </extensions>
      </trkpt>
      <trkpt lat="48.8543624" lon="2.3390848">
        <ele>80.9</ele>
        <time>2026-02-05T20:48:50Z</time>
        <hdop>4.1</hdop>
        <extensions>
          <osmand:provider>fused</osmand:provider>
          <osmand:heading>7.0</osmand:heading>
        </extensions>
      </trkpt>
      <trkpt lat="48.8543592" lon="2.3390908">
        <ele>80.9</ele>
        <time>2026-02-05T20:48:51Z</time>
        <hdop>4.1</hdop>
        <extensions>
          <osmand:provider>fused</osmand:provider>
          <osmand:heading>7.0</osmand:heading>
          <osmand:speed>0.2</osmand:speed>
        </extensions>
      </trkpt>
      <trkpt lat="48.8543626" lon="2.3390911">
        <ele>80.9</ele>
        <time>2026-02-05T20:48:52Z</time>
        <hdop>4.2</hdop>
        <extensions>
          <osmand:provider>fused</osmand:provider>
          <osmand:heading>7.0</osmand:heading>
          <osmand:speed>0.5</osmand:speed>
        </extensions>
      </trkpt>
      <trkpt lat="48.8543714" lon="2.3391018">
        <ele>80.9</ele>
        <time>2026-02-05T20:48:53Z</time>
        <hdop>4.2</hdop>
        <extensions>
          <osmand:provider>fused</osmand:provider>
          <osmand:heading>7.0</osmand:heading>
          <osmand:speed>0.8</osmand:speed>
        </extensions>
      </trkpt>
      <trkpt lat="48.854382" lon="2.3391046">
        <ele>80.9</ele>
        <time>2026-02-05T20:48:54Z</time>
        <hdop>4.1</hdop>
        <extensions>
          <osmand:provider>fused</osmand:provider>
          <osmand:heading>7.0</osmand:heading>
          <osmand:speed>0.9</osmand:speed>
        </extensions>
      </trkpt>
      <trkpt lat="48.8543919" lon="2.3391171">
        <ele>80.9</ele>
        <time>2026-02-05T20:48:55Z</time>
        <hdop>4.2</hdop>
        <extensions>
          <osmand:provider>fused</osmand:provider>
          <osmand:heading>6.0</osmand:heading>
          <osmand:speed>1.7</osmand:speed>
        </extensions>
      </trkpt>
      <trkpt lat="48.8544097" lon="2.3391351">
        <ele>80.9</ele>
        <time>2026-02-05T20:48:56Z</time>
        <hdop>4.2</hdop>
        <extensions>
          <osmand:provider>fused</osmand:provider>
          <osmand:heading>6.0</osmand:heading>
          <osmand:speed>2.6</osmand:speed>
        </extensions>
      </trkpt>
      <trkpt lat="48.8544328" lon="2.3391714">
        <ele>80.9</ele>
        <time>2026-02-05T20:48:57Z</time>
        <hdop>4.3</hdop>
        <extensions>
          <osmand:provider>fused</osmand:provider>
          <osmand:heading>7.0</osmand:heading>
          <osmand:speed>4</osmand:speed>
        </extensions>
      </trkpt>
      <trkpt lat="48.8544675" lon="2.3392171">
        <ele>81</ele>
        <time>2026-02-05T20:48:58Z</time>
        <hdop>4.3</hdop>
        <extensions>
          <osmand:provider>fused</osmand:provider>
          <osmand:heading>8.0</osmand:heading>
          <osmand:speed>5</osmand:speed>
        </extensions>
      </trkpt>
      <trkpt lat="48.8545127" lon="2.3392601">
        <ele>81</ele>
        <time>2026-02-05T20:48:59Z</time>
        <hdop>4.3</hdop>
        <extensions>
          <osmand:provider>fused</osmand:provider>
          <osmand:heading>9.0</osmand:heading>
          <osmand:speed>5.3</osmand:speed>
        </extensions>
      </trkpt>
      <trkpt lat="48.8545568" lon="2.3393119">
        <ele>81</ele>
        <time>2026-02-05T20:49:00Z</time>
        <hdop>4.3</hdop>
        <extensions>
          <osmand:provider>fused</osmand:provider>
          <osmand:heading>12.0</osmand:heading>
          <osmand:speed>5.2</osmand:speed>
        </extensions>
      </trkpt>
      <trkpt lat="48.8546028" lon="2.3393613">
        <ele>81</ele>
        <time>2026-02-05T20:49:01Z</time>
        <hdop>4.2</hdop>
        <extensions>
          <osmand:provider>fused</osmand:provider>
          <osmand:heading>14.0</osmand:heading>
          <osmand:speed>5.7</osmand:speed>
        </extensions>
      </trkpt>
      <trkpt lat="48.8546496" lon="2.3394039">
        <ele>81</ele>
        <time>2026-02-05T20:49:02Z</time>
        <hdop>4.2</hdop>
        <extensions>
          <osmand:provider>fused</osmand:provider>
          <osmand:heading>15.0</osmand:heading>
          <osmand:speed>5.9</osmand:speed>
        </extensions>
      </trkpt>
      <trkpt lat="48.8546891" lon="2.3394426">
        <ele>81</ele>
        <time>2026-02-05T20:49:03Z</time>
        <hdop>4.3</hdop>
        <extensions>
          <osmand:provider>fused</osmand:provider>
          <osmand:heading>15.0</osmand:heading>
          <osmand:speed>5.7</osmand:speed>
        </extensions>
      </trkpt>
      <trkpt lat="48.8547337" lon="2.3394841">
        <ele>81</ele>
        <time>2026-02-05T20:49:04Z</time>
        <hdop>4.4</hdop>
        <extensions>
          <osmand:provider>fused</osmand:provider>
          <osmand:heading>15.0</osmand:heading>
          <osmand:speed>5.6</osmand:speed>
        </extensions>
      </trkpt>
      <trkpt lat="48.8547791" lon="2.3395154">
        <ele>81</ele>
        <time>2026-02-05T20:49:05Z</time>
        <hdop>4.3</hdop>
        <extensions>
          <osmand:provider>fused</osmand:provider>
          <osmand:heading>15.0</osmand:heading>
          <osmand:speed>5.7</osmand:speed>
        </extensions>
      </trkpt>
      <trkpt lat="48.8548323" lon="2.3395405">
        <ele>81</ele>
        <time>2026-02-05T20:49:06Z</time>
        <hdop>4.4</hdop>
        <extensions>
          <osmand:provider>fused</osmand:provider>
          <osmand:heading>14.0</osmand:heading>
          <osmand:speed>5.4</osmand:speed>
        </extensions>
      </trkpt>
      <trkpt lat="48.8548852" lon="2.3395453">
        <ele>81</ele>
        <time>2026-02-05T20:49:07Z</time>
        <hdop>4.4</hdop>
        <extensions>
          <osmand:provider>fused</osmand:provider>
          <osmand:heading>13.0</osmand:heading>
          <osmand:speed>5.4</osmand:speed>
        </extensions>
      </trkpt>
      <trkpt lat="48.8549402" lon="2.3395696">
        <ele>81</ele>
        <time>2026-02-05T20:49:08Z</time>
        <hdop>4.2</hdop>
        <extensions>
          <osmand:provider>fused</osmand:provider>
          <osmand:heading>12.0</osmand:heading>
          <osmand:speed>5.6</osmand:speed>
        </extensions>
      </trkpt>
      <trkpt lat="48.8549974" lon="2.339597">
        <ele>81</ele>
        <time>2026-02-05T20:49:09Z</time>
        <hdop>4.1</hdop>
        <extensions>
          <osmand:provider>fused</osmand:provider>
          <osmand:heading>11.0</osmand:heading>
          <osmand:speed>5.8</osmand:speed>
        </extensions>
      </trkpt>
      <trkpt lat="48.855032" lon="2.3396519">
        <ele>81</ele>
        <time>2026-02-05T20:49:10Z</time>
        <hdop>4</hdop>
        <extensions>
          <osmand:provider>fused</osmand:provider>
          <osmand:heading>13.0</osmand:heading>
          <osmand:speed>6.2</osmand:speed>
        </extensions>
      </trkpt>
      <trkpt lat="48.8550686" lon="2.3396911">
        <ele>81</ele>
        <time>2026-02-05T20:49:11Z</time>
        <hdop>4</hdop>
        <extensions>
          <osmand:provider>fused</osmand:provider>
          <osmand:heading>13.0</osmand:heading>
          <osmand:speed>5.1</osmand:speed>
        </extensions>
      </trkpt>
      <trkpt lat="48.8551041" lon="2.3397377">
        <ele>81</ele>
        <time>2026-02-05T20:49:12Z</time>
        <hdop>3.9</hdop>
        <extensions>
          <osmand:provider>fused</osmand:provider>
          <osmand:heading>12.0</osmand:heading>
          <osmand:speed>5.3</osmand:speed>
        </extensions>
      </trkpt>
      <trkpt lat="48.8551445" lon="2.3397835">
        <ele>81</ele>
        <time>2026-02-05T20:49:13Z</time>
        <hdop>3.8</hdop>
        <extensions>
          <osmand:provider>fused</osmand:provider>
          <osmand:heading>12.0</osmand:heading>
          <osmand:speed>5.5</osmand:speed>
        </extensions>
      </trkpt>
      <trkpt lat="48.8551816" lon="2.3398284">
        <ele>81</ele>
        <time>2026-02-05T20:49:14Z</time>
        <hdop>3.9</hdop>
        <extensions>
          <osmand:provider>fused</osmand:provider>
          <osmand:heading>13.0</osmand:heading>
          <osmand:speed>5.2</osmand:speed>
        </extensions>
      </trkpt>
      <trkpt lat="48.8552188" lon="2.3398672">
        <ele>81</ele>
        <time>2026-02-05T20:49:15Z</time>
        <hdop>3.9</hdop>
        <extensions>
          <osmand:provider>fused</osmand:provider>
          <osmand:heading>13.0</osmand:heading>
          <osmand:speed>4.4</osmand:speed>
        </extensions>
      </trkpt>
      <trkpt lat="48.8552485" lon="2.3399014">
        <ele>81</ele>
        <time>2026-02-05T20:49:16Z</time>
        <hdop>3.9</hdop>
        <extensions>
          <osmand:provider>fused</osmand:provider>
          <osmand:heading>11.0</osmand:heading>
          <osmand:speed>4.5</osmand:speed>
        </extensions>
      </trkpt>
      <trkpt lat="48.855288" lon="2.3399146">
        <ele>81</ele>
        <time>2026-02-05T20:49:17Z</time>
        <hdop>3.9</hdop>
        <extensions>
          <osmand:provider>fused</osmand:provider>
          <osmand:heading>10.0</osmand:heading>
          <osmand:speed>4.2</osmand:speed>
        </extensions>
      </trkpt>
      <trkpt lat="48.8553293" lon="2.3399485">
        <ele>82.2</ele>
        <time>2026-02-05T20:49:18Z</time>
        <hdop>4</hdop>
        <extensions>
          <osmand:provider>fused</osmand:provider>
          <osmand:heading>13.0</osmand:heading>
          <osmand:speed>4.3</osmand:speed>
        </extensions>
      </trkpt>
      <trkpt lat="48.8553684" lon="2.339979">
        <ele>82.2</ele>
        <time>2026-02-05T20:49:19Z</time>
        <hdop>4.1</hdop>
        <extensions>
          <osmand:provider>fused</osmand:provider>
          <osmand:heading>13.0</osmand:heading>
          <osmand:speed>4.8</osmand:speed>
        </extensions>
      </trkpt>
      <trkpt lat="48.8554117" lon="2.3400068">
        <ele>82.2</ele>
        <time>2026-02-05T20:49:20Z</time>
        <hdop>4.1</hdop>
        <extensions>
          <osmand:provider>fused</osmand:provider>
          <osmand:heading>13.0</osmand:heading>
          <osmand:speed>4.6</osmand:speed>
        </extensions>
      </trkpt>
      <trkpt lat="48.8554515" lon="2.3400475">
        <ele>82.2</ele>
        <time>2026-02-05T20:49:21Z</time>
        <hdop>4</hdop>
        <extensions>
          <osmand:provider>fused</osmand:provider>
          <osmand:heading>12.0</osmand:heading>
          <osmand:speed>4.5</osmand:speed>
        </extensions>
      </trkpt>
      <trkpt lat="48.8554965" lon="2.3400841">
        <ele>82.2</ele>
        <time>2026-02-05T20:49:22Z</time>
        <hdop>3.9</hdop>
        <extensions>
          <osmand:provider>fused</osmand:provider>
          <osmand:heading>13.0</osmand:heading>
          <osmand:speed>5</osmand:speed>
        </extensions>
      </trkpt>
      <trkpt lat="48.8555323" lon="2.3401262">
        <ele>82.2</ele>
        <time>2026-02-05T20:49:23Z</time>
        <hdop>3.8</hdop>
        <extensions>
          <osmand:provider>fused</osmand:provider>
          <osmand:heading>14.0</osmand:heading>
          <osmand:speed>4.7</osmand:speed>
        </extensions>
      </trkpt>
      <trkpt lat="48.8555615" lon="2.3401671">
        <ele>82</ele>
        <time>2026-02-05T20:49:24Z</time>
        <hdop>3.7</hdop>
        <extensions>
          <osmand:provider>fused</osmand:provider>
          <osmand:heading>16.0</osmand:heading>
          <osmand:speed>4.2</osmand:speed>
        </extensions>
      </trkpt>
      <trkpt lat="48.8555947" lon="2.3402076">
        <ele>82</ele>
        <time>2026-02-05T20:49:25Z</time>
        <hdop>3.6</hdop>
        <extensions>
          <osmand:provider>fused</osmand:provider>
          <osmand:heading>16.0</osmand:heading>
          <osmand:speed>4</osmand:speed>
        </extensions>
      </trkpt>
      <trkpt lat="48.8556265" lon="2.3402372">
        <ele>82</ele>
        <time>2026-02-05T20:49:26Z</time>
        <hdop>3.5</hdop>
        <extensions>
          <osmand:provider>fused</osmand:provider>
          <osmand:heading>17.0</osmand:heading>
          <osmand:speed>3.7</osmand:speed>
        </extensions>
      </trkpt>
      <trkpt lat="48.8556583" lon="2.3402685">
        <ele>82</ele>
        <time>2026-02-05T20:49:27Z</time>
        <hdop>3.5</hdop>
        <extensions>
          <osmand:provider>fused</osmand:provider>
          <osmand:heading>19.0</osmand:heading>
          <osmand:speed>3.5</osmand:speed>
        </extensions>
      </trkpt>
      <trkpt lat="48.8556836" lon="2.3402954">
        <ele>82</ele>
        <time>2026-02-05T20:49:28Z</time>
        <hdop>3.6</hdop>
        <extensions>
          <osmand:provider>fused</osmand:provider>
          <osmand:heading>18.0</osmand:heading>
          <osmand:speed>3.1</osmand:speed>
        </extensions>
      </trkpt>
      <trkpt lat="48.8557065" lon="2.3403201">
        <ele>82</ele>
        <time>2026-02-05T20:49:29Z</time>
        <hdop>3.6</hdop>
        <extensions>
          <osmand:provider>fused</osmand:provider>
          <osmand:heading>17.0</osmand:heading>
          <osmand:speed>2.7</osmand:speed>
        </extensions>
      </trkpt>
      <trkpt lat="48.8557256" lon="2.3403338">
        <ele>82</ele>
        <time>2026-02-05T20:49:30Z</time>
        <hdop>3.7</hdop>
        <extensions>
          <osmand:provider>fused</osmand:provider>
          <osmand:heading>16.0</osmand:heading>
          <osmand:speed>2.2</osmand:speed>
        </extensions>
      </trkpt>
      <trkpt lat="48.8557402" lon="2.3403471">
        <ele>81.8</ele>
        <time>2026-02-05T20:49:31Z</time>
        <hdop>3.8</hdop>
        <extensions>
          <osmand:provider>fused</osmand:provider>
          <osmand:heading>16.0</osmand:heading>
          <osmand:speed>1.1</osmand:speed>
        </extensions>
      </trkpt>
      <trkpt lat="48.8557487" lon="2.3403524">
        <ele>81.8</ele>
        <time>2026-02-05T20:49:32Z</time>
        <hdop>3.8</hdop>
        <extensions>
          <osmand:provider>fused</osmand:provider>
          <osmand:heading>16.0</osmand:heading>
          <osmand:speed>0.6</osmand:speed>
        </extensions>
      </trkpt>
      <trkpt lat="48.8557519" lon="2.3403486">
        <ele>81.8</ele>
        <time>2026-02-05T20:49:33Z</time>
        <hdop>3.9</hdop>
        <extensions>
          <osmand:provider>fused</osmand:provider>
          <osmand:heading>15.0</osmand:heading>
          <osmand:speed>0.1</osmand:speed>
        </extensions>
      </trkpt>
      <trkpt lat="48.855749" lon="2.3403444">
        <ele>81.8</ele>
        <time>2026-02-05T20:49:34Z</time>
        <hdop>4</hdop>
        <extensions>
          <osmand:provider>fused</osmand:provider>
          <osmand:heading>15.0</osmand:heading>
          <osmand:speed>0</osmand:speed>
        </extensions>
      </trkpt>
      <trkpt lat="48.8557489" lon="2.3403444">
        <ele>81.8</ele>
        <time>2026-02-05T20:49:35Z</time>
        <hdop>4</hdop>
        <extensions>
          <osmand:provider>fused</osmand:provider>
          <osmand:heading>15.0</osmand:heading>
        </extensions>
      </trkpt>
      <trkpt lat="48.8557488" lon="2.3403442">
        <ele>81.8</ele>
        <time>2026-02-05T20:49:36Z</time>
        <hdop>4</hdop>
        <extensions>
          <osmand:provider>fused</osmand:provider>
          <osmand:heading>15.0</osmand:heading>
        </extensions>
      </trkpt>
      <trkpt lat="48.8557488" lon="2.340344">
        <ele>81.7</ele>
        <time>2026-02-05T20:49:37Z</time>
        <hdop>4</hdop>
        <extensions>
          <osmand:provider>fused</osmand:provider>
          <osmand:heading>15.0</osmand:heading>
        </extensions>
      </trkpt>
      <trkpt lat="48.8557489" lon="2.3403435">
        <ele>81.7</ele>
        <time>2026-02-05T20:49:38Z</time>
        <hdop>4</hdop>
        <extensions>
          <osmand:provider>fused</osmand:provider>
          <osmand:heading>14.0</osmand:heading>
        </extensions>
      </trkpt>
      <trkpt lat="48.8557488" lon="2.3403436">
        <ele>81.7</ele>
        <time>2026-02-05T20:49:39Z</time>
        <hdop>4</hdop>
        <extensions>
          <osmand:provider>fused</osmand:provider>
          <osmand:heading>14.0</osmand:heading>
        </extensions>
      </trkpt>
      <trkpt lat="48.8557488" lon="2.3403435">
        <ele>81.7</ele>
        <time>2026-02-05T20:49:40Z</time>
        <hdop>4</hdop>
        <extensions>
          <osmand:provider>fused</osmand:provider>
          <osmand:heading>14.0</osmand:heading>
        </extensions>
      </trkpt>
      <trkpt lat="48.8557509" lon="2.3403367">
        <ele>81.7</ele>
        <time>2026-02-05T20:49:41Z</time>
        <hdop>3.9</hdop>
        <extensions>
          <osmand:provider>fused</osmand:provider>
          <osmand:heading>14.0</osmand:heading>
          <osmand:speed>0.3</osmand:speed>
        </extensions>
      </trkpt>
      <trkpt lat="48.8557526" lon="2.3403488">
        <ele>81.7</ele>
        <time>2026-02-05T20:49:42Z</time>
        <hdop>3.9</hdop>
        <extensions>
          <osmand:provider>fused</osmand:provider>
          <osmand:heading>14.0</osmand:heading>
          <osmand:speed>1</osmand:speed>
        </extensions>
      </trkpt>
      <trkpt lat="48.8557588" lon="2.3403556">
        <ele>81.7</ele>
        <time>2026-02-05T20:49:43Z</time>
        <hdop>3.8</hdop>
        <extensions>
          <osmand:provider>fused</osmand:provider>
          <osmand:heading>14.0</osmand:heading>
          <osmand:speed>0.8</osmand:speed>
        </extensions>
      </trkpt>
      <trkpt lat="48.8557685" lon="2.3403581">
        <ele>81.7</ele>
        <time>2026-02-05T20:49:44Z</time>
        <hdop>3.8</hdop>
        <extensions>
          <osmand:provider>fused</osmand:provider>
          <osmand:heading>14.0</osmand:heading>
          <osmand:speed>1</osmand:speed>
        </extensions>
      </trkpt>
      <trkpt lat="48.8557814" lon="2.3403659">
        <ele>81.7</ele>
        <time>2026-02-05T20:49:45Z</time>
        <hdop>3.8</hdop>
        <extensions>
          <osmand:provider>fused</osmand:provider>
          <osmand:heading>14.0</osmand:heading>
          <osmand:speed>2.3</osmand:speed>
        </extensions>
      </trkpt>
      <trkpt lat="48.8558017" lon="2.3403801">
        <ele>81.7</ele>
        <time>2026-02-05T20:49:46Z</time>
        <hdop>3.9</hdop>
        <extensions>
          <osmand:provider>fused</osmand:provider>
          <osmand:heading>14.0</osmand:heading>
          <osmand:speed>2.9</osmand:speed>
        </extensions>
      </trkpt>
      <trkpt lat="48.8558234" lon="2.3404009">
        <ele>81.7</ele>
        <time>2026-02-05T20:49:47Z</time>
        <hdop>4</hdop>
        <extensions>
          <osmand:provider>fused</osmand:provider>
          <osmand:heading>14.0</osmand:heading>
          <osmand:speed>3.5</osmand:speed>
        </extensions>
      </trkpt>
      <trkpt lat="48.8558536" lon="2.3404134">
        <ele>81.7</ele>
        <time>2026-02-05T20:49:48Z</time>
        <hdop>4</hdop>
        <extensions>
          <osmand:provider>fused</osmand:provider>
          <osmand:heading>14.0</osmand:heading>
          <osmand:speed>3.8</osmand:speed>
        </extensions>
      </trkpt>
      <trkpt lat="48.8558924" lon="2.3404207">
        <ele>81.7</ele>
        <time>2026-02-05T20:49:49Z</time>
        <hdop>4.1</hdop>
        <extensions>
          <osmand:provider>fused</osmand:provider>
          <osmand:heading>13.0</osmand:heading>
          <osmand:speed>4.1</osmand:speed>
        </extensions>
      </trkpt>
      <trkpt lat="48.855955" lon="2.3404196">
        <ele>81.6</ele>
        <time>2026-02-05T20:49:50Z</time>
        <hdop>3.9</hdop>
        <extensions>
          <osmand:provider>fused</osmand:provider>
          <osmand:heading>12.0</osmand:heading>
          <osmand:speed>5.3</osmand:speed>
        </extensions>
      </trkpt>
      <trkpt lat="48.8560101" lon="2.3404344">
        <ele>81.6</ele>
        <time>2026-02-05T20:49:51Z</time>
        <hdop>3.6</hdop>
        <extensions>
          <osmand:provider>fused</osmand:provider>
          <osmand:heading>11.0</osmand:heading>
          <osmand:speed>5.8</osmand:speed>
        </extensions>
      </trkpt>
      <trkpt lat="48.8560615" lon="2.3404817">
        <ele>81.6</ele>
        <time>2026-02-05T20:49:52Z</time>
        <hdop>3.3</hdop>
        <extensions>
          <osmand:provider>fused</osmand:provider>
          <osmand:heading>10.0</osmand:heading>
          <osmand:speed>7</osmand:speed>
        </extensions>
      </trkpt>
      <trkpt lat="48.8561285" lon="2.3405289">
        <ele>81.6</ele>
        <time>2026-02-05T20:49:53Z</time>
        <hdop>2.8</hdop>
        <extensions>
          <osmand:provider>fused</osmand:provider>
          <osmand:heading>8.0</osmand:heading>
          <osmand:speed>7.6</osmand:speed>
        </extensions>
      </trkpt>
      <trkpt lat="48.8561971" lon="2.3405739">
        <ele>81.6</ele>
        <time>2026-02-05T20:49:54Z</time>
        <hdop>2.3</hdop>
        <extensions>
          <osmand:provider>fused</osmand:provider>
          <osmand:heading>6.0</osmand:heading>
          <osmand:speed>8.3</osmand:speed>
        </extensions>
      </trkpt>
      <trkpt lat="48.8562658" lon="2.3406386">
        <ele>81.6</ele>
        <time>2026-02-05T20:49:55Z</time>
        <hdop>2.2</hdop>
        <extensions>
          <osmand:provider>fused</osmand:provider>
          <osmand:heading>4.0</osmand:heading>
          <osmand:speed>8.7</osmand:speed>
        </extensions>
      </trkpt>
      <trkpt lat="48.8563351" lon="2.3406966">
        <ele>81.6</ele>
        <time>2026-02-05T20:49:56Z</time>
        <hdop>2</hdop>
        <extensions>
          <osmand:provider>fused</osmand:provider>
          <osmand:heading>4.0</osmand:heading>
          <osmand:speed>8.9</osmand:speed>
        </extensions>
      </trkpt>
      <trkpt lat="48.8564035" lon="2.3407556">
        <ele>81.6</ele>
        <time>2026-02-05T20:49:57Z</time>
        <hdop>1.8</hdop>
        <extensions>
          <osmand:provider>fused</osmand:provider>
          <osmand:heading>5.0</osmand:heading>
          <osmand:speed>8.9</osmand:speed>
        </extensions>
      </trkpt>
      <trkpt lat="48.8564738" lon="2.3408154">
        <ele>81.6</ele>
        <time>2026-02-05T20:49:58Z</time>
        <hdop>1.7</hdop>
        <extensions>
          <osmand:provider>fused</osmand:provider>
          <osmand:heading>5.0</osmand:heading>
          <osmand:speed>8.6</osmand:speed>
        </extensions>
      </trkpt>
      <trkpt lat="48.856543" lon="2.3408632">
        <ele>81.6</ele>
        <time>2026-02-05T20:49:59Z</time>
        <hdop>1.6</hdop>
        <extensions>
          <osmand:provider>fused</osmand:provider>
          <osmand:heading>6.0</osmand:heading>
          <osmand:speed>8.2</osmand:speed>
        </extensions>
      </trkpt>
      <trkpt lat="48.8566097" lon="2.3409196">
        <ele>81.6</ele>
        <time>2026-02-05T20:50:00Z</time>
        <hdop>1.5</hdop>
        <extensions>
          <osmand:provider>fused</osmand:provider>
          <osmand:heading>7.0</osmand:heading>
          <osmand:speed>8.1</osmand:speed>
        </extensions>
      </trkpt>
      <trkpt lat="48.8566691" lon="2.340979">
        <ele>81.8</ele>
        <time>2026-02-05T20:50:01Z</time>
        <hdop>1.4</hdop>
        <extensions>
          <osmand:provider>fused</osmand:provider>
          <osmand:heading>8.0</osmand:heading>
          <osmand:speed>7.6</osmand:speed>
        </extensions>
      </trkpt>
      <trkpt lat="48.856734" lon="2.3410353">
        <ele>81.8</ele>
        <time>2026-02-05T20:50:02Z</time>
        <hdop>1.3</hdop>
        <extensions>
          <osmand:provider>fused</osmand:provider>
          <osmand:heading>9.0</osmand:heading>
          <osmand:speed>7.7</osmand:speed>
        </extensions>
      </trkpt>
      <trkpt lat="48.8567848" lon="2.3411028">
        <ele>81.8</ele>
        <time>2026-02-05T20:50:03Z</time>
        <hdop>1.2</hdop>
        <extensions>
          <osmand:provider>fused</osmand:provider>
          <osmand:heading>11.0</osmand:heading>
          <osmand:speed>7.4</osmand:speed>
        </extensions>
      </trkpt>
      <trkpt lat="48.8568352" lon="2.3411814">
        <ele>83.4</ele>
        <time>2026-02-05T20:50:04Z</time>
        <hdop>1.2</hdop>
        <extensions>
          <osmand:provider>fused</osmand:provider>
          <osmand:heading>15.0</osmand:heading>
          <osmand:speed>7</osmand:speed>
        </extensions>
      </trkpt>
      <trkpt lat="48.8568722" lon="2.3412541">
        <ele>83.4</ele>
        <time>2026-02-05T20:50:05Z</time>
        <hdop>1.3</hdop>
        <extensions>
          <osmand:provider>fused</osmand:provider>
          <osmand:heading>21.0</osmand:heading>
          <osmand:speed>6.6</osmand:speed>
        </extensions>
      </trkpt>
      <trkpt lat="48.8569103" lon="2.3413234">
        <ele>81.6</ele>
        <time>2026-02-05T20:50:06Z</time>
        <hdop>1.3</hdop>
        <extensions>
          <osmand:provider>fused</osmand:provider>
          <osmand:heading>24.0</osmand:heading>
          <osmand:speed>6.7</osmand:speed>
        </extensions>
      </trkpt>
      <trkpt lat="48.8569558" lon="2.3413882">
        <ele>81.6</ele>
        <time>2026-02-05T20:50:07Z</time>
        <hdop>1.3</hdop>
        <extensions>
          <osmand:provider>fused</osmand:provider>
          <osmand:heading>25.0</osmand:heading>
          <osmand:speed>6.6</osmand:speed>
        </extensions>
      </trkpt>
      <trkpt lat="48.8570001" lon="2.3414448">
        <ele>81.6</ele>
        <time>2026-02-05T20:50:08Z</time>
        <hdop>1.5</hdop>
        <extensions>
          <osmand:provider>fused</osmand:provider>
          <osmand:heading>26.0</osmand:heading>
          <osmand:speed>5.9</osmand:speed>
        </extensions>
      </trkpt>
      <trkpt lat="48.8570406" lon="2.3414878">
        <ele>81.6</ele>
        <time>2026-02-05T20:50:09Z</time>
        <hdop>1.7</hdop>
        <extensions>
          <osmand:provider>fused</osmand:provider>
          <osmand:heading>29.0</osmand:heading>
          <osmand:speed>5.1</osmand:speed>
        </extensions>
      </trkpt>
      <trkpt lat="48.857077" lon="2.3415182">
        <ele>81.6</ele>
        <time>2026-02-05T20:50:10Z</time>
        <hdop>1.8</hdop>
        <extensions>
          <osmand:provider>fused</osmand:provider>
          <osmand:heading>33.0</osmand:heading>
          <osmand:speed>4.1</osmand:speed>
        </extensions>
      </trkpt>
      <trkpt lat="48.8571027" lon="2.3415379">
        <ele>83.6</ele>
        <time>2026-02-05T20:50:11Z</time>
        <hdop>1.9</hdop>
        <extensions>
          <osmand:provider>fused</osmand:provider>
          <osmand:heading>34.0</osmand:heading>
          <osmand:speed>3.1</osmand:speed>
        </extensions>
      </trkpt>
      <trkpt lat="48.8571237" lon="2.3415541">
        <ele>83.6</ele>
        <time>2026-02-05T20:50:12Z</time>
        <hdop>2.1</hdop>
        <extensions>
          <osmand:provider>fused</osmand:provider>
          <osmand:heading>34.0</osmand:heading>
          <osmand:speed>2.8</osmand:speed>
        </extensions>
      </trkpt>
      <trkpt lat="48.85715" lon="2.3415615">
        <ele>83.6</ele>
        <time>2026-02-05T20:50:13Z</time>
        <hdop>2.4</hdop>
        <extensions>
          <osmand:provider>fused</osmand:provider>
          <osmand:heading>29.0</osmand:heading>
          <osmand:speed>3.7</osmand:speed>
        </extensions>
      </trkpt>
      <trkpt lat="48.8571895" lon="2.3415612">
        <ele>83.6</ele>
        <time>2026-02-05T20:50:14Z</time>
        <hdop>2.8</hdop>
        <extensions>
          <osmand:provider>fused</osmand:provider>
          <osmand:heading>23.0</osmand:heading>
          <osmand:speed>4.5</osmand:speed>
        </extensions>
      </trkpt>
      <trkpt lat="48.8572313" lon="2.3415608">
        <ele>83.6</ele>
        <time>2026-02-05T20:50:15Z</time>
        <hdop>3</hdop>
        <extensions>
          <osmand:provider>fused</osmand:provider>
          <osmand:heading>18.0</osmand:heading>
          <osmand:speed>5.4</osmand:speed>
        </extensions>
      </trkpt>
      <trkpt lat="48.8572806" lon="2.3415607">
        <ele>83.6</ele>
        <time>2026-02-05T20:50:16Z</time>
        <hdop>3.1</hdop>
        <extensions>
          <osmand:provider>fused</osmand:provider>
          <osmand:heading>18.0</osmand:heading>
          <osmand:speed>6</osmand:speed>
        </extensions>
      </trkpt>
      <trkpt lat="48.8573471" lon="2.3415895">
        <ele>81.7</ele>
        <time>2026-02-05T20:50:17Z</time>
        <hdop>3.2</hdop>
        <extensions>
          <osmand:provider>fused</osmand:provider>
          <osmand:heading>21.0</osmand:heading>
          <osmand:speed>7.4</osmand:speed>
        </extensions>
      </trkpt>
      <trkpt lat="48.8574058" lon="2.3416313">
        <ele>81.6</ele>
        <time>2026-02-05T20:50:18Z</time>
        <hdop>3</hdop>
        <extensions>
          <osmand:provider>fused</osmand:provider>
          <osmand:heading>25.0</osmand:heading>
          <osmand:speed>7.7</osmand:speed>
        </extensions>
      </trkpt>
      <trkpt lat="48.8574742" lon="2.3416874">
        <ele>81.6</ele>
        <time>2026-02-05T20:50:19Z</time>
        <hdop>3</hdop>
        <extensions>
          <osmand:provider>fused</osmand:provider>
          <osmand:heading>28.0</osmand:heading>
          <osmand:speed>8.9</osmand:speed>
        </extensions>
      </trkpt>
      <trkpt lat="48.8575468" lon="2.3417447">
        <ele>81.6</ele>
        <time>2026-02-05T20:50:20Z</time>
        <hdop>2.9</hdop>
        <extensions>
          <osmand:provider>fused</osmand:provider>
          <osmand:heading>30.0</osmand:heading>
          <osmand:speed>9.6</osmand:speed>
        </extensions>
      </trkpt>
      <trkpt lat="48.8576223" lon="2.3418123">
        <ele>81.6</ele>
        <time>2026-02-05T20:50:21Z</time>
        <hdop>2.9</hdop>
        <extensions>
          <osmand:provider>fused</osmand:provider>
          <osmand:heading>31.0</osmand:heading>
          <osmand:speed>9.7</osmand:speed>
        </extensions>
      </trkpt>
      <trkpt lat="48.8577037" lon="2.3418675">
        <ele>81.6</ele>
        <time>2026-02-05T20:50:22Z</time>
        <hdop>2.9</hdop>
        <extensions>
          <osmand:provider>fused</osmand:provider>
          <osmand:heading>31.0</osmand:heading>
          <osmand:speed>9.6</osmand:speed>
        </extensions>
      </trkpt>
      <trkpt lat="48.8577778" lon="2.3419191">
        <ele>84.9</ele>
        <time>2026-02-05T20:50:23Z</time>
        <hdop>2.9</hdop>
        <extensions>
          <osmand:provider>fused</osmand:provider>
          <osmand:heading>32.0</osmand:heading>
          <osmand:speed>8.8</osmand:speed>
        </extensions>
      </trkpt>
      <trkpt lat="48.8578478" lon="2.3419721">
        <ele>84.9</ele>
        <time>2026-02-05T20:50:24Z</time>
        <hdop>3</hdop>
        <extensions>
          <osmand:provider>fused</osmand:provider>
          <osmand:heading>34.0</osmand:heading>
          <osmand:speed>8.1</osmand:speed>
        </extensions>
      </trkpt>
      <trkpt lat="48.8579129" lon="2.3420156">
        <ele>84.9</ele>
        <time>2026-02-05T20:50:25Z</time>
        <hdop>2.9</hdop>
        <extensions>
          <osmand:provider>fused</osmand:provider>
          <osmand:heading>36.0</osmand:heading>
          <osmand:speed>7.7</osmand:speed>
        </extensions>
      </trkpt>
      <trkpt lat="48.8579673" lon="2.3420521">
        <ele>84.9</ele>
        <time>2026-02-05T20:50:26Z</time>
        <hdop>2.8</hdop>
        <extensions>
          <osmand:provider>fused</osmand:provider>
          <osmand:heading>39.0</osmand:heading>
          <osmand:speed>6.8</osmand:speed>
        </extensions>
      </trkpt>
      <trkpt lat="48.858021" lon="2.342097">
        <ele>84.9</ele>
        <time>2026-02-05T20:50:27Z</time>
        <hdop>2.7</hdop>
        <extensions>
          <osmand:provider>fused</osmand:provider>
          <osmand:heading>40.0</osmand:heading>
          <osmand:speed>6.3</osmand:speed>
        </extensions>
      </trkpt>
      <trkpt lat="48.8580645" lon="2.342141">
        <ele>84.9</ele>
        <time>2026-02-05T20:50:28Z</time>
        <hdop>2.7</hdop>
        <extensions>
          <osmand:provider>fused</osmand:provider>
          <osmand:heading>40.0</osmand:heading>
          <osmand:speed>6.1</osmand:speed>
        </extensions>
      </trkpt>
      <trkpt lat="48.8581082" lon="2.3421709">
        <ele>84.9</ele>
        <time>2026-02-05T20:50:29Z</time>
        <hdop>2.5</hdop>
        <extensions>
          <osmand:provider>fused</osmand:provider>
          <osmand:heading>41.0</osmand:heading>
          <osmand:speed>5.2</osmand:speed>
        </extensions>
      </trkpt>
      <trkpt lat="48.8581463" lon="2.3422053">
        <ele>84.9</ele>
        <time>2026-02-05T20:50:30Z</time>
        <hdop>2.5</hdop>
        <extensions>
          <osmand:provider>fused</osmand:provider>
          <osmand:heading>40.0</osmand:heading>
          <osmand:speed>5.1</osmand:speed>
        </extensions>
      </trkpt>
      <trkpt lat="48.8581836" lon="2.3422384">
        <ele>84.9</ele>
        <time>2026-02-05T20:50:31Z</time>
        <hdop>2.5</hdop>
        <extensions>
          <osmand:provider>fused</osmand:provider>
          <osmand:heading>38.0</osmand:heading>
          <osmand:speed>3.9</osmand:speed>
        </extensions>
      </trkpt>
      <trkpt lat="48.8582094" lon="2.3422622">
        <ele>81.6</ele>
        <time>2026-02-05T20:50:32Z</time>
        <hdop>2.6</hdop>
        <extensions>
          <osmand:provider>fused</osmand:provider>
          <osmand:heading>38.0</osmand:heading>
          <osmand:speed>3.2</osmand:speed>
        </extensions>
      </trkpt>
      <trkpt lat="48.8582306" lon="2.3422788">
        <ele>81.6</ele>
        <time>2026-02-05T20:50:33Z</time>
        <hdop>2.7</hdop>
        <extensions>
          <osmand:provider>fused</osmand:provider>
          <osmand:heading>39.0</osmand:heading>
          <osmand:speed>2</osmand:speed>
        </extensions>
      </trkpt>
      <trkpt lat="48.8582417" lon="2.3422856">
        <ele>81.6</ele>
        <time>2026-02-05T20:50:34Z</time>
        <hdop>2.8</hdop>
        <extensions>
          <osmand:provider>fused</osmand:provider>
          <osmand:heading>40.0</osmand:heading>
          <osmand:speed>0.9</osmand:speed>
        </extensions>
      </trkpt>
      <trkpt lat="48.8582457" lon="2.3422932">
        <ele>81.6</ele>
        <time>2026-02-05T20:50:35Z</time>
        <hdop>2.8</hdop>
        <extensions>
          <osmand:provider>fused</osmand:provider>
          <osmand:heading>42.0</osmand:heading>
          <osmand:speed>0.3</osmand:speed>
        </extensions>
      </trkpt>
      <trkpt lat="48.8582453" lon="2.3422922">
        <ele>81.6</ele>
        <time>2026-02-05T20:50:36Z</time>
        <hdop>3</hdop>
        <extensions>
          <osmand:provider>fused</osmand:provider>
          <osmand:heading>42.0</osmand:heading>
        </extensions>
      </trkpt>
      <trkpt lat="48.8582453" lon="2.3422922">
        <ele>81.6</ele>
        <time>2026-02-05T20:50:37Z</time>
        <hdop>3.1</hdop>
        <extensions>
          <osmand:provider>fused</osmand:provider>
          <osmand:heading>42.0</osmand:heading>
        </extensions>
      </trkpt>
      <trkpt lat="48.8582452" lon="2.3422921">
        <ele>81.6</ele>
        <time>2026-02-05T20:50:38Z</time>
        <hdop>3.2</hdop>
        <extensions>
          <osmand:provider>fused</osmand:provider>
          <osmand:heading>42.0</osmand:heading>
        </extensions>
      </trkpt>
      <trkpt lat="48.8582452" lon="2.342292">
        <ele>83.6</ele>
        <time>2026-02-05T20:50:39Z</time>
        <hdop>3.3</hdop>
        <extensions>
          <osmand:provider>fused</osmand:provider>
          <osmand:heading>42.0</osmand:heading>
        </extensions>
      </trkpt>
      <trkpt lat="48.8582451" lon="2.3422918">
        <ele>83.6</ele>
        <time>2026-02-05T20:50:40Z</time>
        <hdop>3.4</hdop>
        <extensions>
          <osmand:provider>fused</osmand:provider>
          <osmand:heading>42.0</osmand:heading>
        </extensions>
      </trkpt>
      <trkpt lat="48.8582445" lon="2.3422912">
        <ele>83.6</ele>
        <time>2026-02-05T20:50:41Z</time>
        <hdop>3.3</hdop>
        <extensions>
          <osmand:provider>fused</osmand:provider>
          <osmand:heading>42.0</osmand:heading>
          <osmand:speed>0.1</osmand:speed>
        </extensions>
      </trkpt>
      <trkpt lat="48.8582446" lon="2.3422912">
        <ele>83.6</ele>
        <time>2026-02-05T20:50:42Z</time>
        <hdop>3.3</hdop>
        <extensions>
          <osmand:provider>fused</osmand:provider>
          <osmand:heading>42.0</osmand:heading>
        </extensions>
      </trkpt>
      <trkpt lat="48.8582446" lon="2.3422912">
        <ele>83.6</ele>
        <time>2026-02-05T20:50:43Z</time>
        <hdop>3.3</hdop>
        <extensions>
          <osmand:provider>fused</osmand:provider>
          <osmand:heading>42.0</osmand:heading>
        </extensions>
      </trkpt>
      <trkpt lat="48.8582446" lon="2.3422914">
        <ele>83.6</ele>
        <time>2026-02-05T20:50:44Z</time>
        <hdop>3.3</hdop>
        <extensions>
          <osmand:provider>fused</osmand:provider>
          <osmand:heading>41.0</osmand:heading>
        </extensions>
      </trkpt>
      <trkpt lat="48.8582446" lon="2.3422916">
        <ele>81.7</ele>
        <time>2026-02-05T20:50:45Z</time>
        <hdop>3.3</hdop>
        <extensions>
          <osmand:provider>fused</osmand:provider>
          <osmand:heading>41.0</osmand:heading>
        </extensions>
      </trkpt>
      <trkpt lat="48.8582445" lon="2.3422914">
        <ele>81.7</ele>
        <time>2026-02-05T20:50:46Z</time>
        <hdop>3.3</hdop>
        <extensions>
          <osmand:provider>fused</osmand:provider>
          <osmand:heading>41.0</osmand:heading>
        </extensions>
      </trkpt>
      <trkpt lat="48.8582445" lon="2.3422915">
        <ele>81.6</ele>
        <time>2026-02-05T20:50:47Z</time>
        <hdop>3.4</hdop>
        <extensions>
          <osmand:provider>fused</osmand:provider>
          <osmand:heading>41.0</osmand:heading>
        </extensions>
      </trkpt>
      <trkpt lat="48.8582443" lon="2.3422915">
        <ele>81.6</ele>
        <time>2026-02-05T20:50:48Z</time>
        <hdop>3.4</hdop>
        <extensions>
          <osmand:provider>fused</osmand:provider>
          <osmand:heading>41.0</osmand:heading>
        </extensions>
      </trkpt>
      <trkpt lat="48.8582443" lon="2.3422915">
        <ele>81.6</ele>
        <time>2026-02-05T20:50:49Z</time>
        <hdop>3.4</hdop>
        <extensions>
          <osmand:provider>fused</osmand:provider>
          <osmand:heading>41.0</osmand:heading>
        </extensions>
      </trkpt>
      <trkpt lat="48.85824" lon="2.3422887">
        <ele>81.6</ele>
        <time>2026-02-05T20:50:50Z</time>
        <hdop>3.4</hdop>
        <extensions>
          <osmand:provider>fused</osmand:provider>
          <osmand:heading>39.0</osmand:heading>
          <osmand:speed>0.3</osmand:speed>
        </extensions>
      </trkpt>
      <trkpt lat="48.8582493" lon="2.3422902">
        <ele>81.6</ele>
        <time>2026-02-05T20:50:51Z</time>
        <hdop>3.3</hdop>
        <extensions>
          <osmand:provider>fused</osmand:provider>
          <osmand:heading>35.0</osmand:heading>
          <osmand:speed>1.3</osmand:speed>
        </extensions>
      </trkpt>
      <trkpt lat="48.858266" lon="2.3422991">
        <ele>81.6</ele>
        <time>2026-02-05T20:50:52Z</time>
        <hdop>3.2</hdop>
        <extensions>
          <osmand:provider>fused</osmand:provider>
          <osmand:heading>31.0</osmand:heading>
          <osmand:speed>2.7</osmand:speed>
        </extensions>
      </trkpt>
      <trkpt lat="48.8582894" lon="2.3423175">
        <ele>81.2</ele>
        <time>2026-02-05T20:50:53Z</time>
        <hdop>3.3</hdop>
        <extensions>
          <osmand:provider>fused</osmand:provider>
          <osmand:heading>29.0</osmand:heading>
          <osmand:speed>3.7</osmand:speed>
        </extensions>
      </trkpt>
      <trkpt lat="48.8583251" lon="2.3423428">
        <ele>81.2</ele>
        <time>2026-02-05T20:50:54Z</time>
        <hdop>3.3</hdop>
        <extensions>
          <osmand:provider>fused</osmand:provider>
          <osmand:heading>30.0</osmand:heading>
          <osmand:speed>4.5</osmand:speed>
        </extensions>
      </trkpt>
      <trkpt lat="48.8583708" lon="2.3423701">
        <ele>81.2</ele>
        <time>2026-02-05T20:50:55Z</time>
        <hdop>3.2</hdop>
        <extensions>
          <osmand:provider>fused</osmand:provider>
          <osmand:heading>31.0</osmand:heading>
          <osmand:speed>4.8</osmand:speed>
        </extensions>
      </trkpt>
      <trkpt lat="48.8584077" lon="2.3424023">
        <ele>81.2</ele>
        <time>2026-02-05T20:50:56Z</time>
        <hdop>3.2</hdop>
        <extensions>
          <osmand:provider>fused</osmand:provider>
          <osmand:heading>33.0</osmand:heading>
          <osmand:speed>4.3</osmand:speed>
        </extensions>
      </trkpt>
      <trkpt lat="48.8584301" lon="2.3424495">
        <ele>81.2</ele>
        <time>2026-02-05T20:50:57Z</time>
        <hdop>3.3</hdop>
        <extensions>
          <osmand:provider>fused</osmand:provider>
          <osmand:heading>38.0</osmand:heading>
          <osmand:speed>4.3</osmand:speed>
        </extensions>
      </trkpt>
      <trkpt lat="48.8584479" lon="2.3425067">
        <ele>81.2</ele>
        <time>2026-02-05T20:50:58Z</time>
        <hdop>3.2</hdop>
        <extensions>
          <osmand:provider>fused</osmand:provider>
          <osmand:heading>48.0</osmand:heading>
          <osmand:speed>4.3</osmand:speed>
        </extensions>
      </trkpt>
      <trkpt lat="48.8584476" lon="2.3425759">
        <ele>81.2</ele>
        <time>2026-02-05T20:50:59Z</time>
        <hdop>3.1</hdop>
        <extensions>
          <osmand:provider>fused</osmand:provider>
          <osmand:heading>61.0</osmand:heading>
          <osmand:speed>4.7</osmand:speed>
        </extensions>
      </trkpt>
      <trkpt lat="48.8584392" lon="2.3426362">
        <ele>81.2</ele>
        <time>2026-02-05T20:51:00Z</time>
        <hdop>3.1</hdop>
        <extensions>
          <osmand:provider>fused</osmand:provider>
          <osmand:heading>62.0</osmand:heading>
          <osmand:speed>4.5</osmand:speed>
        </extensions>
      </trkpt>
      <trkpt lat="48.8584276" lon="2.342678">
        <ele>81.2</ele>
        <time>2026-02-05T20:51:01Z</time>
        <hdop>3.1</hdop>
        <extensions>
          <osmand:provider>fused</osmand:provider>
          <osmand:heading>73.0</osmand:heading>
          <osmand:speed>4.1</osmand:speed>
        </extensions>
      </trkpt>
      <trkpt lat="48.8584084" lon="2.3427082">
        <ele>81.2</ele>
        <time>2026-02-05T20:51:02Z</time>
        <hdop>3.1</hdop>
        <extensions>
          <osmand:provider>fused</osmand:provider>
          <osmand:heading>84.0</osmand:heading>
          <osmand:speed>2.5</osmand:speed>
        </extensions>
      </trkpt>
      <trkpt lat="48.8583961" lon="2.3427279">
        <ele>81.2</ele>
        <time>2026-02-05T20:51:03Z</time>
        <hdop>3.1</hdop>
        <extensions>
          <osmand:provider>fused</osmand:provider>
          <osmand:heading>91.0</osmand:heading>
          <osmand:speed>1.8</osmand:speed>
        </extensions>
      </trkpt>
      <trkpt lat="48.8583882" lon="2.3427429">
        <ele>81.2</ele>
        <time>2026-02-05T20:51:04Z</time>
        <hdop>3.2</hdop>
        <extensions>
          <osmand:provider>fused</osmand:provider>
          <osmand:heading>98.0</osmand:heading>
          <osmand:speed>1.2</osmand:speed>
        </extensions>
      </trkpt>
      <trkpt lat="48.858384" lon="2.3427507">
        <ele>81.2</ele>
        <time>2026-02-05T20:51:05Z</time>
        <hdop>3.3</hdop>
        <extensions>
          <osmand:provider>fused</osmand:provider>
          <osmand:heading>82.0</osmand:heading>
          <osmand:speed>0.4</osmand:speed>
        </extensions>
      </trkpt>
      <trkpt lat="48.8583816" lon="2.3427638">
        <ele>81.2</ele>
        <time>2026-02-05T20:51:06Z</time>
        <hdop>3.4</hdop>
        <extensions>
          <osmand:provider>fused</osmand:provider>
          <osmand:heading>70.0</osmand:heading>
          <osmand:speed>0</osmand:speed>
        </extensions>
      </trkpt>
      <trkpt lat="48.8583842" lon="2.342759">
        <ele>81.2</ele>
        <time>2026-02-05T20:51:07Z</time>
        <hdop>3.5</hdop>
        <extensions>
          <osmand:provider>fused</osmand:provider>
          <osmand:heading>69.0</osmand:heading>
          <osmand:speed>0.2</osmand:speed>
        </extensions>
      </trkpt>
      <trkpt lat="48.858381" lon="2.3427532">
        <ele>80.9</ele>
        <time>2026-02-05T20:51:08Z</time>
        <hdop>3.6</hdop>
        <extensions>
          <osmand:provider>fused</osmand:provider>
          <osmand:heading>73.0</osmand:heading>
          <osmand:speed>0.1</osmand:speed>
        </extensions>
      </trkpt>
      <trkpt lat="48.8583808" lon="2.3427526">
        <ele>80.9</ele>
        <time>2026-02-05T20:51:09Z</time>
        <hdop>3.6</hdop>
        <extensions>
          <osmand:provider>fused</osmand:provider>
          <osmand:heading>72.0</osmand:heading>
        </extensions>
      </trkpt>
      <trkpt lat="48.8583806" lon="2.3427528">
        <ele>80.9</ele>
        <time>2026-02-05T20:51:10Z</time>
        <hdop>3.6</hdop>
        <extensions>
          <osmand:provider>fused</osmand:provider>
          <osmand:heading>67.0</osmand:heading>
        </extensions>
      </trkpt>
      <trkpt lat="48.8583837" lon="2.342766">
        <ele>80.9</ele>
        <time>2026-02-05T20:51:11Z</time>
        <hdop>3.6</hdop>
        <extensions>
          <osmand:provider>fused</osmand:provider>
          <osmand:heading>64.0</osmand:heading>
          <osmand:speed>0.2</osmand:speed>
        </extensions>
      </trkpt>
      <trkpt lat="48.8583785" lon="2.3427704">
        <ele>80.9</ele>
        <time>2026-02-05T20:51:12Z</time>
        <hdop>3.5</hdop>
        <extensions>
          <osmand:provider>fused</osmand:provider>
          <osmand:heading>63.0</osmand:heading>
          <osmand:speed>0.1</osmand:speed>
        </extensions>
      </trkpt>
      <trkpt lat="48.8583761" lon="2.3427814">
        <ele>81.1</ele>
        <time>2026-02-05T20:51:13Z</time>
        <hdop>3.4</hdop>
        <extensions>
          <osmand:provider>fused</osmand:provider>
          <osmand:heading>63.0</osmand:heading>
          <osmand:speed>0</osmand:speed>
        </extensions>
      </trkpt>
      <trkpt lat="48.858376" lon="2.3427827">
        <ele>81.1</ele>
        <time>2026-02-05T20:51:14Z</time>
        <hdop>3.3</hdop>
        <extensions>
          <osmand:provider>fused</osmand:provider>
          <osmand:heading>63.0</osmand:heading>
        </extensions>
      </trkpt>
      <trkpt lat="48.858376" lon="2.3427835">
        <ele>81.1</ele>
        <time>2026-02-05T20:51:15Z</time>
        <hdop>3.2</hdop>
        <extensions>
          <osmand:provider>fused</osmand:provider>
          <osmand:heading>63.0</osmand:heading>
        </extensions>
      </trkpt>
      <trkpt lat="48.8583759" lon="2.3427843">
        <ele>81</ele>
        <time>2026-02-05T20:51:16Z</time>
        <hdop>3.2</hdop>
        <extensions>
          <osmand:provider>fused</osmand:provider>
          <osmand:heading>63.0</osmand:heading>
        </extensions>
      </trkpt>
      <trkpt lat="48.8583758" lon="2.3427842">
        <ele>81.2</ele>
        <time>2026-02-05T20:51:17Z</time>
        <hdop>3.1</hdop>
        <extensions>
          <osmand:provider>fused</osmand:provider>
          <osmand:heading>63.0</osmand:heading>
        </extensions>
      </trkpt>
      <trkpt lat="48.8583758" lon="2.3427842">
        <ele>81</ele>
        <time>2026-02-05T20:51:18Z</time>
        <hdop>3.1</hdop>
        <extensions>
          <osmand:provider>fused</osmand:provider>
          <osmand:heading>63.0</osmand:heading>
        </extensions>
      </trkpt>
      <trkpt lat="48.858376" lon="2.3427843">
        <ele>81</ele>
        <time>2026-02-05T20:51:19Z</time>
        <hdop>3.1</hdop>
        <extensions>
          <osmand:provider>fused</osmand:provider>
          <osmand:heading>63.0</osmand:heading>
        </extensions>
      </trkpt>
      <trkpt lat="48.8583836" lon="2.3427879">
        <ele>81</ele>
        <time>2026-02-05T20:51:20Z</time>
        <hdop>3.1</hdop>
        <extensions>
          <osmand:provider>fused</osmand:provider>
          <osmand:heading>63.0</osmand:heading>
          <osmand:speed>0.2</osmand:speed>
        </extensions>
      </trkpt>
      <trkpt lat="48.8583849" lon="2.3427966">
        <ele>81.2</ele>
        <time>2026-02-05T20:51:21Z</time>
        <hdop>3.1</hdop>
        <extensions>
          <osmand:provider>fused</osmand:provider>
          <osmand:heading>61.0</osmand:heading>
          <osmand:speed>1.4</osmand:speed>
        </extensions>
      </trkpt>
      <trkpt lat="48.8583782" lon="2.3428226">
        <ele>81.2</ele>
        <time>2026-02-05T20:51:22Z</time>
        <hdop>3</hdop>
        <extensions>
          <osmand:provider>fused</osmand:provider>
          <osmand:heading>62.0</osmand:heading>
          <osmand:speed>1.8</osmand:speed>
        </extensions>
      </trkpt>
      <trkpt lat="48.8583718" lon="2.3428517">
        <ele>81.2</ele>
        <time>2026-02-05T20:51:23Z</time>
        <hdop>3</hdop>
        <extensions>
          <osmand:provider>fused</osmand:provider>
          <osmand:heading>61.0</osmand:heading>
          <osmand:speed>2.7</osmand:speed>
        </extensions>
      </trkpt>
      <trkpt lat="48.8583683" lon="2.3429021">
        <ele>81.2</ele>
        <time>2026-02-05T20:51:24Z</time>
        <hdop>3</hdop>
        <extensions>
          <osmand:provider>fused</osmand:provider>
          <osmand:heading>53.0</osmand:heading>
          <osmand:speed>3.3</osmand:speed>
        </extensions>
      </trkpt>
      <trkpt lat="48.8583571" lon="2.3429539">
        <ele>81.2</ele>
        <time>2026-02-05T20:51:25Z</time>
        <hdop>3</hdop>
        <extensions>
          <osmand:provider>fused</osmand:provider>
          <osmand:heading>48.0</osmand:heading>
          <osmand:speed>4.1</osmand:speed>
        </extensions>
      </trkpt>
      <trkpt lat="48.8583606" lon="2.343028">
        <ele>81.2</ele>
        <time>2026-02-05T20:51:26Z</time>
        <hdop>3</hdop>
        <extensions>
          <osmand:provider>fused</osmand:provider>
          <osmand:heading>46.0</osmand:heading>
          <osmand:speed>5.4</osmand:speed>
        </extensions>
      </trkpt>
      <trkpt lat="48.8583612" lon="2.3431278">
        <ele>81.2</ele>
        <time>2026-02-05T20:51:27Z</time>
        <hdop>3</hdop>
        <extensions>
          <osmand:provider>fused</osmand:provider>
          <osmand:heading>44.0</osmand:heading>
          <osmand:speed>5.9</osmand:speed>
        </extensions>
      </trkpt>
      <trkpt lat="48.8583411" lon="2.3432203">
        <ele>81.2</ele>
        <time>2026-02-05T20:51:28Z</time>
        <hdop>2.9</hdop>
        <extensions>
          <osmand:provider>fused</osmand:provider>
          <osmand:heading>44.0</osmand:heading>
          <osmand:speed>7.5</osmand:speed>
        </extensions>
      </trkpt>
      <trkpt lat="48.8583075" lon="2.3433226">
        <ele>81.2</ele>
        <time>2026-02-05T20:51:29Z</time>
        <hdop>2.9</hdop>
        <extensions>
          <osmand:provider>fused</osmand:provider>
          <osmand:heading>44.0</osmand:heading>
          <osmand:speed>8.4</osmand:speed>
        </extensions>
      </trkpt>
      <trkpt lat="48.8582762" lon="2.3434356">
        <ele>81.2</ele>
        <time>2026-02-05T20:51:30Z</time>
        <hdop>2.9</hdop>
        <extensions>
          <osmand:provider>fused</osmand:provider>
          <osmand:heading>44.0</osmand:heading>
          <osmand:speed>8.9</osmand:speed>
        </extensions>
      </trkpt>
      <trkpt lat="48.8582472" lon="2.3435614">
        <ele>81.2</ele>
        <time>2026-02-05T20:51:31Z</time>
        <hdop>2.8</hdop>
        <extensions>
          <osmand:provider>fused</osmand:provider>
          <osmand:heading>44.0</osmand:heading>
          <osmand:speed>9.3</osmand:speed>
        </extensions>
      </trkpt>
      <trkpt lat="48.8582056" lon="2.3436925">
        <ele>81.2</ele>
        <time>2026-02-05T20:51:32Z</time>
        <hdop>2.8</hdop>
        <extensions>
          <osmand:provider>fused</osmand:provider>
          <osmand:heading>44.0</osmand:heading>
          <osmand:speed>10.6</osmand:speed>
        </extensions>
      </trkpt>
      <trkpt lat="48.8581622" lon="2.3438334">
        <ele>81.2</ele>
        <time>2026-02-05T20:51:33Z</time>
        <hdop>2.9</hdop>
        <extensions>
          <osmand:provider>fused</osmand:provider>
          <osmand:heading>45.0</osmand:heading>
          <osmand:speed>11</osmand:speed>
        </extensions>
      </trkpt>
      <trkpt lat="48.8581243" lon="2.3439867">
        <ele>81.2</ele>
        <time>2026-02-05T20:51:34Z</time>
        <hdop>2.9</hdop>
        <extensions>
          <osmand:provider>fused</osmand:provider>
          <osmand:heading>45.0</osmand:heading>
          <osmand:speed>11.6</osmand:speed>
        </extensions>
      </trkpt>
      <trkpt lat="48.8580842" lon="2.3441488">
        <ele>81.2</ele>
        <time>2026-02-05T20:51:35Z</time>
        <hdop>2.9</hdop>
        <extensions>
          <osmand:provider>fused</osmand:provider>
          <osmand:heading>45.0</osmand:heading>
          <osmand:speed>12</osmand:speed>
        </extensions>
      </trkpt>
      <trkpt lat="48.8580406" lon="2.3443059">
        <ele>82.2</ele>
        <time>2026-02-05T20:51:36Z</time>
        <hdop>2.9</hdop>
        <extensions>
          <osmand:provider>fused</osmand:provider>
          <osmand:heading>45.0</osmand:heading>
          <osmand:speed>11.9</osmand:speed>
        </extensions>
      </trkpt>
      <trkpt lat="48.858001" lon="2.3444644">
        <ele>82.3</ele>
        <time>2026-02-05T20:51:37Z</time>
        <hdop>2.9</hdop>
        <extensions>
          <osmand:provider>fused</osmand:provider>
          <osmand:heading>45.0</osmand:heading>
          <osmand:speed>12.2</osmand:speed>
        </extensions>
      </trkpt>
      <trkpt lat="48.8579578" lon="2.3446222">
        <ele>82.2</ele>
        <time>2026-02-05T20:51:38Z</time>
        <hdop>2.9</hdop>
        <extensions>
          <osmand:provider>fused</osmand:provider>
          <osmand:heading>45.0</osmand:heading>
          <osmand:speed>12.4</osmand:speed>
        </extensions>
      </trkpt>
      <trkpt lat="48.857915" lon="2.3447866">
        <ele>82.2</ele>
        <time>2026-02-05T20:51:39Z</time>
        <hdop>2.9</hdop>
        <extensions>
          <osmand:provider>fused</osmand:provider>
          <osmand:heading>45.0</osmand:heading>
          <osmand:speed>12.3</osmand:speed>
        </extensions>
      </trkpt>
      <trkpt lat="48.8578754" lon="2.3449435">
        <ele>82.1</ele>
        <time>2026-02-05T20:51:40Z</time>
        <hdop>2.9</hdop>
        <extensions>
          <osmand:provider>fused</osmand:provider>
          <osmand:heading>46.0</osmand:heading>
          <osmand:speed>12.3</osmand:speed>
        </extensions>
      </trkpt>
      <trkpt lat="48.8578375" lon="2.3450929">
        <ele>82.1</ele>
        <time>2026-02-05T20:51:41Z</time>
        <hdop>3</hdop>
        <extensions>
          <osmand:provider>fused</osmand:provider>
          <osmand:heading>46.0</osmand:heading>
          <osmand:speed>11.7</osmand:speed>
        </extensions>
      </trkpt>
      <trkpt lat="48.8577951" lon="2.3452319">
        <ele>81.8</ele>
        <time>2026-02-05T20:51:42Z</time>
        <hdop>3</hdop>
        <extensions>
          <osmand:provider>fused</osmand:provider>
          <osmand:heading>46.0</osmand:heading>
          <osmand:speed>11.2</osmand:speed>
        </extensions>
      </trkpt>
      <trkpt lat="48.8577576" lon="2.3453664">
        <ele>81.8</ele>
        <time>2026-02-05T20:51:43Z</time>
        <hdop>3</hdop>
        <extensions>
          <osmand:provider>fused</osmand:provider>
          <osmand:heading>46.0</osmand:heading>
          <osmand:speed>10.8</osmand:speed>
        </extensions>
      </trkpt>
      <trkpt lat="48.857718" lon="2.3455023">
        <ele>81.8</ele>
        <time>2026-02-05T20:51:44Z</time>
        <hdop>2.9</hdop>
        <extensions>
          <osmand:provider>fused</osmand:provider>
          <osmand:heading>46.0</osmand:heading>
          <osmand:speed>10.3</osmand:speed>
        </extensions>
      </trkpt>
      <trkpt lat="48.8576823" lon="2.3456366">
        <ele>81.8</ele>
        <time>2026-02-05T20:51:45Z</time>
        <hdop>2.8</hdop>
        <extensions>
          <osmand:provider>fused</osmand:provider>
          <osmand:heading>46.0</osmand:heading>
          <osmand:speed>9.9</osmand:speed>
        </extensions>
      </trkpt>
      <trkpt lat="48.857649" lon="2.3457527">
        <ele>81.8</ele>
        <time>2026-02-05T20:51:46Z</time>
        <hdop>2.8</hdop>
        <extensions>
          <osmand:provider>fused</osmand:provider>
          <osmand:heading>46.0</osmand:heading>
          <osmand:speed>9.5</osmand:speed>
        </extensions>
      </trkpt>
      <trkpt lat="48.8576191" lon="2.3458752">
        <ele>81.8</ele>
        <time>2026-02-05T20:51:47Z</time>
        <hdop>2.6</hdop>
        <extensions>
          <osmand:provider>fused</osmand:provider>
          <osmand:heading>46.0</osmand:heading>
          <osmand:speed>9.4</osmand:speed>
        </extensions>
      </trkpt>
      <trkpt lat="48.8575919" lon="2.3459882">
        <ele>81.8</ele>
        <time>2026-02-05T20:51:48Z</time>
        <hdop>2.6</hdop>
        <extensions>
          <osmand:provider>fused</osmand:provider>
          <osmand:heading>47.0</osmand:heading>
          <osmand:speed>8.3</osmand:speed>
        </extensions>
      </trkpt>
      <trkpt lat="48.8575665" lon="2.3460788">
        <ele>81.8</ele>
        <time>2026-02-05T20:51:49Z</time>
        <hdop>2.7</hdop>
        <extensions>
          <osmand:provider>fused</osmand:provider>
          <osmand:heading>47.0</osmand:heading>
          <osmand:speed>6.8</osmand:speed>
        </extensions>
      </trkpt>
      <trkpt lat="48.857549" lon="2.3461489">
        <ele>81.8</ele>
        <time>2026-02-05T20:51:50Z</time>
        <hdop>2.8</hdop>
        <extensions>
          <osmand:provider>fused</osmand:provider>
          <osmand:heading>48.0</osmand:heading>
          <osmand:speed>5.7</osmand:speed>
        </extensions>
      </trkpt>
      <trkpt lat="48.8575345" lon="2.346217">
        <ele>81.8</ele>
        <time>2026-02-05T20:51:51Z</time>
        <hdop>2.9</hdop>
        <extensions>
          <osmand:provider>fused</osmand:provider>
          <osmand:heading>48.0</osmand:heading>
          <osmand:speed>4.7</osmand:speed>
        </extensions>
      </trkpt>
      <trkpt lat="48.857523" lon="2.3462731">
        <ele>81.8</ele>
        <time>2026-02-05T20:51:52Z</time>
        <hdop>3</hdop>
        <extensions>
          <osmand:provider>fused</osmand:provider>
          <osmand:heading>48.0</osmand:heading>
          <osmand:speed>4</osmand:speed>
        </extensions>
      </trkpt>
      <trkpt lat="48.85751" lon="2.3463191">
        <ele>81.8</ele>
        <time>2026-02-05T20:51:53Z</time>
        <hdop>3</hdop>
        <extensions>
          <osmand:provider>fused</osmand:provider>
          <osmand:heading>48.0</osmand:heading>
          <osmand:speed>2.9</osmand:speed>
        </extensions>
      </trkpt>
      <trkpt lat="48.8574967" lon="2.346353">
        <ele>81.2</ele>
        <time>2026-02-05T20:51:54Z</time>
        <hdop>3</hdop>
        <extensions>
          <osmand:provider>fused</osmand:provider>
          <osmand:heading>47.0</osmand:heading>
          <osmand:speed>2.6</osmand:speed>
        </extensions>
      </trkpt>
      <trkpt lat="48.8574908" lon="2.3463882">
        <ele>81.2</ele>
        <time>2026-02-05T20:51:55Z</time>
        <hdop>3</hdop>
        <extensions>
          <osmand:provider>fused</osmand:provider>
          <osmand:heading>47.0</osmand:heading>
          <osmand:speed>2.6</osmand:speed>
        </extensions>
      </trkpt>
      <trkpt lat="48.8574839" lon="2.3464166">
        <ele>81.2</ele>
        <time>2026-02-05T20:51:56Z</time>
        <hdop>3.1</hdop>
        <extensions>
          <osmand:provider>fused</osmand:provider>
          <osmand:heading>47.0</osmand:heading>
          <osmand:speed>1.8</osmand:speed>
        </extensions>
      </trkpt>
      <trkpt lat="48.857478" lon="2.3464377">
        <ele>81.2</ele>
        <time>2026-02-05T20:51:57Z</time>
        <hdop>3.1</hdop>
        <extensions>
          <osmand:provider>fused</osmand:provider>
          <osmand:heading>46.0</osmand:heading>
          <osmand:speed>1.9</osmand:speed>
        </extensions>
      </trkpt>
      <trkpt lat="48.857469" lon="2.3464587">
        <ele>81.2</ele>
        <time>2026-02-05T20:51:58Z</time>
        <hdop>3.2</hdop>
        <extensions>
          <osmand:provider>fused</osmand:provider>
          <osmand:heading>46.0</osmand:heading>
          <osmand:speed>2</osmand:speed>
        </extensions>
      </trkpt>
      <trkpt lat="48.8574596" lon="2.3464909">
        <ele>81.2</ele>
        <time>2026-02-05T20:51:59Z</time>
        <hdop>3.2</hdop>
        <extensions>
          <osmand:provider>fused</osmand:provider>
          <osmand:heading>45.0</osmand:heading>
          <osmand:speed>2</osmand:speed>
        </extensions>
      </trkpt>
      <trkpt lat="48.8574502" lon="2.3465198">
        <ele>81.2</ele>
        <time>2026-02-05T20:52:00Z</time>
        <hdop>3.2</hdop>
        <extensions>
          <osmand:provider>fused</osmand:provider>
          <osmand:heading>45.0</osmand:heading>
          <osmand:speed>2.6</osmand:speed>
        </extensions>
      </trkpt>
      <trkpt lat="48.8574373" lon="2.3465592">
        <ele>81.2</ele>
        <time>2026-02-05T20:52:01Z</time>
        <hdop>3.2</hdop>
        <extensions>
          <osmand:provider>fused</osmand:provider>
          <osmand:heading>44.0</osmand:heading>
          <osmand:speed>3.3</osmand:speed>
        </extensions>
      </trkpt>
      <trkpt lat="48.857422" lon="2.3466092">
        <ele>81.2</ele>
        <time>2026-02-05T20:52:02Z</time>
        <hdop>3.1</hdop>
        <extensions>
          <osmand:provider>fused</osmand:provider>
          <osmand:heading>44.0</osmand:heading>
          <osmand:speed>3.9</osmand:speed>
        </extensions>
      </trkpt>
      <trkpt lat="48.8574033" lon="2.3466674">
        <ele>81.2</ele>
        <time>2026-02-05T20:52:03Z</time>
        <hdop>3</hdop>
        <extensions>
          <osmand:provider>fused</osmand:provider>
          <osmand:heading>48.0</osmand:heading>
          <osmand:speed>5.1</osmand:speed>
        </extensions>
      </trkpt>
      <trkpt lat="48.8573656" lon="2.346739">
        <ele>81.2</ele>
        <time>2026-02-05T20:52:04Z</time>
        <hdop>2.9</hdop>
        <extensions>
          <osmand:provider>fused</osmand:provider>
          <osmand:heading>53.0</osmand:heading>
          <osmand:speed>6.4</osmand:speed>
        </extensions>
      </trkpt>
      <trkpt lat="48.8573298" lon="2.3468201">
        <ele>81.2</ele>
        <time>2026-02-05T20:52:05Z</time>
        <hdop>2.8</hdop>
        <extensions>
          <osmand:provider>fused</osmand:provider>
          <osmand:heading>52.0</osmand:heading>
          <osmand:speed>7</osmand:speed>
        </extensions>
      </trkpt>
      <trkpt lat="48.857302" lon="2.3469155">
        <ele>81.2</ele>
        <time>2026-02-05T20:52:06Z</time>
        <hdop>2.7</hdop>
        <extensions>
          <osmand:provider>fused</osmand:provider>
          <osmand:heading>52.0</osmand:heading>
          <osmand:speed>7.9</osmand:speed>
        </extensions>
      </trkpt>
      <trkpt lat="48.8572665" lon="2.3470236">
        <ele>81.5</ele>
        <time>2026-02-05T20:52:07Z</time>
        <hdop>2.5</hdop>
        <extensions>
          <osmand:provider>fused</osmand:provider>
          <osmand:heading>51.0</osmand:heading>
          <osmand:speed>8.3</osmand:speed>
        </extensions>
      </trkpt>
      <trkpt lat="48.8572345" lon="2.3471347">
        <ele>81.7</ele>
        <time>2026-02-05T20:52:08Z</time>
        <hdop>2.4</hdop>
        <extensions>
          <osmand:provider>fused</osmand:provider>
          <osmand:heading>49.0</osmand:heading>
          <osmand:speed>8.6</osmand:speed>
        </extensions>
      </trkpt>
      <trkpt lat="48.8572037" lon="2.3472537">
        <ele>81.9</ele>
        <time>2026-02-05T20:52:09Z</time>
        <hdop>2.2</hdop>
        <extensions>
          <osmand:provider>fused</osmand:provider>
          <osmand:heading>50.0</osmand:heading>
          <osmand:speed>9.3</osmand:speed>
        </extensions>
      </trkpt>
      <trkpt lat="48.8571721" lon="2.3473713">
        <ele>82.1</ele>
        <time>2026-02-05T20:52:10Z</time>
        <hdop>2.2</hdop>
        <extensions>
          <osmand:provider>fused</osmand:provider>
          <osmand:heading>51.0</osmand:heading>
          <osmand:speed>9.5</osmand:speed>
        </extensions>
      </trkpt>
      <trkpt lat="48.8571394" lon="2.3474971">
        <ele>81.8</ele>
        <time>2026-02-05T20:52:11Z</time>
        <hdop>2.1</hdop>
        <extensions>
          <osmand:provider>fused</osmand:provider>
          <osmand:heading>52.0</osmand:heading>
          <osmand:speed>9.7</osmand:speed>
        </extensions>
      </trkpt>
      <trkpt lat="48.8571122" lon="2.3476231">
        <ele>81.8</ele>
        <time>2026-02-05T20:52:12Z</time>
        <hdop>2</hdop>
        <extensions>
          <osmand:provider>fused</osmand:provider>
          <osmand:heading>53.0</osmand:heading>
          <osmand:speed>10</osmand:speed>
        </extensions>
      </trkpt>
      <trkpt lat="48.8570791" lon="2.347752">
        <ele>81.8</ele>
        <time>2026-02-05T20:52:13Z</time>
        <hdop>2</hdop>
        <extensions>
          <osmand:provider>fused</osmand:provider>
          <osmand:heading>52.0</osmand:heading>
          <osmand:speed>10.2</osmand:speed>
        </extensions>
      </trkpt>
      <trkpt lat="48.8570479" lon="2.3478898">
        <ele>81.8</ele>
        <time>2026-02-05T20:52:14Z</time>
        <hdop>2</hdop>
        <extensions>
          <osmand:provider>fused</osmand:provider>
          <osmand:heading>45.0</osmand:heading>
          <osmand:speed>10.4</osmand:speed>
        </extensions>
      </trkpt>
      <trkpt lat="48.8570188" lon="2.3480261">
        <ele>82.3</ele>
        <time>2026-02-05T20:52:15Z</time>
        <hdop>2</hdop>
        <extensions>
          <osmand:provider>fused</osmand:provider>
          <osmand:heading>42.0</osmand:heading>
          <osmand:speed>10</osmand:speed>
        </extensions>
      </trkpt>
      <trkpt lat="48.8569938" lon="2.3481514">
        <ele>82.3</ele>
        <time>2026-02-05T20:52:16Z</time>
        <hdop>2.1</hdop>
        <extensions>
          <osmand:provider>fused</osmand:provider>
          <osmand:heading>40.0</osmand:heading>
          <osmand:speed>9.3</osmand:speed>
        </extensions>
      </trkpt>
      <trkpt lat="48.8569633" lon="2.3482757">
        <ele>82.3</ele>
        <time>2026-02-05T20:52:17Z</time>
        <hdop>2.2</hdop>
        <extensions>
          <osmand:provider>fused</osmand:provider>
          <osmand:heading>47.0</osmand:heading>
          <osmand:speed>9.1</osmand:speed>
        </extensions>
      </trkpt>
      <trkpt lat="48.8569285" lon="2.3483882">
        <ele>82.3</ele>
        <time>2026-02-05T20:52:18Z</time>
        <hdop>2.3</hdop>
        <extensions>
          <osmand:provider>fused</osmand:provider>
          <osmand:heading>55.0</osmand:heading>
          <osmand:speed>8.5</osmand:speed>
        </extensions>
      </trkpt>
      <trkpt lat="48.8568952" lon="2.3485075">
        <ele>82.3</ele>
        <time>2026-02-05T20:52:19Z</time>
        <hdop>2.2</hdop>
        <extensions>
          <osmand:provider>fused</osmand:provider>
          <osmand:heading>61.0</osmand:heading>
          <osmand:speed>8.9</osmand:speed>
        </extensions>
      </trkpt>
      <trkpt lat="48.8568592" lon="2.3486436">
        <ele>82.3</ele>
        <time>2026-02-05T20:52:20Z</time>
        <hdop>2.3</hdop>
        <extensions>
          <osmand:provider>fused</osmand:provider>
          <osmand:heading>63.0</osmand:heading>
          <osmand:speed>10.2</osmand:speed>
        </extensions>
      </trkpt>
      <trkpt lat="48.856814" lon="2.3487871">
        <ele>82.3</ele>
        <time>2026-02-05T20:52:21Z</time>
        <hdop>2.4</hdop>
        <extensions>
          <osmand:provider>fused</osmand:provider>
          <osmand:heading>65.0</osmand:heading>
          <osmand:speed>10.9</osmand:speed>
        </extensions>
      </trkpt>
      <trkpt lat="48.8567758" lon="2.34893">
        <ele>82.3</ele>
        <time>2026-02-05T20:52:22Z</time>
        <hdop>2.3</hdop>
        <extensions>
          <osmand:provider>fused</osmand:provider>
          <osmand:heading>66.0</osmand:heading>
          <osmand:speed>11</osmand:speed>
        </extensions>
      </trkpt>
      <trkpt lat="48.8567325" lon="2.3490705">
        <ele>82.3</ele>
        <time>2026-02-05T20:52:23Z</time>
        <hdop>2.2</hdop>
        <extensions>
          <osmand:provider>fused</osmand:provider>
          <osmand:heading>67.0</osmand:heading>
          <osmand:speed>11.9</osmand:speed>
        </extensions>
      </trkpt>
      <trkpt lat="48.856686" lon="2.3492197">
        <ele>82.3</ele>
        <time>2026-02-05T20:52:24Z</time>
        <hdop>2.2</hdop>
        <extensions>
          <osmand:provider>fused</osmand:provider>
          <osmand:heading>69.0</osmand:heading>
          <osmand:speed>12.5</osmand:speed>
        </extensions>
      </trkpt>
      <trkpt lat="48.8566398" lon="2.3493714">
        <ele>82.3</ele>
        <time>2026-02-05T20:52:25Z</time>
        <hdop>2.1</hdop>
        <extensions>
          <osmand:provider>fused</osmand:provider>
          <osmand:heading>70.0</osmand:heading>
          <osmand:speed>12.4</osmand:speed>
        </extensions>
      </trkpt>
      <trkpt lat="48.8565869" lon="2.3495166">
        <ele>82.3</ele>
        <time>2026-02-05T20:52:26Z</time>
        <hdop>2.1</hdop>
        <extensions>
          <osmand:provider>fused</osmand:provider>
          <osmand:heading>72.0</osmand:heading>
          <osmand:speed>12.4</osmand:speed>
        </extensions>
      </trkpt>
      <trkpt lat="48.856531" lon="2.3496636">
        <ele>82.3</ele>
        <time>2026-02-05T20:52:27Z</time>
        <hdop>2.2</hdop>
        <extensions>
          <osmand:provider>fused</osmand:provider>
          <osmand:heading>73.0</osmand:heading>
          <osmand:speed>11.8</osmand:speed>
        </extensions>
      </trkpt>
      <trkpt lat="48.8564844" lon="2.3497954">
        <ele>82.3</ele>
        <time>2026-02-05T20:52:28Z</time>
        <hdop>2.3</hdop>
        <extensions>
          <osmand:provider>fused</osmand:provider>
          <osmand:heading>75.0</osmand:heading>
          <osmand:speed>10.9</osmand:speed>
        </extensions>
      </trkpt>
      <trkpt lat="48.8564398" lon="2.3499172">
        <ele>82.3</ele>
        <time>2026-02-05T20:52:29Z</time>
        <hdop>2.3</hdop>
        <extensions>
          <osmand:provider>fused</osmand:provider>
          <osmand:heading>76.0</osmand:heading>
          <osmand:speed>10.3</osmand:speed>
        </extensions>
      </trkpt>
      <trkpt lat="48.8564007" lon="2.3500285">
        <ele>82.3</ele>
        <time>2026-02-05T20:52:30Z</time>
        <hdop>2.6</hdop>
        <extensions>
          <osmand:provider>fused</osmand:provider>
          <osmand:heading>76.0</osmand:heading>
          <osmand:speed>8.9</osmand:speed>
        </extensions>
      </trkpt>
      <trkpt lat="48.8563631" lon="2.3501294">
        <ele>82.3</ele>
        <time>2026-02-05T20:52:31Z</time>
        <hdop>2.7</hdop>
        <extensions>
          <osmand:provider>fused</osmand:provider>
          <osmand:heading>76.0</osmand:heading>
          <osmand:speed>8.4</osmand:speed>
        </extensions>
      </trkpt>
      <trkpt lat="48.8563262" lon="2.3502267">
        <ele>82.3</ele>
        <time>2026-02-05T20:52:32Z</time>
        <hdop>2.8</hdop>
        <extensions>
          <osmand:provider>fused</osmand:provider>
          <osmand:heading>76.0</osmand:heading>
          <osmand:speed>8.1</osmand:speed>
        </extensions>
      </trkpt>
      <trkpt lat="48.8562913" lon="2.3503195">
        <ele>82.3</ele>
        <time>2026-02-05T20:52:33Z</time>
        <hdop>2.9</hdop>
        <extensions>
          <osmand:provider>fused</osmand:provider>
          <osmand:heading>77.0</osmand:heading>
          <osmand:speed>7</osmand:speed>
        </extensions>
      </trkpt>
      <trkpt lat="48.8562686" lon="2.3503946">
        <ele>82.3</ele>
        <time>2026-02-05T20:52:34Z</time>
        <hdop>2.9</hdop>
        <extensions>
          <osmand:provider>fused</osmand:provider>
          <osmand:heading>77.0</osmand:heading>
          <osmand:speed>5.2</osmand:speed>
        </extensions>
      </trkpt>
      <trkpt lat="48.8562566" lon="2.3504551">
        <ele>82.3</ele>
        <time>2026-02-05T20:52:35Z</time>
        <hdop>3.1</hdop>
        <extensions>
          <osmand:provider>fused</osmand:provider>
          <osmand:heading>77.0</osmand:heading>
          <osmand:speed>3.7</osmand:speed>
        </extensions>
      </trkpt>
      <trkpt lat="48.8562394" lon="2.3504982">
        <ele>81.6</ele>
        <time>2026-02-05T20:52:36Z</time>
        <hdop>3.2</hdop>
        <extensions>
          <osmand:provider>fused</osmand:provider>
          <osmand:heading>77.0</osmand:heading>
          <osmand:speed>2.6</osmand:speed>
        </extensions>
      </trkpt>
      <trkpt lat="48.8562318" lon="2.3505261">
        <ele>81.6</ele>
        <time>2026-02-05T20:52:37Z</time>
        <hdop>3.3</hdop>
        <extensions>
          <osmand:provider>fused</osmand:provider>
          <osmand:heading>77.0</osmand:heading>
          <osmand:speed>2</osmand:speed>
        </extensions>
      </trkpt>
      <trkpt lat="48.8562208" lon="2.3505443">
        <ele>81.6</ele>
        <time>2026-02-05T20:52:38Z</time>
        <hdop>3.3</hdop>
        <extensions>
          <osmand:provider>fused</osmand:provider>
          <osmand:heading>77.0</osmand:heading>
          <osmand:speed>1.3</osmand:speed>
        </extensions>
      </trkpt>
      <trkpt lat="48.8562136" lon="2.3505571">
        <ele>79.8</ele>
        <time>2026-02-05T20:52:39Z</time>
        <hdop>3.4</hdop>
        <extensions>
          <osmand:provider>fused</osmand:provider>
          <osmand:heading>76.0</osmand:heading>
          <osmand:speed>1.2</osmand:speed>
        </extensions>
      </trkpt>
      <trkpt lat="48.8562103" lon="2.3505611">
        <ele>79.7</ele>
        <time>2026-02-05T20:52:40Z</time>
        <hdop>3.5</hdop>
        <extensions>
          <osmand:provider>fused</osmand:provider>
          <osmand:heading>77.0</osmand:heading>
          <osmand:speed>0.5</osmand:speed>
        </extensions>
      </trkpt>
      <trkpt lat="48.8562069" lon="2.3505646">
        <ele>79.5</ele>
        <time>2026-02-05T20:52:41Z</time>
        <hdop>3.5</hdop>
        <extensions>
          <osmand:provider>fused</osmand:provider>
          <osmand:heading>76.0</osmand:heading>
          <osmand:speed>0.4</osmand:speed>
        </extensions>
      </trkpt>
      <trkpt lat="48.8562056" lon="2.3505725">
        <ele>79.4</ele>
        <time>2026-02-05T20:52:42Z</time>
        <hdop>3.5</hdop>
        <extensions>
          <osmand:provider>fused</osmand:provider>
          <osmand:heading>76.0</osmand:heading>
          <osmand:speed>0.6</osmand:speed>
        </extensions>
      </trkpt>
      <trkpt lat="48.8561977" lon="2.3505751">
        <ele>79.4</ele>
        <time>2026-02-05T20:52:43Z</time>
        <hdop>3.5</hdop>
        <extensions>
          <osmand:provider>fused</osmand:provider>
          <osmand:heading>75.0</osmand:heading>
          <osmand:speed>0.8</osmand:speed>
        </extensions>
      </trkpt>
      <trkpt lat="48.8561934" lon="2.3505826">
        <ele>79.3</ele>
        <time>2026-02-05T20:52:44Z</time>
        <hdop>3.5</hdop>
        <extensions>
          <osmand:provider>fused</osmand:provider>
          <osmand:heading>75.0</osmand:heading>
          <osmand:speed>1.1</osmand:speed>
        </extensions>
      </trkpt>
      <trkpt lat="48.8561815" lon="2.3505993">
        <ele>79.4</ele>
        <time>2026-02-05T20:52:45Z</time>
        <hdop>3.5</hdop>
        <extensions>
          <osmand:provider>fused</osmand:provider>
          <osmand:heading>75.0</osmand:heading>
          <osmand:speed>1.7</osmand:speed>
        </extensions>
      </trkpt>
      <trkpt lat="48.8561738" lon="2.3506251">
        <ele>79.3</ele>
        <time>2026-02-05T20:52:46Z</time>
        <hdop>3.5</hdop>
        <extensions>
          <osmand:provider>fused</osmand:provider>
          <osmand:heading>74.0</osmand:heading>
          <osmand:speed>2</osmand:speed>
        </extensions>
      </trkpt>
      <trkpt lat="48.8561681" lon="2.3506497">
        <ele>79.4</ele>
        <time>2026-02-05T20:52:47Z</time>
        <hdop>3.4</hdop>
        <extensions>
          <osmand:provider>fused</osmand:provider>
          <osmand:heading>73.0</osmand:heading>
          <osmand:speed>2.3</osmand:speed>
        </extensions>
      </trkpt>
      <trkpt lat="48.8561613" lon="2.3506935">
        <ele>79.4</ele>
        <time>2026-02-05T20:52:48Z</time>
        <hdop>3.4</hdop>
        <extensions>
          <osmand:provider>fused</osmand:provider>
          <osmand:heading>69.0</osmand:heading>
          <osmand:speed>3.7</osmand:speed>
        </extensions>
      </trkpt>
      <trkpt lat="48.8561698" lon="2.3507438">
        <ele>79.5</ele>
        <time>2026-02-05T20:52:49Z</time>
        <hdop>3.4</hdop>
        <extensions>
          <osmand:provider>fused</osmand:provider>
          <osmand:heading>63.0</osmand:heading>
          <osmand:speed>4.8</osmand:speed>
        </extensions>
      </trkpt>
      <trkpt lat="48.856199" lon="2.3507986">
        <ele>79.6</ele>
        <time>2026-02-05T20:52:50Z</time>
        <hdop>3.4</hdop>
        <extensions>
          <osmand:provider>fused</osmand:provider>
          <osmand:heading>48.0</osmand:heading>
          <osmand:speed>5.9</osmand:speed>
        </extensions>
      </trkpt>
      <trkpt lat="48.8562285" lon="2.350846">
        <ele>79.6</ele>
        <time>2026-02-05T20:52:51Z</time>
        <hdop>3.4</hdop>
        <extensions>
          <osmand:provider>fused</osmand:provider>
          <osmand:heading>28.0</osmand:heading>
          <osmand:speed>5.7</osmand:speed>
        </extensions>
      </trkpt>
      <trkpt lat="48.8562711" lon="2.3508759">
        <ele>79.9</ele>
        <time>2026-02-05T20:52:52Z</time>
        <hdop>3.4</hdop>
        <extensions>
          <osmand:provider>fused</osmand:provider>
          <osmand:heading>18.0</osmand:heading>
          <osmand:speed>5.6</osmand:speed>
        </extensions>
      </trkpt>
      <trkpt lat="48.8563211" lon="2.3508996">
        <ele>81.6</ele>
        <time>2026-02-05T20:52:53Z</time>
        <hdop>3.6</hdop>
        <extensions>
          <osmand:provider>fused</osmand:provider>
          <osmand:heading>10.0</osmand:heading>
          <osmand:speed>6.4</osmand:speed>
        </extensions>
      </trkpt>
      <trkpt lat="48.8563883" lon="2.3509378">
        <ele>81.6</ele>
        <time>2026-02-05T20:52:54Z</time>
        <hdop>3.6</hdop>
        <extensions>
          <osmand:provider>fused</osmand:provider>
          <osmand:heading>4.0</osmand:heading>
          <osmand:speed>7</osmand:speed>
        </extensions>
      </trkpt>
      <trkpt lat="48.8564665" lon="2.3509637">
        <ele>81.6</ele>
        <time>2026-02-05T20:52:55Z</time>
        <hdop>3.6</hdop>
        <extensions>
          <osmand:provider>fused</osmand:provider>
          <osmand:heading>2.0</osmand:heading>
          <osmand:speed>7.8</osmand:speed>
        </extensions>
      </trkpt>
      <trkpt lat="48.8565511" lon="2.350985">
        <ele>81.6</ele>
        <time>2026-02-05T20:52:56Z</time>
        <hdop>3.6</hdop>
        <extensions>
          <osmand:provider>fused</osmand:provider>
          <osmand:heading>3.0</osmand:heading>
          <osmand:speed>9.2</osmand:speed>
        </extensions>
      </trkpt>
      <trkpt lat="48.8566361" lon="2.3510077">
        <ele>81.6</ele>
        <time>2026-02-05T20:52:57Z</time>
        <hdop>3.5</hdop>
        <extensions>
          <osmand:provider>fused</osmand:provider>
          <osmand:heading>3.0</osmand:heading>
          <osmand:speed>8.1</osmand:speed>
        </extensions>
      </trkpt>
      <trkpt lat="48.856704" lon="2.3510202">
        <ele>81.6</ele>
        <time>2026-02-05T20:52:58Z</time>
        <hdop>3.4</hdop>
        <extensions>
          <osmand:provider>fused</osmand:provider>
          <osmand:heading>5.0</osmand:heading>
          <osmand:speed>7</osmand:speed>
        </extensions>
      </trkpt>
      <trkpt lat="48.8567624" lon="2.3510116">
        <ele>81.6</ele>
        <time>2026-02-05T20:52:59Z</time>
        <hdop>3.2</hdop>
        <extensions>
          <osmand:provider>fused</osmand:provider>
          <osmand:heading>3.0</osmand:heading>
          <osmand:speed>6.7</osmand:speed>
        </extensions>
      </trkpt>
      <trkpt lat="48.856817" lon="2.3509711">
        <ele>81.6</ele>
        <time>2026-02-05T20:53:00Z</time>
        <hdop>3.2</hdop>
        <extensions>
          <osmand:provider>fused</osmand:provider>
          <osmand:heading>352.0</osmand:heading>
          <osmand:speed>7.3</osmand:speed>
        </extensions>
      </trkpt>
      <trkpt lat="48.8568681" lon="2.3509154">
        <ele>81.6</ele>
        <time>2026-02-05T20:53:01Z</time>
        <hdop>3</hdop>
        <extensions>
          <osmand:provider>fused</osmand:provider>
          <osmand:heading>337.0</osmand:heading>
          <osmand:speed>7.6</osmand:speed>
        </extensions>
      </trkpt>
      <trkpt lat="48.8569039" lon="2.3508442">
        <ele>81.6</ele>
        <time>2026-02-05T20:53:02Z</time>
        <hdop>3</hdop>
        <extensions>
          <osmand:provider>fused</osmand:provider>
          <osmand:heading>326.0</osmand:heading>
          <osmand:speed>7.4</osmand:speed>
        </extensions>
      </trkpt>
      <trkpt lat="48.8569279" lon="2.350764">
        <ele>81.6</ele>
        <time>2026-02-05T20:53:03Z</time>
        <hdop>3</hdop>
        <extensions>
          <osmand:provider>fused</osmand:provider>
          <osmand:heading>314.0</osmand:heading>
          <osmand:speed>7.4</osmand:speed>
        </extensions>
      </trkpt>
      <trkpt lat="48.8569479" lon="2.3506593">
        <ele>81.6</ele>
        <time>2026-02-05T20:53:04Z</time>
        <hdop>3</hdop>
        <extensions>
          <osmand:provider>fused</osmand:provider>
          <osmand:heading>304.0</osmand:heading>
          <osmand:speed>8.4</osmand:speed>
        </extensions>
      </trkpt>
      <trkpt lat="48.8569685" lon="2.35054">
        <ele>81.6</ele>
        <time>2026-02-05T20:53:05Z</time>
        <hdop>3</hdop>
        <extensions>
          <osmand:provider>fused</osmand:provider>
          <osmand:heading>300.0</osmand:heading>
          <osmand:speed>8.7</osmand:speed>
        </extensions>
      </trkpt>
      <trkpt lat="48.856992" lon="2.3504317">
        <ele>81.6</ele>
        <time>2026-02-05T20:53:06Z</time>
        <hdop>3</hdop>
        <extensions>
          <osmand:provider>fused</osmand:provider>
          <osmand:heading>300.0</osmand:heading>
          <osmand:speed>8.1</osmand:speed>
        </extensions>
      </trkpt>
      <trkpt lat="48.8570226" lon="2.3503379">
        <ele>81.6</ele>
        <time>2026-02-05T20:53:07Z</time>
        <hdop>3</hdop>
        <extensions>
          <osmand:provider>fused</osmand:provider>
          <osmand:heading>304.0</osmand:heading>
          <osmand:speed>7.5</osmand:speed>
        </extensions>
      </trkpt>
      <trkpt lat="48.8570514" lon="2.350244">
        <ele>81.6</ele>
        <time>2026-02-05T20:53:08Z</time>
        <hdop>2.9</hdop>
        <extensions>
          <osmand:provider>fused</osmand:provider>
          <osmand:heading>309.0</osmand:heading>
          <osmand:speed>7.1</osmand:speed>
        </extensions>
      </trkpt>
      <trkpt lat="48.8570677" lon="2.3501747">
        <ele>81.6</ele>
        <time>2026-02-05T20:53:09Z</time>
        <hdop>2.9</hdop>
        <extensions>
          <osmand:provider>fused</osmand:provider>
          <osmand:heading>313.0</osmand:heading>
          <osmand:speed>4.7</osmand:speed>
        </extensions>
      </trkpt>
      <trkpt lat="48.8570787" lon="2.3501294">
        <ele>81.6</ele>
        <time>2026-02-05T20:53:10Z</time>
        <hdop>3</hdop>
        <extensions>
          <osmand:provider>fused</osmand:provider>
          <osmand:heading>315.0</osmand:heading>
          <osmand:speed>3.2</osmand:speed>
        </extensions>
      </trkpt>
      <trkpt lat="48.8570881" lon="2.3501031">
        <ele>81.6</ele>
        <time>2026-02-05T20:53:11Z</time>
        <hdop>3.1</hdop>
        <extensions>
          <osmand:provider>fused</osmand:provider>
          <osmand:heading>315.0</osmand:heading>
          <osmand:speed>2</osmand:speed>
        </extensions>
      </trkpt>
      <trkpt lat="48.8570911" lon="2.3500872">
        <ele>81.6</ele>
        <time>2026-02-05T20:53:12Z</time>
        <hdop>3.2</hdop>
        <extensions>
          <osmand:provider>fused</osmand:provider>
          <osmand:heading>315.0</osmand:heading>
          <osmand:speed>1</osmand:speed>
        </extensions>
      </trkpt>
      <trkpt lat="48.857093" lon="2.3500679">
        <ele>81.2</ele>
        <time>2026-02-05T20:53:13Z</time>
        <hdop>3.4</hdop>
        <extensions>
          <osmand:provider>fused</osmand:provider>
          <osmand:heading>314.0</osmand:heading>
          <osmand:speed>1.1</osmand:speed>
        </extensions>
      </trkpt>
      <trkpt lat="48.8570954" lon="2.3500477">
        <ele>81.2</ele>
        <time>2026-02-05T20:53:14Z</time>
        <hdop>3.5</hdop>
        <extensions>
          <osmand:provider>fused</osmand:provider>
          <osmand:heading>313.0</osmand:heading>
          <osmand:speed>1.9</osmand:speed>
        </extensions>
      </trkpt>
      <trkpt lat="48.8571016" lon="2.3500091">
        <ele>81.2</ele>
        <time>2026-02-05T20:53:15Z</time>
        <hdop>3.5</hdop>
        <extensions>
          <osmand:provider>fused</osmand:provider>
          <osmand:heading>313.0</osmand:heading>
          <osmand:speed>2.5</osmand:speed>
        </extensions>
      </trkpt>
      <trkpt lat="48.8571163" lon="2.3499634">
        <ele>81.2</ele>
        <time>2026-02-05T20:53:16Z</time>
        <hdop>3.6</hdop>
        <extensions>
          <osmand:provider>fused</osmand:provider>
          <osmand:heading>312.0</osmand:heading>
          <osmand:speed>4</osmand:speed>
        </extensions>
      </trkpt>
      <trkpt lat="48.8571362" lon="2.3498917">
        <ele>81.2</ele>
        <time>2026-02-05T20:53:17Z</time>
        <hdop>3.5</hdop>
        <extensions>
          <osmand:provider>fused</osmand:provider>
          <osmand:heading>312.0</osmand:heading>
          <osmand:speed>4.8</osmand:speed>
        </extensions>
      </trkpt>
      <trkpt lat="48.8571574" lon="2.3498242">
        <ele>81.2</ele>
        <time>2026-02-05T20:53:18Z</time>
        <hdop>3.4</hdop>
        <extensions>
          <osmand:provider>fused</osmand:provider>
          <osmand:heading>312.0</osmand:heading>
          <osmand:speed>6.3</osmand:speed>
        </extensions>
      </trkpt>
      <trkpt lat="48.8571849" lon="2.3497313">
        <ele>81.3</ele>
        <time>2026-02-05T20:53:19Z</time>
        <hdop>3.2</hdop>
        <extensions>
          <osmand:provider>fused</osmand:provider>
          <osmand:heading>311.0</osmand:heading>
          <osmand:speed>7.2</osmand:speed>
        </extensions>
      </trkpt>
      <trkpt lat="48.8572107" lon="2.3496403">
        <ele>81.3</ele>
        <time>2026-02-05T20:53:20Z</time>
        <hdop>3.1</hdop>
        <extensions>
          <osmand:provider>fused</osmand:provider>
          <osmand:heading>311.0</osmand:heading>
          <osmand:speed>7.9</osmand:speed>
        </extensions>
      </trkpt>
      <trkpt lat="48.857238" lon="2.3495368">
        <ele>81.3</ele>
        <time>2026-02-05T20:53:21Z</time>
        <hdop>3.1</hdop>
        <extensions>
          <osmand:provider>fused</osmand:provider>
          <osmand:heading>310.0</osmand:heading>
          <osmand:speed>8.2</osmand:speed>
        </extensions>
      </trkpt>
      <trkpt lat="48.8572676" lon="2.3494246">
        <ele>81.3</ele>
        <time>2026-02-05T20:53:22Z</time>
        <hdop>2.9</hdop>
        <extensions>
          <osmand:provider>fused</osmand:provider>
          <osmand:heading>311.0</osmand:heading>
          <osmand:speed>8.5</osmand:speed>
        </extensions>
      </trkpt>
      <trkpt lat="48.857296" lon="2.3493225">
        <ele>81.3</ele>
        <time>2026-02-05T20:53:23Z</time>
        <hdop>2.8</hdop>
        <extensions>
          <osmand:provider>fused</osmand:provider>
          <osmand:heading>312.0</osmand:heading>
          <osmand:speed>8</osmand:speed>
        </extensions>
      </trkpt>
      <trkpt lat="48.8573254" lon="2.3492343">
        <ele>81.3</ele>
        <time>2026-02-05T20:53:24Z</time>
        <hdop>2.8</hdop>
        <extensions>
          <osmand:provider>fused</osmand:provider>
          <osmand:heading>312.0</osmand:heading>
          <osmand:speed>7.3</osmand:speed>
        </extensions>
      </trkpt>
      <trkpt lat="48.857353" lon="2.349144">
        <ele>81.3</ele>
        <time>2026-02-05T20:53:25Z</time>
        <hdop>2.8</hdop>
        <extensions>
          <osmand:provider>fused</osmand:provider>
          <osmand:heading>313.0</osmand:heading>
          <osmand:speed>6.5</osmand:speed>
        </extensions>
      </trkpt>
      <trkpt lat="48.8573777" lon="2.3490654">
        <ele>81.3</ele>
        <time>2026-02-05T20:53:26Z</time>
        <hdop>2.6</hdop>
        <extensions>
          <osmand:provider>fused</osmand:provider>
          <osmand:heading>314.0</osmand:heading>
          <osmand:speed>5.6</osmand:speed>
        </extensions>
      </trkpt>
      <trkpt lat="48.857399" lon="2.3489964">
        <ele>81.3</ele>
        <time>2026-02-05T20:53:27Z</time>
        <hdop>2.5</hdop>
        <extensions>
          <osmand:provider>fused</osmand:provider>
          <osmand:heading>315.0</osmand:heading>
          <osmand:speed>5</osmand:speed>
        </extensions>
      </trkpt>
      <trkpt lat="48.8574072" lon="2.3489391">
        <ele>81.3</ele>
        <time>2026-02-05T20:53:28Z</time>
        <hdop>2.4</hdop>
        <extensions>
          <osmand:provider>fused</osmand:provider>
          <osmand:heading>315.0</osmand:heading>
          <osmand:speed>4.1</osmand:speed>
        </extensions>
      </trkpt>
      <trkpt lat="48.8574115" lon="2.3488834">
        <ele>81.3</ele>
        <time>2026-02-05T20:53:29Z</time>
        <hdop>2.3</hdop>
        <extensions>
          <osmand:provider>fused</osmand:provider>
          <osmand:heading>315.0</osmand:heading>
          <osmand:speed>3</osmand:speed>
        </extensions>
      </trkpt>
      <trkpt lat="48.8574183" lon="2.348849">
        <ele>81.3</ele>
        <time>2026-02-05T20:53:30Z</time>
        <hdop>2.3</hdop>
        <extensions>
          <osmand:provider>fused</osmand:provider>
          <osmand:heading>314.0</osmand:heading>
          <osmand:speed>1.8</osmand:speed>
        </extensions>
      </trkpt>
      <trkpt lat="48.8574204" lon="2.348823">
        <ele>81.6</ele>
        <time>2026-02-05T20:53:31Z</time>
        <hdop>2.3</hdop>
        <extensions>
          <osmand:provider>fused</osmand:provider>
          <osmand:heading>314.0</osmand:heading>
          <osmand:speed>1.2</osmand:speed>
        </extensions>
      </trkpt>
      <trkpt lat="48.8574233" lon="2.3488161">
        <ele>81.6</ele>
        <time>2026-02-05T20:53:32Z</time>
        <hdop>2.4</hdop>
        <extensions>
          <osmand:provider>fused</osmand:provider>
          <osmand:heading>314.0</osmand:heading>
          <osmand:speed>0.3</osmand:speed>
        </extensions>
      </trkpt>
      <trkpt lat="48.8574235" lon="2.3488129">
        <ele>81.6</ele>
        <time>2026-02-05T20:53:33Z</time>
        <hdop>2.5</hdop>
        <extensions>
          <osmand:provider>fused</osmand:provider>
          <osmand:heading>312.0</osmand:heading>
          <osmand:speed>0.2</osmand:speed>
        </extensions>
      </trkpt>
      <trkpt lat="48.8574237" lon="2.3488127">
        <ele>81.6</ele>
        <time>2026-02-05T20:53:34Z</time>
        <hdop>2.7</hdop>
        <extensions>
          <osmand:provider>fused</osmand:provider>
          <osmand:heading>312.0</osmand:heading>
        </extensions>
      </trkpt>
      <trkpt lat="48.8574236" lon="2.3488129">
        <ele>81.6</ele>
        <time>2026-02-05T20:53:35Z</time>
        <hdop>2.7</hdop>
        <extensions>
          <osmand:provider>fused</osmand:provider>
          <osmand:heading>311.0</osmand:heading>
        </extensions>
      </trkpt>
      <trkpt lat="48.8574237" lon="2.3488129">
        <ele>81.6</ele>
        <time>2026-02-05T20:53:36Z</time>
        <hdop>2.8</hdop>
        <extensions>
          <osmand:provider>fused</osmand:provider>
          <osmand:heading>311.0</osmand:heading>
        </extensions>
      </trkpt>
      <trkpt lat="48.8574197" lon="2.3488088">
        <ele>81.6</ele>
        <time>2026-02-05T20:53:37Z</time>
        <hdop>2.8</hdop>
        <extensions>
          <osmand:provider>fused</osmand:provider>
          <osmand:heading>303.0</osmand:heading>
          <osmand:speed>0.1</osmand:speed>
        </extensions>
      </trkpt>
      <trkpt lat="48.8574245" lon="2.3488119">
        <ele>81.6</ele>
        <time>2026-02-05T20:53:38Z</time>
        <hdop>2.8</hdop>
        <extensions>
          <osmand:provider>fused</osmand:provider>
          <osmand:heading>309.0</osmand:heading>
          <osmand:speed>0</osmand:speed>
        </extensions>
      </trkpt>
      <trkpt lat="48.8574267" lon="2.3488136">
        <ele>83.7</ele>
        <time>2026-02-05T20:53:39Z</time>
        <hdop>2.8</hdop>
        <extensions>
          <osmand:provider>fused</osmand:provider>
          <osmand:heading>314.0</osmand:heading>
          <osmand:speed>0.2</osmand:speed>
        </extensions>
      </trkpt>
      <trkpt lat="48.8574291" lon="2.348807">
        <ele>83.7</ele>
        <time>2026-02-05T20:53:40Z</time>
        <hdop>2.9</hdop>
        <extensions>
          <osmand:provider>fused</osmand:provider>
          <osmand:heading>314.0</osmand:heading>
          <osmand:speed>0.2</osmand:speed>
        </extensions>
      </trkpt>
      <trkpt lat="48.8574291" lon="2.3488076">
        <ele>83.7</ele>
        <time>2026-02-05T20:53:41Z</time>
        <hdop>2.9</hdop>
        <extensions>
          <osmand:provider>fused</osmand:provider>
          <osmand:heading>308.0</osmand:heading>
        </extensions>
      </trkpt>
      <trkpt lat="48.8574322" lon="2.3488078">
        <ele>83.7</ele>
        <time>2026-02-05T20:53:42Z</time>
        <hdop>2.9</hdop>
        <extensions>
          <osmand:provider>fused</osmand:provider>
          <osmand:heading>300.0</osmand:heading>
          <osmand:speed>0.2</osmand:speed>
        </extensions>
      </trkpt>
      <trkpt lat="48.8574402" lon="2.3488121">
        <ele>83.7</ele>
        <time>2026-02-05T20:53:43Z</time>
        <hdop>2.9</hdop>
        <extensions>
          <osmand:provider>fused</osmand:provider>
          <osmand:heading>298.0</osmand:heading>
          <osmand:speed>0.6</osmand:speed>
        </extensions>
      </trkpt>
      <trkpt lat="48.8574456" lon="2.3488164">
        <ele>81.2</ele>
        <time>2026-02-05T20:53:44Z</time>
        <hdop>3</hdop>
        <extensions>
          <osmand:provider>fused</osmand:provider>
          <osmand:heading>298.0</osmand:heading>
          <osmand:speed>0.3</osmand:speed>
        </extensions>
      </trkpt>
      <trkpt lat="48.857445" lon="2.3488159">
        <ele>81.3</ele>
        <time>2026-02-05T20:53:45Z</time>
        <hdop>3</hdop>
        <extensions>
          <osmand:provider>fused</osmand:provider>
          <osmand:heading>298.0</osmand:heading>
        </extensions>
      </trkpt>
      <trkpt lat="48.8574447" lon="2.3488156">
        <ele>81.3</ele>
        <time>2026-02-05T20:53:46Z</time>
        <hdop>3</hdop>
        <extensions>
          <osmand:provider>fused</osmand:provider>
          <osmand:heading>306.0</osmand:heading>
        </extensions>
      </trkpt>
      <trkpt lat="48.8574447" lon="2.3488154">
        <ele>81.3</ele>
        <time>2026-02-05T20:53:47Z</time>
        <hdop>3</hdop>
        <extensions>
          <osmand:provider>fused</osmand:provider>
          <osmand:heading>316.0</osmand:heading>
        </extensions>
      </trkpt>
      <trkpt lat="48.8574448" lon="2.3488151">
        <ele>81.3</ele>
        <time>2026-02-05T20:53:48Z</time>
        <hdop>3</hdop>
        <extensions>
          <osmand:provider>fused</osmand:provider>
          <osmand:heading>320.0</osmand:heading>
        </extensions>
      </trkpt>
      <trkpt lat="48.8574449" lon="2.3488151">
        <ele>81.3</ele>
        <time>2026-02-05T20:53:49Z</time>
        <hdop>3</hdop>
        <extensions>
          <osmand:provider>fused</osmand:provider>
          <osmand:heading>321.0</osmand:heading>
        </extensions>
      </trkpt>
      <trkpt lat="48.857445" lon="2.3488153">
        <ele>81.3</ele>
        <time>2026-02-05T20:53:50Z</time>
        <hdop>3</hdop>
        <extensions>
          <osmand:provider>fused</osmand:provider>
          <osmand:heading>327.0</osmand:heading>
        </extensions>
      </trkpt>
      <trkpt lat="48.8574451" lon="2.3488155">
        <ele>81.3</ele>
        <time>2026-02-05T20:53:51Z</time>
        <hdop>3</hdop>
        <extensions>
          <osmand:provider>fused</osmand:provider>
          <osmand:heading>333.0</osmand:heading>
        </extensions>
      </trkpt>
    </trkseg>
  </trk>
  <extensions>
    <osmand:show_arrows>false</osmand:show_arrows>
    <osmand:show_start_finish>true</osmand:show_start_finish>
    <osmand:split_interval>0.0</osmand:split_interval>
    <osmand:split_type>no_split</osmand:split_type>
    <osmand:line_3d_visualization_by_type>none</osmand:line_3d_visualization_by_type>
    <osmand:line_3d_visualization_wall_color_type>none</osmand:line_3d_visualization_wall_color_type>
    <osmand:line_3d_visualization_position_type>top</osmand:line_3d_visualization_position_type>
    <osmand:vertical_exaggeration_scale>1.0</osmand:vertical_exaggeration_scale>
    <osmand:elevation_meters>1000.0</osmand:elevation_meters>
    <osmand:color>#00000000</osmand:color>
    <osmand:width></osmand:width>
    <osmand:coloring_type>solid</osmand:coloring_type>
  </extensions>
</gpx>